solid OpenSCAD_Model
  facet normal 1 -0 0
    outer loop
      vertex 40 -20 7.5
      vertex 40 20 -7.5
      vertex 40 20 7.5
    endloop
  endfacet
  facet normal 1 0 0
    outer loop
      vertex 40 20 -7.5
      vertex 40 -20 7.5
      vertex 40 -20 -7.5
    endloop
  endfacet
  facet normal 0 0 1
    outer loop
      vertex 6.87976 -18 7.5
      vertex -27.5 -18 7.5
      vertex 6.87976 -19 7.5
    endloop
  endfacet
  facet normal 0 0 1
    outer loop
      vertex 40 20 7.5
      vertex 33.2453 19 7.5
      vertex 40 -20 7.5
    endloop
  endfacet
  facet normal 0 0 1
    outer loop
      vertex 40 20 7.5
      vertex 6.87976 19 7.5
      vertex 33.2453 19 7.5
    endloop
  endfacet
  facet normal 0 0 1
    outer loop
      vertex 6.87976 19 7.5
      vertex -27.5 18 7.5
      vertex 6.87976 18 7.5
    endloop
  endfacet
  facet normal -0 0 1
    outer loop
      vertex -40 20 7.5
      vertex 6.87976 19 7.5
      vertex 40 20 7.5
    endloop
  endfacet
  facet normal 0 0 1
    outer loop
      vertex -27.5 18 7.5
      vertex -40 20 7.5
      vertex -27.5 -18 7.5
    endloop
  endfacet
  facet normal 0 0 1
    outer loop
      vertex 6.87976 19 7.5
      vertex -40 20 7.5
      vertex -27.5 18 7.5
    endloop
  endfacet
  facet normal -0 0 1
    outer loop
      vertex 33.2453 -19 7.5
      vertex 40 -20 7.5
      vertex 33.2453 19 7.5
    endloop
  endfacet
  facet normal -0 0 1
    outer loop
      vertex 6.87976 -19 7.5
      vertex 40 -20 7.5
      vertex 33.2453 -19 7.5
    endloop
  endfacet
  facet normal 0 0 1
    outer loop
      vertex -40 -20 7.5
      vertex 6.87976 -19 7.5
      vertex -27.5 -18 7.5
    endloop
  endfacet
  facet normal 0 0 1
    outer loop
      vertex 6.87976 -19 7.5
      vertex -40 -20 7.5
      vertex 40 -20 7.5
    endloop
  endfacet
  facet normal 0 0 1
    outer loop
      vertex -40 -20 7.5
      vertex -27.5 -18 7.5
      vertex -40 20 7.5
    endloop
  endfacet
  facet normal 0 0 -1
    outer loop
      vertex 33.9738 -20 -7.5
      vertex 40 20 -7.5
      vertex 40 -20 -7.5
    endloop
  endfacet
  facet normal -0 0 -1
    outer loop
      vertex 40 20 -7.5
      vertex 33.9738 -20 -7.5
      vertex 33.9738 20 -7.5
    endloop
  endfacet
  facet normal 0 0 -1
    outer loop
      vertex -40 -20 -7.5
      vertex -33.9738 20 -7.5
      vertex -33.9738 -20 -7.5
    endloop
  endfacet
  facet normal -0 0 -1
    outer loop
      vertex -33.9738 20 -7.5
      vertex -40 -20 -7.5
      vertex -40 20 -7.5
    endloop
  endfacet
  facet normal 0 0 -1
    outer loop
      vertex -10.0262 -20 -7.5
      vertex 10.0262 20 -7.5
      vertex 10.0262 -20 -7.5
    endloop
  endfacet
  facet normal -0 0 -1
    outer loop
      vertex 10.0262 20 -7.5
      vertex -10.0262 -20 -7.5
      vertex -10.0262 20 -7.5
    endloop
  endfacet
  facet normal -1 0 0
    outer loop
      vertex -40 -20 -7.5
      vertex -40 20 7.5
      vertex -40 20 -7.5
    endloop
  endfacet
  facet normal -1 -0 0
    outer loop
      vertex -40 20 7.5
      vertex -40 -20 -7.5
      vertex -40 -20 7.5
    endloop
  endfacet
  facet normal 0 1 -0
    outer loop
      vertex -20.7457 20 3.93426
      vertex -40 20 7.5
      vertex 20.7457 20 3.93426
    endloop
  endfacet
  facet normal 0 1 0
    outer loop
      vertex -40 20 7.5
      vertex -20.7457 20 3.93426
      vertex -22 20 4
    endloop
  endfacet
  facet normal 0 1 -0
    outer loop
      vertex 19.5051 20 3.73777
      vertex -20.7457 20 3.93426
      vertex 20.7457 20 3.93426
    endloop
  endfacet
  facet normal 0 1 0
    outer loop
      vertex 19.5051 20 3.73777
      vertex -19.5051 20 3.73777
      vertex -20.7457 20 3.93426
    endloop
  endfacet
  facet normal 0 1 -0
    outer loop
      vertex 18.2918 20 3.41268
      vertex -19.5051 20 3.73777
      vertex 19.5051 20 3.73777
    endloop
  endfacet
  facet normal 0 1 0
    outer loop
      vertex 18.2918 20 3.41268
      vertex -18.2918 20 3.41268
      vertex -19.5051 20 3.73777
    endloop
  endfacet
  facet normal 0 1 -0
    outer loop
      vertex 17.1192 20 2.96255
      vertex -18.2918 20 3.41268
      vertex 18.2918 20 3.41268
    endloop
  endfacet
  facet normal 0 1 0
    outer loop
      vertex 17.1192 20 2.96255
      vertex -17.1192 20 2.96255
      vertex -18.2918 20 3.41268
    endloop
  endfacet
  facet normal 0 1 -0
    outer loop
      vertex 16 20 2.3923
      vertex -17.1192 20 2.96255
      vertex 17.1192 20 2.96255
    endloop
  endfacet
  facet normal 0 1 0
    outer loop
      vertex 16 20 2.3923
      vertex -16 20 2.3923
      vertex -17.1192 20 2.96255
    endloop
  endfacet
  facet normal 0 1 -0
    outer loop
      vertex 14.9466 20 1.7082
      vertex -16 20 2.3923
      vertex 16 20 2.3923
    endloop
  endfacet
  facet normal 0 1 0
    outer loop
      vertex 14.9466 20 1.7082
      vertex -14.9466 20 1.7082
      vertex -16 20 2.3923
    endloop
  endfacet
  facet normal 0 1 -0
    outer loop
      vertex 13.9704 20 0.917737
      vertex -14.9466 20 1.7082
      vertex 14.9466 20 1.7082
    endloop
  endfacet
  facet normal 0 1 0
    outer loop
      vertex 13.9704 20 0.917737
      vertex -13.9704 20 0.917737
      vertex -14.9466 20 1.7082
    endloop
  endfacet
  facet normal 0 1 -0
    outer loop
      vertex 13.0823 20 0.0295668
      vertex -13.9704 20 0.917737
      vertex 13.9704 20 0.917737
    endloop
  endfacet
  facet normal 0 1 0
    outer loop
      vertex 13.0823 20 0.0295668
      vertex -13.0823 20 0.0295668
      vertex -13.9704 20 0.917737
    endloop
  endfacet
  facet normal 0 1 -0
    outer loop
      vertex 12.2918 20 -0.946576
      vertex -13.0823 20 0.0295668
      vertex 13.0823 20 0.0295668
    endloop
  endfacet
  facet normal 0 1 0
    outer loop
      vertex 12.2918 20 -0.946576
      vertex -12.2918 20 -0.946576
      vertex -13.0823 20 0.0295668
    endloop
  endfacet
  facet normal 0 1 -0
    outer loop
      vertex 11.6077 20 -2
      vertex -12.2918 20 -0.946576
      vertex 12.2918 20 -0.946576
    endloop
  endfacet
  facet normal 0 1 0
    outer loop
      vertex 11.6077 20 -2
      vertex -11.6077 20 -2
      vertex -12.2918 20 -0.946576
    endloop
  endfacet
  facet normal 0 1 -0
    outer loop
      vertex 11.0375 20 -3.11916
      vertex -11.6077 20 -2
      vertex 11.6077 20 -2
    endloop
  endfacet
  facet normal 0 1 0
    outer loop
      vertex 11.0375 20 -3.11916
      vertex -11.0375 20 -3.11916
      vertex -11.6077 20 -2
    endloop
  endfacet
  facet normal 0 1 -0
    outer loop
      vertex 10.5873 20 -4.2918
      vertex -11.0375 20 -3.11916
      vertex 11.0375 20 -3.11916
    endloop
  endfacet
  facet normal 0 1 0
    outer loop
      vertex 10.5873 20 -4.2918
      vertex -10.5873 20 -4.2918
      vertex -11.0375 20 -3.11916
    endloop
  endfacet
  facet normal 0 1 -0
    outer loop
      vertex 10.2622 20 -5.50506
      vertex -10.5873 20 -4.2918
      vertex 10.5873 20 -4.2918
    endloop
  endfacet
  facet normal 0 1 0
    outer loop
      vertex 10.2622 20 -5.50506
      vertex -10.2622 20 -5.50506
      vertex -10.5873 20 -4.2918
    endloop
  endfacet
  facet normal 0 1 -0
    outer loop
      vertex 10.0657 20 -6.74566
      vertex -10.2622 20 -5.50506
      vertex 10.2622 20 -5.50506
    endloop
  endfacet
  facet normal 0 1 0
    outer loop
      vertex 10.0657 20 -6.74566
      vertex -10.0657 20 -6.74566
      vertex -10.2622 20 -5.50506
    endloop
  endfacet
  facet normal 0 1 -0
    outer loop
      vertex 10.0262 20 -7.5
      vertex -10.0657 20 -6.74566
      vertex 10.0657 20 -6.74566
    endloop
  endfacet
  facet normal 0 1 0
    outer loop
      vertex -10.0657 20 -6.74566
      vertex 10.0262 20 -7.5
      vertex -10.0262 20 -7.5
    endloop
  endfacet
  facet normal 0 1 0
    outer loop
      vertex 20.7457 20 3.93426
      vertex 40 20 7.5
      vertex 22 20 4
    endloop
  endfacet
  facet normal 0 1 0
    outer loop
      vertex 40 20 7.5
      vertex 23.2543 20 3.93426
      vertex 22 20 4
    endloop
  endfacet
  facet normal 0 1 0
    outer loop
      vertex 40 20 7.5
      vertex 24.4949 20 3.73777
      vertex 23.2543 20 3.93426
    endloop
  endfacet
  facet normal 0 1 0
    outer loop
      vertex 40 20 7.5
      vertex 25.7082 20 3.41268
      vertex 24.4949 20 3.73777
    endloop
  endfacet
  facet normal 0 1 0
    outer loop
      vertex 40 20 7.5
      vertex 26.8808 20 2.96255
      vertex 25.7082 20 3.41268
    endloop
  endfacet
  facet normal 0 1 0
    outer loop
      vertex 40 20 7.5
      vertex 28 20 2.3923
      vertex 26.8808 20 2.96255
    endloop
  endfacet
  facet normal 0 1 0
    outer loop
      vertex 40 20 7.5
      vertex 29.0534 20 1.7082
      vertex 28 20 2.3923
    endloop
  endfacet
  facet normal 0 1 0
    outer loop
      vertex 40 20 7.5
      vertex 30.0296 20 0.917737
      vertex 29.0534 20 1.7082
    endloop
  endfacet
  facet normal 0 1 0
    outer loop
      vertex 40 20 7.5
      vertex 30.9177 20 0.0295668
      vertex 30.0296 20 0.917737
    endloop
  endfacet
  facet normal 0 1 0
    outer loop
      vertex 40 20 7.5
      vertex 31.7082 20 -0.946576
      vertex 30.9177 20 0.0295668
    endloop
  endfacet
  facet normal 0 1 0
    outer loop
      vertex 40 20 7.5
      vertex 32.3923 20 -2
      vertex 31.7082 20 -0.946576
    endloop
  endfacet
  facet normal 0 1 0
    outer loop
      vertex 40 20 7.5
      vertex 32.9625 20 -3.11916
      vertex 32.3923 20 -2
    endloop
  endfacet
  facet normal 0 1 -0
    outer loop
      vertex 40 20 -7.5
      vertex 32.9625 20 -3.11916
      vertex 40 20 7.5
    endloop
  endfacet
  facet normal 0 1 0
    outer loop
      vertex 32.9625 20 -3.11916
      vertex 40 20 -7.5
      vertex 33.4127 20 -4.2918
    endloop
  endfacet
  facet normal 0 1 0
    outer loop
      vertex 33.4127 20 -4.2918
      vertex 40 20 -7.5
      vertex 33.7378 20 -5.50506
    endloop
  endfacet
  facet normal 0 1 0
    outer loop
      vertex 33.7378 20 -5.50506
      vertex 40 20 -7.5
      vertex 33.9343 20 -6.74566
    endloop
  endfacet
  facet normal 0 1 0
    outer loop
      vertex 33.9343 20 -6.74566
      vertex 40 20 -7.5
      vertex 33.9738 20 -7.5
    endloop
  endfacet
  facet normal 0 1 0
    outer loop
      vertex 40 20 7.5
      vertex 20.7457 20 3.93426
      vertex -40 20 7.5
    endloop
  endfacet
  facet normal 0 1 -0
    outer loop
      vertex -23.2543 20 3.93426
      vertex -40 20 7.5
      vertex -22 20 4
    endloop
  endfacet
  facet normal 0 1 -0
    outer loop
      vertex -24.4949 20 3.73777
      vertex -40 20 7.5
      vertex -23.2543 20 3.93426
    endloop
  endfacet
  facet normal 0 1 -0
    outer loop
      vertex -25.7082 20 3.41268
      vertex -40 20 7.5
      vertex -24.4949 20 3.73777
    endloop
  endfacet
  facet normal 0 1 -0
    outer loop
      vertex -26.8808 20 2.96255
      vertex -40 20 7.5
      vertex -25.7082 20 3.41268
    endloop
  endfacet
  facet normal 0 1 -0
    outer loop
      vertex -28 20 2.3923
      vertex -40 20 7.5
      vertex -26.8808 20 2.96255
    endloop
  endfacet
  facet normal 0 1 -0
    outer loop
      vertex -29.0534 20 1.7082
      vertex -40 20 7.5
      vertex -28 20 2.3923
    endloop
  endfacet
  facet normal 0 1 -0
    outer loop
      vertex -30.0296 20 0.917737
      vertex -40 20 7.5
      vertex -29.0534 20 1.7082
    endloop
  endfacet
  facet normal 0 1 -0
    outer loop
      vertex -30.9177 20 0.0295668
      vertex -40 20 7.5
      vertex -30.0296 20 0.917737
    endloop
  endfacet
  facet normal 0 1 -0
    outer loop
      vertex -31.7082 20 -0.946576
      vertex -40 20 7.5
      vertex -30.9177 20 0.0295668
    endloop
  endfacet
  facet normal 0 1 -0
    outer loop
      vertex -32.3923 20 -2
      vertex -40 20 7.5
      vertex -31.7082 20 -0.946576
    endloop
  endfacet
  facet normal 0 1 -0
    outer loop
      vertex -32.9625 20 -3.11916
      vertex -40 20 7.5
      vertex -32.3923 20 -2
    endloop
  endfacet
  facet normal 0 1 0
    outer loop
      vertex -40 20 -7.5
      vertex -32.9625 20 -3.11916
      vertex -33.4127 20 -4.2918
    endloop
  endfacet
  facet normal 0 1 0
    outer loop
      vertex -40 20 -7.5
      vertex -33.4127 20 -4.2918
      vertex -33.7378 20 -5.50506
    endloop
  endfacet
  facet normal 0 1 0
    outer loop
      vertex -40 20 -7.5
      vertex -33.7378 20 -5.50506
      vertex -33.9343 20 -6.74566
    endloop
  endfacet
  facet normal 0 1 0
    outer loop
      vertex -40 20 -7.5
      vertex -33.9343 20 -6.74566
      vertex -33.9738 20 -7.5
    endloop
  endfacet
  facet normal 0 1 0
    outer loop
      vertex -32.9625 20 -3.11916
      vertex -40 20 -7.5
      vertex -40 20 7.5
    endloop
  endfacet
  facet normal 0 -1 0
    outer loop
      vertex 20.7457 -20 3.93426
      vertex 40 -20 7.5
      vertex -20.7457 -20 3.93426
    endloop
  endfacet
  facet normal 0 -1 0
    outer loop
      vertex 40 -20 7.5
      vertex 20.7457 -20 3.93426
      vertex 22 -20 4
    endloop
  endfacet
  facet normal 0 -1 0
    outer loop
      vertex -19.5051 -20 3.73777
      vertex 20.7457 -20 3.93426
      vertex -20.7457 -20 3.93426
    endloop
  endfacet
  facet normal 0 -1 0
    outer loop
      vertex -19.5051 -20 3.73777
      vertex 19.5051 -20 3.73777
      vertex 20.7457 -20 3.93426
    endloop
  endfacet
  facet normal 0 -1 0
    outer loop
      vertex -18.2918 -20 3.41268
      vertex 19.5051 -20 3.73777
      vertex -19.5051 -20 3.73777
    endloop
  endfacet
  facet normal 0 -1 0
    outer loop
      vertex -18.2918 -20 3.41268
      vertex 18.2918 -20 3.41268
      vertex 19.5051 -20 3.73777
    endloop
  endfacet
  facet normal 0 -1 0
    outer loop
      vertex -17.1192 -20 2.96255
      vertex 18.2918 -20 3.41268
      vertex -18.2918 -20 3.41268
    endloop
  endfacet
  facet normal 0 -1 0
    outer loop
      vertex -17.1192 -20 2.96255
      vertex 17.1192 -20 2.96255
      vertex 18.2918 -20 3.41268
    endloop
  endfacet
  facet normal 0 -1 0
    outer loop
      vertex -16 -20 2.3923
      vertex 17.1192 -20 2.96255
      vertex -17.1192 -20 2.96255
    endloop
  endfacet
  facet normal 0 -1 0
    outer loop
      vertex -16 -20 2.3923
      vertex 16 -20 2.3923
      vertex 17.1192 -20 2.96255
    endloop
  endfacet
  facet normal 0 -1 0
    outer loop
      vertex -14.9466 -20 1.7082
      vertex 16 -20 2.3923
      vertex -16 -20 2.3923
    endloop
  endfacet
  facet normal 0 -1 0
    outer loop
      vertex -14.9466 -20 1.7082
      vertex 14.9466 -20 1.7082
      vertex 16 -20 2.3923
    endloop
  endfacet
  facet normal 0 -1 0
    outer loop
      vertex -13.9704 -20 0.917737
      vertex 14.9466 -20 1.7082
      vertex -14.9466 -20 1.7082
    endloop
  endfacet
  facet normal 0 -1 0
    outer loop
      vertex -13.9704 -20 0.917737
      vertex 13.9704 -20 0.917737
      vertex 14.9466 -20 1.7082
    endloop
  endfacet
  facet normal 0 -1 0
    outer loop
      vertex -13.0823 -20 0.0295668
      vertex 13.9704 -20 0.917737
      vertex -13.9704 -20 0.917737
    endloop
  endfacet
  facet normal 0 -1 0
    outer loop
      vertex -13.0823 -20 0.0295668
      vertex 13.0823 -20 0.0295668
      vertex 13.9704 -20 0.917737
    endloop
  endfacet
  facet normal 0 -1 0
    outer loop
      vertex -12.2918 -20 -0.946576
      vertex 13.0823 -20 0.0295668
      vertex -13.0823 -20 0.0295668
    endloop
  endfacet
  facet normal 0 -1 0
    outer loop
      vertex -12.2918 -20 -0.946576
      vertex 12.2918 -20 -0.946576
      vertex 13.0823 -20 0.0295668
    endloop
  endfacet
  facet normal 0 -1 0
    outer loop
      vertex -11.6077 -20 -2
      vertex 12.2918 -20 -0.946576
      vertex -12.2918 -20 -0.946576
    endloop
  endfacet
  facet normal 0 -1 0
    outer loop
      vertex -11.6077 -20 -2
      vertex 11.6077 -20 -2
      vertex 12.2918 -20 -0.946576
    endloop
  endfacet
  facet normal 0 -1 0
    outer loop
      vertex -11.0375 -20 -3.11916
      vertex 11.6077 -20 -2
      vertex -11.6077 -20 -2
    endloop
  endfacet
  facet normal 0 -1 0
    outer loop
      vertex -11.0375 -20 -3.11916
      vertex 11.0375 -20 -3.11916
      vertex 11.6077 -20 -2
    endloop
  endfacet
  facet normal 0 -1 0
    outer loop
      vertex -10.5873 -20 -4.2918
      vertex 11.0375 -20 -3.11916
      vertex -11.0375 -20 -3.11916
    endloop
  endfacet
  facet normal 0 -1 0
    outer loop
      vertex -10.5873 -20 -4.2918
      vertex 10.5873 -20 -4.2918
      vertex 11.0375 -20 -3.11916
    endloop
  endfacet
  facet normal 0 -1 0
    outer loop
      vertex -10.2622 -20 -5.50506
      vertex 10.5873 -20 -4.2918
      vertex -10.5873 -20 -4.2918
    endloop
  endfacet
  facet normal 0 -1 0
    outer loop
      vertex -10.2622 -20 -5.50506
      vertex 10.2622 -20 -5.50506
      vertex 10.5873 -20 -4.2918
    endloop
  endfacet
  facet normal 0 -1 0
    outer loop
      vertex -10.0657 -20 -6.74566
      vertex 10.2622 -20 -5.50506
      vertex -10.2622 -20 -5.50506
    endloop
  endfacet
  facet normal 0 -1 0
    outer loop
      vertex -10.0657 -20 -6.74566
      vertex 10.0657 -20 -6.74566
      vertex 10.2622 -20 -5.50506
    endloop
  endfacet
  facet normal 0 -1 0
    outer loop
      vertex -10.0262 -20 -7.5
      vertex 10.0657 -20 -6.74566
      vertex -10.0657 -20 -6.74566
    endloop
  endfacet
  facet normal 0 -1 0
    outer loop
      vertex 10.0657 -20 -6.74566
      vertex -10.0262 -20 -7.5
      vertex 10.0262 -20 -7.5
    endloop
  endfacet
  facet normal 0 -1 0
    outer loop
      vertex -20.7457 -20 3.93426
      vertex -40 -20 7.5
      vertex -22 -20 4
    endloop
  endfacet
  facet normal 0 -1 0
    outer loop
      vertex -40 -20 7.5
      vertex -23.2543 -20 3.93426
      vertex -22 -20 4
    endloop
  endfacet
  facet normal 0 -1 0
    outer loop
      vertex -40 -20 7.5
      vertex -24.4949 -20 3.73777
      vertex -23.2543 -20 3.93426
    endloop
  endfacet
  facet normal 0 -1 0
    outer loop
      vertex -40 -20 7.5
      vertex -25.7082 -20 3.41268
      vertex -24.4949 -20 3.73777
    endloop
  endfacet
  facet normal 0 -1 0
    outer loop
      vertex -40 -20 7.5
      vertex -26.8808 -20 2.96255
      vertex -25.7082 -20 3.41268
    endloop
  endfacet
  facet normal 0 -1 0
    outer loop
      vertex -40 -20 7.5
      vertex -28 -20 2.3923
      vertex -26.8808 -20 2.96255
    endloop
  endfacet
  facet normal 0 -1 0
    outer loop
      vertex -40 -20 7.5
      vertex -29.0534 -20 1.7082
      vertex -28 -20 2.3923
    endloop
  endfacet
  facet normal 0 -1 0
    outer loop
      vertex -40 -20 7.5
      vertex -30.0296 -20 0.917737
      vertex -29.0534 -20 1.7082
    endloop
  endfacet
  facet normal 0 -1 0
    outer loop
      vertex -40 -20 7.5
      vertex -30.9177 -20 0.0295668
      vertex -30.0296 -20 0.917737
    endloop
  endfacet
  facet normal 0 -1 0
    outer loop
      vertex -40 -20 7.5
      vertex -31.7082 -20 -0.946576
      vertex -30.9177 -20 0.0295668
    endloop
  endfacet
  facet normal 0 -1 0
    outer loop
      vertex -40 -20 7.5
      vertex -32.3923 -20 -2
      vertex -31.7082 -20 -0.946576
    endloop
  endfacet
  facet normal 0 -1 0
    outer loop
      vertex -40 -20 7.5
      vertex -32.9625 -20 -3.11916
      vertex -32.3923 -20 -2
    endloop
  endfacet
  facet normal 0 -1 0
    outer loop
      vertex -40 -20 -7.5
      vertex -32.9625 -20 -3.11916
      vertex -40 -20 7.5
    endloop
  endfacet
  facet normal 0 -1 0
    outer loop
      vertex -32.9625 -20 -3.11916
      vertex -40 -20 -7.5
      vertex -33.4127 -20 -4.2918
    endloop
  endfacet
  facet normal 0 -1 0
    outer loop
      vertex -33.4127 -20 -4.2918
      vertex -40 -20 -7.5
      vertex -33.7378 -20 -5.50506
    endloop
  endfacet
  facet normal 0 -1 0
    outer loop
      vertex -33.7378 -20 -5.50506
      vertex -40 -20 -7.5
      vertex -33.9343 -20 -6.74566
    endloop
  endfacet
  facet normal 0 -1 0
    outer loop
      vertex -33.9343 -20 -6.74566
      vertex -40 -20 -7.5
      vertex -33.9738 -20 -7.5
    endloop
  endfacet
  facet normal 0 -1 0
    outer loop
      vertex -40 -20 7.5
      vertex -20.7457 -20 3.93426
      vertex 40 -20 7.5
    endloop
  endfacet
  facet normal 0 -1 0
    outer loop
      vertex 23.2543 -20 3.93426
      vertex 40 -20 7.5
      vertex 22 -20 4
    endloop
  endfacet
  facet normal 0 -1 0
    outer loop
      vertex 24.4949 -20 3.73777
      vertex 40 -20 7.5
      vertex 23.2543 -20 3.93426
    endloop
  endfacet
  facet normal 0 -1 0
    outer loop
      vertex 25.7082 -20 3.41268
      vertex 40 -20 7.5
      vertex 24.4949 -20 3.73777
    endloop
  endfacet
  facet normal 0 -1 0
    outer loop
      vertex 26.8808 -20 2.96255
      vertex 40 -20 7.5
      vertex 25.7082 -20 3.41268
    endloop
  endfacet
  facet normal 0 -1 0
    outer loop
      vertex 28 -20 2.3923
      vertex 40 -20 7.5
      vertex 26.8808 -20 2.96255
    endloop
  endfacet
  facet normal 0 -1 0
    outer loop
      vertex 29.0534 -20 1.7082
      vertex 40 -20 7.5
      vertex 28 -20 2.3923
    endloop
  endfacet
  facet normal 0 -1 0
    outer loop
      vertex 30.0296 -20 0.917737
      vertex 40 -20 7.5
      vertex 29.0534 -20 1.7082
    endloop
  endfacet
  facet normal 0 -1 0
    outer loop
      vertex 30.9177 -20 0.0295668
      vertex 40 -20 7.5
      vertex 30.0296 -20 0.917737
    endloop
  endfacet
  facet normal 0 -1 0
    outer loop
      vertex 31.7082 -20 -0.946576
      vertex 40 -20 7.5
      vertex 30.9177 -20 0.0295668
    endloop
  endfacet
  facet normal 0 -1 0
    outer loop
      vertex 32.3923 -20 -2
      vertex 40 -20 7.5
      vertex 31.7082 -20 -0.946576
    endloop
  endfacet
  facet normal 0 -1 0
    outer loop
      vertex 32.9625 -20 -3.11916
      vertex 40 -20 7.5
      vertex 32.3923 -20 -2
    endloop
  endfacet
  facet normal 0 -1 0
    outer loop
      vertex 40 -20 -7.5
      vertex 32.9625 -20 -3.11916
      vertex 33.4127 -20 -4.2918
    endloop
  endfacet
  facet normal 0 -1 0
    outer loop
      vertex 40 -20 -7.5
      vertex 33.4127 -20 -4.2918
      vertex 33.7378 -20 -5.50506
    endloop
  endfacet
  facet normal 0 -1 0
    outer loop
      vertex 40 -20 -7.5
      vertex 33.7378 -20 -5.50506
      vertex 33.9343 -20 -6.74566
    endloop
  endfacet
  facet normal 0 -1 0
    outer loop
      vertex 40 -20 -7.5
      vertex 33.9343 -20 -6.74566
      vertex 33.9738 -20 -7.5
    endloop
  endfacet
  facet normal 0 -1 0
    outer loop
      vertex 32.9625 -20 -3.11916
      vertex 40 -20 -7.5
      vertex 40 -20 7.5
    endloop
  endfacet
  facet normal 1 -0 0
    outer loop
      vertex 17.5 -18 18.5
      vertex 17.5 18 12.411
      vertex 17.5 18 18.5
    endloop
  endfacet
  facet normal 1 0 0
    outer loop
      vertex 17.5 18 12.411
      vertex 17.5 -18 18.5
      vertex 17.5 -18 12.411
    endloop
  endfacet
  facet normal 0 0 1
    outer loop
      vertex 17.5 18 18.5
      vertex 10.5566 17 18.5
      vertex 17.5 -18 18.5
    endloop
  endfacet
  facet normal 0 0 1
    outer loop
      vertex 17.5 18 18.5
      vertex 8.24722 17 18.5
      vertex 10.5566 17 18.5
    endloop
  endfacet
  facet normal 0 0 1
    outer loop
      vertex 8.24722 17 18.5
      vertex -27.5 18 18.5
      vertex 8.24722 -17 18.5
    endloop
  endfacet
  facet normal -0 0 1
    outer loop
      vertex -27.5 18 18.5
      vertex 8.24722 17 18.5
      vertex 17.5 18 18.5
    endloop
  endfacet
  facet normal -0 0 1
    outer loop
      vertex 10.5566 -17 18.5
      vertex 17.5 -18 18.5
      vertex 10.5566 17 18.5
    endloop
  endfacet
  facet normal -0 0 1
    outer loop
      vertex 8.24722 -17 18.5
      vertex 17.5 -18 18.5
      vertex 10.5566 -17 18.5
    endloop
  endfacet
  facet normal 0 0 1
    outer loop
      vertex 8.24722 -17 18.5
      vertex -27.5 -18 18.5
      vertex 17.5 -18 18.5
    endloop
  endfacet
  facet normal 0 0 1
    outer loop
      vertex -27.5 -18 18.5
      vertex 8.24722 -17 18.5
      vertex -27.5 18 18.5
    endloop
  endfacet
  facet normal -1 0 0
    outer loop
      vertex -27.5 -18 7.5
      vertex -27.5 18 18.5
      vertex -27.5 18 7.5
    endloop
  endfacet
  facet normal -1 -0 0
    outer loop
      vertex -27.5 18 18.5
      vertex -27.5 -18 7.5
      vertex -27.5 -18 18.5
    endloop
  endfacet
  facet normal 0 1 0
    outer loop
      vertex 6.54374 18 8.42321
      vertex 17.5 18 18.5
      vertex 17.5 18 12.411
    endloop
  endfacet
  facet normal 0 1 0
    outer loop
      vertex 17.5 18 18.5
      vertex 6.54374 18 8.42321
      vertex -27.5 18 18.5
    endloop
  endfacet
  facet normal 0 1 0
    outer loop
      vertex -27.5 18 7.5
      vertex 6.54374 18 8.42321
      vertex 6.87976 18 7.5
    endloop
  endfacet
  facet normal 0 1 0
    outer loop
      vertex 6.54374 18 8.42321
      vertex -27.5 18 7.5
      vertex -27.5 18 18.5
    endloop
  endfacet
  facet normal 0 -1 0
    outer loop
      vertex 6.54374 -18 8.42321
      vertex 17.5 -18 18.5
      vertex -27.5 -18 18.5
    endloop
  endfacet
  facet normal 0 -1 -0
    outer loop
      vertex 17.5 -18 18.5
      vertex 6.54374 -18 8.42321
      vertex 17.5 -18 12.411
    endloop
  endfacet
  facet normal 0 -1 0
    outer loop
      vertex -27.5 -18 7.5
      vertex 6.54374 -18 8.42321
      vertex -27.5 -18 18.5
    endloop
  endfacet
  facet normal 0 -1 -0
    outer loop
      vertex 6.54374 -18 8.42321
      vertex -27.5 -18 7.5
      vertex 6.87976 -18 7.5
    endloop
  endfacet
  facet normal -0.342016 0 0.939694
    outer loop
      vertex 30.0361 19 16.9737
      vertex 17.5 18 12.411
      vertex 30.0361 -19 16.9737
    endloop
  endfacet
  facet normal -0.342019 4.82686e-05 0.939693
    outer loop
      vertex 6.54374 19 8.42321
      vertex 17.5 18 12.411
      vertex 30.0361 19 16.9737
    endloop
  endfacet
  facet normal -0.342023 0 0.939692
    outer loop
      vertex 17.5 18 12.411
      vertex 6.54374 19 8.42321
      vertex 6.54374 18 8.42321
    endloop
  endfacet
  facet normal -0.342016 0 0.939694
    outer loop
      vertex 17.5 -18 12.411
      vertex 30.0361 -19 16.9737
      vertex 17.5 18 12.411
    endloop
  endfacet
  facet normal -0.342023 0 0.939692
    outer loop
      vertex 6.54374 -19 8.42321
      vertex 17.5 -18 12.411
      vertex 6.54374 -18 8.42321
    endloop
  endfacet
  facet normal -0.342019 -4.82686e-05 0.939693
    outer loop
      vertex 17.5 -18 12.411
      vertex 6.54374 -19 8.42321
      vertex 30.0361 -19 16.9737
    endloop
  endfacet
  facet normal 0.939692 -0 0.342021
    outer loop
      vertex 30.0361 -19 16.9737
      vertex 33.4563 19 7.57679
      vertex 30.0361 19 16.9737
    endloop
  endfacet
  facet normal 0.939692 0 0.342021
    outer loop
      vertex 33.4563 19 7.57679
      vertex 30.0361 -19 16.9737
      vertex 33.4563 -19 7.57679
    endloop
  endfacet
  facet normal 0.34199 0 -0.939704
    outer loop
      vertex 33.2453 -19 7.5
      vertex 33.4563 19 7.57679
      vertex 33.4563 -19 7.57679
    endloop
  endfacet
  facet normal 0.34199 0 -0.939704
    outer loop
      vertex 33.4563 19 7.57679
      vertex 33.2453 -19 7.5
      vertex 33.2453 19 7.5
    endloop
  endfacet
  facet normal 0 1 -0
    outer loop
      vertex 33.2453 19 7.5
      vertex 30.0361 19 16.9737
      vertex 33.4563 19 7.57679
    endloop
  endfacet
  facet normal 0 1 0
    outer loop
      vertex 6.87976 19 7.5
      vertex 30.0361 19 16.9737
      vertex 33.2453 19 7.5
    endloop
  endfacet
  facet normal 0 1 0
    outer loop
      vertex 30.0361 19 16.9737
      vertex 6.87976 19 7.5
      vertex 6.54374 19 8.42321
    endloop
  endfacet
  facet normal -0.939693 0 -0.342019
    outer loop
      vertex 6.87976 -19 7.5
      vertex 6.54374 -18 8.42321
      vertex 6.87976 -18 7.5
    endloop
  endfacet
  facet normal -0.939693 -0 -0.342019
    outer loop
      vertex 6.54374 -18 8.42321
      vertex 6.87976 -19 7.5
      vertex 6.54374 -19 8.42321
    endloop
  endfacet
  facet normal -0.939693 0 -0.342019
    outer loop
      vertex 6.87976 18 7.5
      vertex 6.54374 19 8.42321
      vertex 6.87976 19 7.5
    endloop
  endfacet
  facet normal -0.939693 -0 -0.342019
    outer loop
      vertex 6.54374 19 8.42321
      vertex 6.87976 18 7.5
      vertex 6.54374 18 8.42321
    endloop
  endfacet
  facet normal 0 -1 0
    outer loop
      vertex 6.87976 -19 7.5
      vertex 30.0361 -19 16.9737
      vertex 6.54374 -19 8.42321
    endloop
  endfacet
  facet normal 0 -1 -0
    outer loop
      vertex 30.0361 -19 16.9737
      vertex 6.87976 -19 7.5
      vertex 33.2453 -19 7.5
    endloop
  endfacet
  facet normal 0 -1 0
    outer loop
      vertex 30.0361 -19 16.9737
      vertex 33.2453 -19 7.5
      vertex 33.4563 -19 7.57679
    endloop
  endfacet
  facet normal 0.933563 0 -0.358414
    outer loop
      vertex -32.9625 -20 -3.11916
      vertex -33.4127 20 -4.2918
      vertex -32.9625 20 -3.11916
    endloop
  endfacet
  facet normal 0.933563 0 -0.358414
    outer loop
      vertex -33.4127 20 -4.2918
      vertex -32.9625 -20 -3.11916
      vertex -33.4127 -20 -4.2918
    endloop
  endfacet
  facet normal -0.987687 0 -0.156441
    outer loop
      vertex -10.0657 -20 -6.74566
      vertex -10.2622 20 -5.50506
      vertex -10.0657 20 -6.74566
    endloop
  endfacet
  facet normal -0.987687 -0 -0.156441
    outer loop
      vertex -10.2622 20 -5.50506
      vertex -10.0657 -20 -6.74566
      vertex -10.2622 -20 -5.50506
    endloop
  endfacet
  facet normal -0.998632 0 -0.052292
    outer loop
      vertex -10.0262 -20 -7.5
      vertex -10.0657 20 -6.74566
      vertex -10.0262 20 -7.5
    endloop
  endfacet
  facet normal -0.998632 -0 -0.052292
    outer loop
      vertex -10.0657 20 -6.74566
      vertex -10.0262 -20 -7.5
      vertex -10.0657 -20 -6.74566
    endloop
  endfacet
  facet normal -0.358376 0 -0.933577
    outer loop
      vertex -18.2918 -20 3.41268
      vertex -17.1192 20 2.96255
      vertex -17.1192 -20 2.96255
    endloop
  endfacet
  facet normal -0.358376 0 -0.933577
    outer loop
      vertex -17.1192 20 2.96255
      vertex -18.2918 -20 3.41268
      vertex -18.2918 20 3.41268
    endloop
  endfacet
  facet normal 0.965924 0 -0.258825
    outer loop
      vertex -33.4127 -20 -4.2918
      vertex -33.7378 20 -5.50506
      vertex -33.4127 20 -4.2918
    endloop
  endfacet
  facet normal 0.965924 0 -0.258825
    outer loop
      vertex -33.7378 20 -5.50506
      vertex -33.4127 -20 -4.2918
      vertex -33.7378 -20 -5.50506
    endloop
  endfacet
  facet normal 0.25881 0 -0.965928
    outer loop
      vertex -25.7082 -20 3.41268
      vertex -24.4949 20 3.73777
      vertex -24.4949 -20 3.73777
    endloop
  endfacet
  facet normal 0.25881 0 -0.965928
    outer loop
      vertex -24.4949 20 3.73777
      vertex -25.7082 -20 3.41268
      vertex -25.7082 20 3.41268
    endloop
  endfacet
  facet normal 0.453984 0 -0.89101
    outer loop
      vertex -28 -20 2.3923
      vertex -26.8808 20 2.96255
      vertex -26.8808 -20 2.96255
    endloop
  endfacet
  facet normal 0.453984 0 -0.89101
    outer loop
      vertex -26.8808 20 2.96255
      vertex -28 -20 2.3923
      vertex -28 20 2.3923
    endloop
  endfacet
  facet normal 0.89102 0 -0.453965
    outer loop
      vertex -32.3923 -20 -2
      vertex -32.9625 20 -3.11916
      vertex -32.3923 20 -2
    endloop
  endfacet
  facet normal 0.89102 0 -0.453965
    outer loop
      vertex -32.9625 20 -3.11916
      vertex -32.3923 -20 -2
      vertex -32.9625 -20 -3.11916
    endloop
  endfacet
  facet normal 0.358376 0 -0.933577
    outer loop
      vertex -26.8808 -20 2.96255
      vertex -25.7082 20 3.41268
      vertex -25.7082 -20 3.41268
    endloop
  endfacet
  facet normal 0.358376 0 -0.933577
    outer loop
      vertex -25.7082 20 3.41268
      vertex -26.8808 -20 2.96255
      vertex -26.8808 20 2.96255
    endloop
  endfacet
  facet normal 0.777132 0 -0.629337
    outer loop
      vertex -30.9177 -20 0.0295668
      vertex -31.7082 20 -0.946576
      vertex -30.9177 20 0.0295668
    endloop
  endfacet
  facet normal 0.777132 0 -0.629337
    outer loop
      vertex -31.7082 20 -0.946576
      vertex -30.9177 -20 0.0295668
      vertex -31.7082 -20 -0.946576
    endloop
  endfacet
  facet normal -0.965924 0 -0.258825
    outer loop
      vertex -10.2622 -20 -5.50506
      vertex -10.5873 20 -4.2918
      vertex -10.2622 20 -5.50506
    endloop
  endfacet
  facet normal -0.965924 -0 -0.258825
    outer loop
      vertex -10.5873 20 -4.2918
      vertex -10.2622 -20 -5.50506
      vertex -10.5873 -20 -4.2918
    endloop
  endfacet
  facet normal 0.629297 0 -0.777165
    outer loop
      vertex -30.0296 -20 0.917737
      vertex -29.0534 20 1.7082
      vertex -29.0534 -20 1.7082
    endloop
  endfacet
  facet normal 0.629297 0 -0.777165
    outer loop
      vertex -29.0534 20 1.7082
      vertex -30.0296 -20 0.917737
      vertex -30.0296 20 0.917737
    endloop
  endfacet
  facet normal -0.89102 0 -0.453965
    outer loop
      vertex -11.0375 -20 -3.11916
      vertex -11.6077 20 -2
      vertex -11.0375 20 -3.11916
    endloop
  endfacet
  facet normal -0.89102 -0 -0.453965
    outer loop
      vertex -11.6077 20 -2
      vertex -11.0375 -20 -3.11916
      vertex -11.6077 -20 -2
    endloop
  endfacet
  facet normal -0.453984 0 -0.89101
    outer loop
      vertex -17.1192 -20 2.96255
      vertex -16 20 2.3923
      vertex -16 -20 2.3923
    endloop
  endfacet
  facet normal -0.453984 0 -0.89101
    outer loop
      vertex -16 20 2.3923
      vertex -17.1192 -20 2.96255
      vertex -17.1192 20 2.96255
    endloop
  endfacet
  facet normal -0.838671 0 -0.544638
    outer loop
      vertex -11.6077 -20 -2
      vertex -12.2918 20 -0.946576
      vertex -11.6077 20 -2
    endloop
  endfacet
  facet normal -0.838671 -0 -0.544638
    outer loop
      vertex -12.2918 20 -0.946576
      vertex -11.6077 -20 -2
      vertex -12.2918 -20 -0.946576
    endloop
  endfacet
  facet normal 0.987687 0 -0.156441
    outer loop
      vertex -33.7378 -20 -5.50506
      vertex -33.9343 20 -6.74566
      vertex -33.7378 20 -5.50506
    endloop
  endfacet
  facet normal 0.987687 0 -0.156441
    outer loop
      vertex -33.9343 20 -6.74566
      vertex -33.7378 -20 -5.50506
      vertex -33.9343 -20 -6.74566
    endloop
  endfacet
  facet normal -0.629297 0 -0.777165
    outer loop
      vertex -14.9466 -20 1.7082
      vertex -13.9704 20 0.917737
      vertex -13.9704 -20 0.917737
    endloop
  endfacet
  facet normal -0.629297 0 -0.777165
    outer loop
      vertex -13.9704 20 0.917737
      vertex -14.9466 -20 1.7082
      vertex -14.9466 20 1.7082
    endloop
  endfacet
  facet normal -0.707135 0 -0.707079
    outer loop
      vertex -13.0823 -20 0.0295668
      vertex -13.9704 20 0.917737
      vertex -13.0823 20 0.0295668
    endloop
  endfacet
  facet normal -0.707135 -0 -0.707079
    outer loop
      vertex -13.9704 20 0.917737
      vertex -13.0823 -20 0.0295668
      vertex -13.9704 -20 0.917737
    endloop
  endfacet
  facet normal 0.707135 0 -0.707079
    outer loop
      vertex -30.0296 -20 0.917737
      vertex -30.9177 20 0.0295668
      vertex -30.0296 20 0.917737
    endloop
  endfacet
  facet normal 0.707135 0 -0.707079
    outer loop
      vertex -30.9177 20 0.0295668
      vertex -30.0296 -20 0.917737
      vertex -30.9177 -20 0.0295668
    endloop
  endfacet
  facet normal -0.777132 0 -0.629337
    outer loop
      vertex -12.2918 -20 -0.946576
      vertex -13.0823 20 0.0295668
      vertex -12.2918 20 -0.946576
    endloop
  endfacet
  facet normal -0.777132 -0 -0.629337
    outer loop
      vertex -13.0823 20 0.0295668
      vertex -12.2918 -20 -0.946576
      vertex -13.0823 -20 0.0295668
    endloop
  endfacet
  facet normal -0.933563 0 -0.358414
    outer loop
      vertex -10.5873 -20 -4.2918
      vertex -11.0375 20 -3.11916
      vertex -10.5873 20 -4.2918
    endloop
  endfacet
  facet normal -0.933563 -0 -0.358414
    outer loop
      vertex -11.0375 20 -3.11916
      vertex -10.5873 -20 -4.2918
      vertex -11.0375 -20 -3.11916
    endloop
  endfacet
  facet normal -0.25881 0 -0.965928
    outer loop
      vertex -19.5051 -20 3.73777
      vertex -18.2918 20 3.41268
      vertex -18.2918 -20 3.41268
    endloop
  endfacet
  facet normal -0.25881 0 -0.965928
    outer loop
      vertex -18.2918 20 3.41268
      vertex -19.5051 -20 3.73777
      vertex -19.5051 20 3.73777
    endloop
  endfacet
  facet normal -0.544647 0 -0.838665
    outer loop
      vertex -16 -20 2.3923
      vertex -14.9466 20 1.7082
      vertex -14.9466 -20 1.7082
    endloop
  endfacet
  facet normal -0.544647 0 -0.838665
    outer loop
      vertex -14.9466 20 1.7082
      vertex -16 -20 2.3923
      vertex -16 20 2.3923
    endloop
  endfacet
  facet normal -0.156433 0 -0.987689
    outer loop
      vertex -20.7457 -20 3.93426
      vertex -19.5051 20 3.73777
      vertex -19.5051 -20 3.73777
    endloop
  endfacet
  facet normal -0.156433 0 -0.987689
    outer loop
      vertex -19.5051 20 3.73777
      vertex -20.7457 -20 3.93426
      vertex -20.7457 20 3.93426
    endloop
  endfacet
  facet normal -0.0523399 0 -0.998629
    outer loop
      vertex -22 -20 4
      vertex -20.7457 20 3.93426
      vertex -20.7457 -20 3.93426
    endloop
  endfacet
  facet normal -0.0523399 0 -0.998629
    outer loop
      vertex -20.7457 20 3.93426
      vertex -22 -20 4
      vertex -22 20 4
    endloop
  endfacet
  facet normal 0.156433 0 -0.987689
    outer loop
      vertex -24.4949 -20 3.73777
      vertex -23.2543 20 3.93426
      vertex -23.2543 -20 3.93426
    endloop
  endfacet
  facet normal 0.156433 0 -0.987689
    outer loop
      vertex -23.2543 20 3.93426
      vertex -24.4949 -20 3.73777
      vertex -24.4949 20 3.73777
    endloop
  endfacet
  facet normal 0.0523399 0 -0.998629
    outer loop
      vertex -23.2543 -20 3.93426
      vertex -22 20 4
      vertex -22 -20 4
    endloop
  endfacet
  facet normal 0.0523399 0 -0.998629
    outer loop
      vertex -22 20 4
      vertex -23.2543 -20 3.93426
      vertex -23.2543 20 3.93426
    endloop
  endfacet
  facet normal 0.838671 0 -0.544638
    outer loop
      vertex -31.7082 -20 -0.946576
      vertex -32.3923 20 -2
      vertex -31.7082 20 -0.946576
    endloop
  endfacet
  facet normal 0.838671 0 -0.544638
    outer loop
      vertex -32.3923 20 -2
      vertex -31.7082 -20 -0.946576
      vertex -32.3923 -20 -2
    endloop
  endfacet
  facet normal 0.544647 0 -0.838665
    outer loop
      vertex -29.0534 -20 1.7082
      vertex -28 20 2.3923
      vertex -28 -20 2.3923
    endloop
  endfacet
  facet normal 0.544647 0 -0.838665
    outer loop
      vertex -28 20 2.3923
      vertex -29.0534 -20 1.7082
      vertex -29.0534 20 1.7082
    endloop
  endfacet
  facet normal 0.998632 0 -0.052292
    outer loop
      vertex -33.9343 -20 -6.74566
      vertex -33.9738 20 -7.5
      vertex -33.9343 20 -6.74566
    endloop
  endfacet
  facet normal 0.998632 0 -0.052292
    outer loop
      vertex -33.9738 20 -7.5
      vertex -33.9343 -20 -6.74566
      vertex -33.9738 -20 -7.5
    endloop
  endfacet
  facet normal -0.987687 0 -0.156441
    outer loop
      vertex 33.9343 -20 -6.74566
      vertex 33.7378 20 -5.50506
      vertex 33.9343 20 -6.74566
    endloop
  endfacet
  facet normal -0.987687 -0 -0.156441
    outer loop
      vertex 33.7378 20 -5.50506
      vertex 33.9343 -20 -6.74566
      vertex 33.7378 -20 -5.50506
    endloop
  endfacet
  facet normal -0.998632 0 -0.052292
    outer loop
      vertex 33.9738 -20 -7.5
      vertex 33.9343 20 -6.74566
      vertex 33.9738 20 -7.5
    endloop
  endfacet
  facet normal -0.998632 -0 -0.052292
    outer loop
      vertex 33.9343 20 -6.74566
      vertex 33.9738 -20 -7.5
      vertex 33.9343 -20 -6.74566
    endloop
  endfacet
  facet normal -0.965924 0 -0.258825
    outer loop
      vertex 33.7378 -20 -5.50506
      vertex 33.4127 20 -4.2918
      vertex 33.7378 20 -5.50506
    endloop
  endfacet
  facet normal -0.965924 -0 -0.258825
    outer loop
      vertex 33.4127 20 -4.2918
      vertex 33.7378 -20 -5.50506
      vertex 33.4127 -20 -4.2918
    endloop
  endfacet
  facet normal 0.25881 0 -0.965928
    outer loop
      vertex 18.2918 -20 3.41268
      vertex 19.5051 20 3.73777
      vertex 19.5051 -20 3.73777
    endloop
  endfacet
  facet normal 0.25881 0 -0.965928
    outer loop
      vertex 19.5051 20 3.73777
      vertex 18.2918 -20 3.41268
      vertex 18.2918 20 3.41268
    endloop
  endfacet
  facet normal -0.544647 0 -0.838665
    outer loop
      vertex 28 -20 2.3923
      vertex 29.0534 20 1.7082
      vertex 29.0534 -20 1.7082
    endloop
  endfacet
  facet normal -0.544647 0 -0.838665
    outer loop
      vertex 29.0534 20 1.7082
      vertex 28 -20 2.3923
      vertex 28 20 2.3923
    endloop
  endfacet
  facet normal 0.453984 0 -0.89101
    outer loop
      vertex 16 -20 2.3923
      vertex 17.1192 20 2.96255
      vertex 17.1192 -20 2.96255
    endloop
  endfacet
  facet normal 0.453984 0 -0.89101
    outer loop
      vertex 17.1192 20 2.96255
      vertex 16 -20 2.3923
      vertex 16 20 2.3923
    endloop
  endfacet
  facet normal -0.707135 0 -0.707079
    outer loop
      vertex 30.9177 -20 0.0295668
      vertex 30.0296 20 0.917737
      vertex 30.9177 20 0.0295668
    endloop
  endfacet
  facet normal -0.707135 -0 -0.707079
    outer loop
      vertex 30.0296 20 0.917737
      vertex 30.9177 -20 0.0295668
      vertex 30.0296 -20 0.917737
    endloop
  endfacet
  facet normal -0.453984 0 -0.89101
    outer loop
      vertex 26.8808 -20 2.96255
      vertex 28 20 2.3923
      vertex 28 -20 2.3923
    endloop
  endfacet
  facet normal -0.453984 0 -0.89101
    outer loop
      vertex 28 20 2.3923
      vertex 26.8808 -20 2.96255
      vertex 26.8808 20 2.96255
    endloop
  endfacet
  facet normal 0.544647 0 -0.838665
    outer loop
      vertex 14.9466 -20 1.7082
      vertex 16 20 2.3923
      vertex 16 -20 2.3923
    endloop
  endfacet
  facet normal 0.544647 0 -0.838665
    outer loop
      vertex 16 20 2.3923
      vertex 14.9466 -20 1.7082
      vertex 14.9466 20 1.7082
    endloop
  endfacet
  facet normal -0.933563 0 -0.358414
    outer loop
      vertex 33.4127 -20 -4.2918
      vertex 32.9625 20 -3.11916
      vertex 33.4127 20 -4.2918
    endloop
  endfacet
  facet normal -0.933563 -0 -0.358414
    outer loop
      vertex 32.9625 20 -3.11916
      vertex 33.4127 -20 -4.2918
      vertex 32.9625 -20 -3.11916
    endloop
  endfacet
  facet normal 0.777132 0 -0.629337
    outer loop
      vertex 13.0823 -20 0.0295668
      vertex 12.2918 20 -0.946576
      vertex 13.0823 20 0.0295668
    endloop
  endfacet
  facet normal 0.777132 0 -0.629337
    outer loop
      vertex 12.2918 20 -0.946576
      vertex 13.0823 -20 0.0295668
      vertex 12.2918 -20 -0.946576
    endloop
  endfacet
  facet normal -0.629297 0 -0.777165
    outer loop
      vertex 29.0534 -20 1.7082
      vertex 30.0296 20 0.917737
      vertex 30.0296 -20 0.917737
    endloop
  endfacet
  facet normal -0.629297 0 -0.777165
    outer loop
      vertex 30.0296 20 0.917737
      vertex 29.0534 -20 1.7082
      vertex 29.0534 20 1.7082
    endloop
  endfacet
  facet normal -0.838671 0 -0.544638
    outer loop
      vertex 32.3923 -20 -2
      vertex 31.7082 20 -0.946576
      vertex 32.3923 20 -2
    endloop
  endfacet
  facet normal -0.838671 -0 -0.544638
    outer loop
      vertex 31.7082 20 -0.946576
      vertex 32.3923 -20 -2
      vertex 31.7082 -20 -0.946576
    endloop
  endfacet
  facet normal -0.777132 0 -0.629337
    outer loop
      vertex 31.7082 -20 -0.946576
      vertex 30.9177 20 0.0295668
      vertex 31.7082 20 -0.946576
    endloop
  endfacet
  facet normal -0.777132 -0 -0.629337
    outer loop
      vertex 30.9177 20 0.0295668
      vertex 31.7082 -20 -0.946576
      vertex 30.9177 -20 0.0295668
    endloop
  endfacet
  facet normal 0.965924 0 -0.258825
    outer loop
      vertex 10.5873 -20 -4.2918
      vertex 10.2622 20 -5.50506
      vertex 10.5873 20 -4.2918
    endloop
  endfacet
  facet normal 0.965924 0 -0.258825
    outer loop
      vertex 10.2622 20 -5.50506
      vertex 10.5873 -20 -4.2918
      vertex 10.2622 -20 -5.50506
    endloop
  endfacet
  facet normal 0.987687 0 -0.156441
    outer loop
      vertex 10.2622 -20 -5.50506
      vertex 10.0657 20 -6.74566
      vertex 10.2622 20 -5.50506
    endloop
  endfacet
  facet normal 0.987687 0 -0.156441
    outer loop
      vertex 10.0657 20 -6.74566
      vertex 10.2622 -20 -5.50506
      vertex 10.0657 -20 -6.74566
    endloop
  endfacet
  facet normal 0.0523399 0 -0.998629
    outer loop
      vertex 20.7457 -20 3.93426
      vertex 22 20 4
      vertex 22 -20 4
    endloop
  endfacet
  facet normal 0.0523399 0 -0.998629
    outer loop
      vertex 22 20 4
      vertex 20.7457 -20 3.93426
      vertex 20.7457 20 3.93426
    endloop
  endfacet
  facet normal 0.358376 0 -0.933577
    outer loop
      vertex 17.1192 -20 2.96255
      vertex 18.2918 20 3.41268
      vertex 18.2918 -20 3.41268
    endloop
  endfacet
  facet normal 0.358376 0 -0.933577
    outer loop
      vertex 18.2918 20 3.41268
      vertex 17.1192 -20 2.96255
      vertex 17.1192 20 2.96255
    endloop
  endfacet
  facet normal -0.89102 0 -0.453965
    outer loop
      vertex 32.9625 -20 -3.11916
      vertex 32.3923 20 -2
      vertex 32.9625 20 -3.11916
    endloop
  endfacet
  facet normal -0.89102 -0 -0.453965
    outer loop
      vertex 32.3923 20 -2
      vertex 32.9625 -20 -3.11916
      vertex 32.3923 -20 -2
    endloop
  endfacet
  facet normal -0.156433 0 -0.987689
    outer loop
      vertex 23.2543 -20 3.93426
      vertex 24.4949 20 3.73777
      vertex 24.4949 -20 3.73777
    endloop
  endfacet
  facet normal -0.156433 0 -0.987689
    outer loop
      vertex 24.4949 20 3.73777
      vertex 23.2543 -20 3.93426
      vertex 23.2543 20 3.93426
    endloop
  endfacet
  facet normal -0.358376 0 -0.933577
    outer loop
      vertex 25.7082 -20 3.41268
      vertex 26.8808 20 2.96255
      vertex 26.8808 -20 2.96255
    endloop
  endfacet
  facet normal -0.358376 0 -0.933577
    outer loop
      vertex 26.8808 20 2.96255
      vertex 25.7082 -20 3.41268
      vertex 25.7082 20 3.41268
    endloop
  endfacet
  facet normal -0.25881 0 -0.965928
    outer loop
      vertex 24.4949 -20 3.73777
      vertex 25.7082 20 3.41268
      vertex 25.7082 -20 3.41268
    endloop
  endfacet
  facet normal -0.25881 0 -0.965928
    outer loop
      vertex 25.7082 20 3.41268
      vertex 24.4949 -20 3.73777
      vertex 24.4949 20 3.73777
    endloop
  endfacet
  facet normal 0.89102 0 -0.453965
    outer loop
      vertex 11.6077 -20 -2
      vertex 11.0375 20 -3.11916
      vertex 11.6077 20 -2
    endloop
  endfacet
  facet normal 0.89102 0 -0.453965
    outer loop
      vertex 11.0375 20 -3.11916
      vertex 11.6077 -20 -2
      vertex 11.0375 -20 -3.11916
    endloop
  endfacet
  facet normal 0.156433 0 -0.987689
    outer loop
      vertex 19.5051 -20 3.73777
      vertex 20.7457 20 3.93426
      vertex 20.7457 -20 3.93426
    endloop
  endfacet
  facet normal 0.156433 0 -0.987689
    outer loop
      vertex 20.7457 20 3.93426
      vertex 19.5051 -20 3.73777
      vertex 19.5051 20 3.73777
    endloop
  endfacet
  facet normal 0.707135 0 -0.707079
    outer loop
      vertex 13.9704 -20 0.917737
      vertex 13.0823 20 0.0295668
      vertex 13.9704 20 0.917737
    endloop
  endfacet
  facet normal 0.707135 0 -0.707079
    outer loop
      vertex 13.0823 20 0.0295668
      vertex 13.9704 -20 0.917737
      vertex 13.0823 -20 0.0295668
    endloop
  endfacet
  facet normal -0.0523399 0 -0.998629
    outer loop
      vertex 22 -20 4
      vertex 23.2543 20 3.93426
      vertex 23.2543 -20 3.93426
    endloop
  endfacet
  facet normal -0.0523399 0 -0.998629
    outer loop
      vertex 23.2543 20 3.93426
      vertex 22 -20 4
      vertex 22 20 4
    endloop
  endfacet
  facet normal 0.998632 0 -0.052292
    outer loop
      vertex 10.0657 -20 -6.74566
      vertex 10.0262 20 -7.5
      vertex 10.0657 20 -6.74566
    endloop
  endfacet
  facet normal 0.998632 0 -0.052292
    outer loop
      vertex 10.0262 20 -7.5
      vertex 10.0657 -20 -6.74566
      vertex 10.0262 -20 -7.5
    endloop
  endfacet
  facet normal 0.629297 0 -0.777165
    outer loop
      vertex 13.9704 -20 0.917737
      vertex 14.9466 20 1.7082
      vertex 14.9466 -20 1.7082
    endloop
  endfacet
  facet normal 0.629297 0 -0.777165
    outer loop
      vertex 14.9466 20 1.7082
      vertex 13.9704 -20 0.917737
      vertex 13.9704 20 0.917737
    endloop
  endfacet
  facet normal 0.838671 0 -0.544638
    outer loop
      vertex 12.2918 -20 -0.946576
      vertex 11.6077 20 -2
      vertex 12.2918 20 -0.946576
    endloop
  endfacet
  facet normal 0.838671 0 -0.544638
    outer loop
      vertex 11.6077 20 -2
      vertex 12.2918 -20 -0.946576
      vertex 11.6077 -20 -2
    endloop
  endfacet
  facet normal 0.933563 0 -0.358414
    outer loop
      vertex 11.0375 -20 -3.11916
      vertex 10.5873 20 -4.2918
      vertex 11.0375 20 -3.11916
    endloop
  endfacet
  facet normal 0.933563 0 -0.358414
    outer loop
      vertex 10.5873 20 -4.2918
      vertex 11.0375 -20 -3.11916
      vertex 10.5873 -20 -4.2918
    endloop
  endfacet
  facet normal 0.866024 -0 0.500002
    outer loop
      vertex 8.24722 -17 18.5
      vertex 14.134 17 8.30385
      vertex 8.24722 17 18.5
    endloop
  endfacet
  facet normal 0.866024 0 0.500002
    outer loop
      vertex 14.134 17 8.30385
      vertex 8.24722 -17 18.5
      vertex 14.134 -17 8.30385
    endloop
  endfacet
  facet normal -0.866025 0 -0.5
    outer loop
      vertex 15.866 -17 9.30385
      vertex 10.5566 17 18.5
      vertex 15.866 17 9.30385
    endloop
  endfacet
  facet normal -0.866025 -0 -0.5
    outer loop
      vertex 10.5566 17 18.5
      vertex 15.866 -17 9.30385
      vertex 10.5566 -17 18.5
    endloop
  endfacet
  facet normal -0.500011 0 0.866019
    outer loop
      vertex 14.134 17 8.30385
      vertex 15.866 -17 9.30385
      vertex 15.866 17 9.30385
    endloop
  endfacet
  facet normal -0.500011 0 0.866019
    outer loop
      vertex 15.866 -17 9.30385
      vertex 14.134 17 8.30385
      vertex 14.134 -17 8.30385
    endloop
  endfacet
  facet normal 0 -1 0
    outer loop
      vertex 14.134 17 8.30385
      vertex 10.5566 17 18.5
      vertex 8.24722 17 18.5
    endloop
  endfacet
  facet normal 0 -1 0
    outer loop
      vertex 10.5566 17 18.5
      vertex 14.134 17 8.30385
      vertex 15.866 17 9.30385
    endloop
  endfacet
  facet normal 0 1 -0
    outer loop
      vertex 14.134 -17 8.30385
      vertex 10.5566 -17 18.5
      vertex 15.866 -17 9.30385
    endloop
  endfacet
  facet normal 0 1 0
    outer loop
      vertex 10.5566 -17 18.5
      vertex 14.134 -17 8.30385
      vertex 8.24722 -17 18.5
    endloop
  endfacet
  facet normal 0.987694 0 -0.156396
    outer loop
      vertex -12.0548 -25 -9.04528
      vertex -12.2185 -17 -10.0791
      vertex -12.0548 -17 -9.04528
    endloop
  endfacet
  facet normal 0.987694 0 -0.156396
    outer loop
      vertex -12.2185 -17 -10.0791
      vertex -12.0548 -25 -9.04528
      vertex -12.2185 -25 -10.0791
    endloop
  endfacet
  facet normal 0.987695 -0 0.156393
    outer loop
      vertex -12.2185 -25 -5.92088
      vertex -12.0548 -17 -6.95472
      vertex -12.2185 -17 -5.92088
    endloop
  endfacet
  facet normal 0.987695 0 0.156393
    outer loop
      vertex -12.0548 -17 -6.95472
      vertex -12.2185 -25 -5.92088
      vertex -12.0548 -25 -6.95472
    endloop
  endfacet
  facet normal 0.998629 -0 0.0523542
    outer loop
      vertex -12.0548 -25 -6.95472
      vertex -12 -17 -8
      vertex -12.0548 -17 -6.95472
    endloop
  endfacet
  facet normal 0.998629 0 0.0523542
    outer loop
      vertex -12 -17 -8
      vertex -12.0548 -25 -6.95472
      vertex -12 -25 -8
    endloop
  endfacet
  facet normal 0.965928 -0 0.25881
    outer loop
      vertex -12.4894 -25 -4.90983
      vertex -12.2185 -17 -5.92088
      vertex -12.4894 -17 -4.90983
    endloop
  endfacet
  facet normal 0.965928 0 0.25881
    outer loop
      vertex -12.2185 -17 -5.92088
      vertex -12.4894 -25 -4.90983
      vertex -12.2185 -25 -5.92088
    endloop
  endfacet
  facet normal 0.838663 -0 0.544651
    outer loop
      vertex -13.9098 -25 -2.12215
      vertex -13.3397 -17 -3
      vertex -13.9098 -17 -2.12215
    endloop
  endfacet
  facet normal 0.838663 0 0.544651
    outer loop
      vertex -13.3397 -17 -3
      vertex -13.9098 -25 -2.12215
      vertex -13.3397 -25 -3
    endloop
  endfacet
  facet normal -0.0523342 0 0.99863
    outer loop
      vertex -23.0453 -17 1.94522
      vertex -22 -25 2
      vertex -22 -17 2
    endloop
  endfacet
  facet normal -0.0523342 0 0.99863
    outer loop
      vertex -22 -25 2
      vertex -23.0453 -17 1.94522
      vertex -23.0453 -25 1.94522
    endloop
  endfacet
  facet normal 0.998629 0 -0.0523542
    outer loop
      vertex -12 -25 -8
      vertex -12.0548 -17 -9.04528
      vertex -12 -17 -8
    endloop
  endfacet
  facet normal 0.998629 0 -0.0523542
    outer loop
      vertex -12.0548 -17 -9.04528
      vertex -12 -25 -8
      vertex -12.0548 -25 -9.04528
    endloop
  endfacet
  facet normal 0.777112 -0 0.629363
    outer loop
      vertex -14.5686 -25 -1.30869
      vertex -13.9098 -17 -2.12215
      vertex -14.5686 -17 -1.30869
    endloop
  endfacet
  facet normal 0.777112 0 0.629363
    outer loop
      vertex -13.9098 -17 -2.12215
      vertex -14.5686 -25 -1.30869
      vertex -13.9098 -25 -2.12215
    endloop
  endfacet
  facet normal -0.987694 0 -0.156396
    outer loop
      vertex -31.7815 -25 -10.0791
      vertex -31.9452 -17 -9.04528
      vertex -31.7815 -17 -10.0791
    endloop
  endfacet
  facet normal -0.987694 -0 -0.156396
    outer loop
      vertex -31.9452 -17 -9.04528
      vertex -31.7815 -25 -10.0791
      vertex -31.9452 -25 -9.04528
    endloop
  endfacet
  facet normal -0.891006 0 0.453991
    outer loop
      vertex -31.1355 -25 -3.93263
      vertex -30.6603 -17 -3
      vertex -31.1355 -17 -3.93263
    endloop
  endfacet
  facet normal -0.891006 0 0.453991
    outer loop
      vertex -30.6603 -17 -3
      vertex -31.1355 -25 -3.93263
      vertex -30.6603 -25 -3
    endloop
  endfacet
  facet normal 0.258816 0 0.965927
    outer loop
      vertex -19.9209 -17 1.78148
      vertex -18.9098 -25 1.51056
      vertex -18.9098 -17 1.51056
    endloop
  endfacet
  facet normal 0.258816 0 0.965927
    outer loop
      vertex -18.9098 -25 1.51056
      vertex -19.9209 -17 1.78148
      vertex -19.9209 -25 1.78148
    endloop
  endfacet
  facet normal 0.358366 0 0.933581
    outer loop
      vertex -18.9098 -17 1.51056
      vertex -17.9326 -25 1.13545
      vertex -17.9326 -17 1.13545
    endloop
  endfacet
  facet normal 0.358366 0 0.933581
    outer loop
      vertex -17.9326 -25 1.13545
      vertex -18.9098 -17 1.51056
      vertex -18.9098 -25 1.51056
    endloop
  endfacet
  facet normal -0.965931 0 -0.258798
    outer loop
      vertex -31.5106 -25 -11.0902
      vertex -31.7815 -17 -10.0791
      vertex -31.5106 -17 -11.0902
    endloop
  endfacet
  facet normal -0.965931 -0 -0.258798
    outer loop
      vertex -31.7815 -17 -10.0791
      vertex -31.5106 -25 -11.0902
      vertex -31.7815 -25 -10.0791
    endloop
  endfacet
  facet normal 0.629346 0 0.777126
    outer loop
      vertex -16.1221 -17 0.0901699
      vertex -15.3087 -25 -0.568552
      vertex -15.3087 -17 -0.568552
    endloop
  endfacet
  facet normal 0.629346 0 0.777126
    outer loop
      vertex -15.3087 -25 -0.568552
      vertex -16.1221 -17 0.0901699
      vertex -16.1221 -25 0.0901699
    endloop
  endfacet
  facet normal 0.358358 0 -0.933584
    outer loop
      vertex -18.9098 -25 -17.5106
      vertex -17.9326 -17 -17.1355
      vertex -17.9326 -25 -17.1355
    endloop
  endfacet
  facet normal 0.358358 0 -0.933584
    outer loop
      vertex -17.9326 -17 -17.1355
      vertex -18.9098 -25 -17.5106
      vertex -18.9098 -17 -17.5106
    endloop
  endfacet
  facet normal -0.777112 0 0.629363
    outer loop
      vertex -30.0902 -25 -2.12215
      vertex -29.4314 -17 -1.30869
      vertex -30.0902 -17 -2.12215
    endloop
  endfacet
  facet normal -0.777112 0 0.629363
    outer loop
      vertex -29.4314 -17 -1.30869
      vertex -30.0902 -25 -2.12215
      vertex -29.4314 -25 -1.30869
    endloop
  endfacet
  facet normal -0.258816 0 0.965927
    outer loop
      vertex -25.0902 -17 1.51056
      vertex -24.0791 -25 1.78148
      vertex -24.0791 -17 1.78148
    endloop
  endfacet
  facet normal -0.258816 0 0.965927
    outer loop
      vertex -24.0791 -25 1.78148
      vertex -25.0902 -17 1.51056
      vertex -25.0902 -25 1.51056
    endloop
  endfacet
  facet normal -0.707125 0 0.707089
    outer loop
      vertex -29.4314 -25 -1.30869
      vertex -28.6913 -17 -0.568552
      vertex -29.4314 -17 -1.30869
    endloop
  endfacet
  facet normal -0.707125 0 0.707089
    outer loop
      vertex -28.6913 -17 -0.568552
      vertex -29.4314 -25 -1.30869
      vertex -28.6913 -25 -0.568552
    endloop
  endfacet
  facet normal -0.544618 0 0.838684
    outer loop
      vertex -27.8779 -17 0.0901699
      vertex -27 -25 0.660254
      vertex -27 -17 0.660254
    endloop
  endfacet
  facet normal -0.544618 0 0.838684
    outer loop
      vertex -27 -25 0.660254
      vertex -27.8779 -17 0.0901699
      vertex -27.8779 -25 0.0901699
    endloop
  endfacet
  facet normal 0.965931 0 -0.258798
    outer loop
      vertex -12.2185 -25 -10.0791
      vertex -12.4894 -17 -11.0902
      vertex -12.2185 -17 -10.0791
    endloop
  endfacet
  facet normal 0.965931 0 -0.258798
    outer loop
      vertex -12.4894 -17 -11.0902
      vertex -12.2185 -25 -10.0791
      vertex -12.4894 -25 -11.0902
    endloop
  endfacet
  facet normal 0.0523532 0 -0.998629
    outer loop
      vertex -22 -25 -18
      vertex -20.9547 -17 -17.9452
      vertex -20.9547 -25 -17.9452
    endloop
  endfacet
  facet normal 0.0523532 0 -0.998629
    outer loop
      vertex -20.9547 -17 -17.9452
      vertex -22 -25 -18
      vertex -22 -17 -18
    endloop
  endfacet
  facet normal 0.544618 0 0.838684
    outer loop
      vertex -17 -17 0.660254
      vertex -16.1221 -25 0.0901699
      vertex -16.1221 -17 0.0901699
    endloop
  endfacet
  facet normal 0.544618 0 0.838684
    outer loop
      vertex -16.1221 -25 0.0901699
      vertex -17 -17 0.660254
      vertex -17 -25 0.660254
    endloop
  endfacet
  facet normal -0.838677 0 -0.544629
    outer loop
      vertex -30.0902 -25 -13.8779
      vertex -30.6603 -17 -13
      vertex -30.0902 -17 -13.8779
    endloop
  endfacet
  facet normal -0.838677 -0 -0.544629
    outer loop
      vertex -30.6603 -17 -13
      vertex -30.0902 -25 -13.8779
      vertex -30.6603 -25 -13
    endloop
  endfacet
  facet normal 0.156399 0 -0.987694
    outer loop
      vertex -20.9547 -25 -17.9452
      vertex -19.9209 -17 -17.7815
      vertex -19.9209 -25 -17.7815
    endloop
  endfacet
  facet normal 0.156399 0 -0.987694
    outer loop
      vertex -19.9209 -17 -17.7815
      vertex -20.9547 -25 -17.9452
      vertex -20.9547 -17 -17.9452
    endloop
  endfacet
  facet normal -0.156399 0 -0.987694
    outer loop
      vertex -24.0791 -25 -17.7815
      vertex -23.0453 -17 -17.9452
      vertex -23.0453 -25 -17.9452
    endloop
  endfacet
  facet normal -0.156399 0 -0.987694
    outer loop
      vertex -23.0453 -17 -17.9452
      vertex -24.0791 -25 -17.7815
      vertex -24.0791 -17 -17.7815
    endloop
  endfacet
  facet normal -0.454003 0 -0.891
    outer loop
      vertex -27 -25 -16.6603
      vertex -26.0674 -17 -17.1355
      vertex -26.0674 -25 -17.1355
    endloop
  endfacet
  facet normal -0.454003 0 -0.891
    outer loop
      vertex -26.0674 -17 -17.1355
      vertex -27 -25 -16.6603
      vertex -27 -17 -16.6603
    endloop
  endfacet
  facet normal 0 -1 0
    outer loop
      vertex -23.0453 -25 1.94522
      vertex -22.5226 -25 -3.02739
      vertex -22 -25 -3
    endloop
  endfacet
  facet normal 0 -1 0
    outer loop
      vertex -30.0902 -25 -2.12215
      vertex -23.0396 -25 -3.10926
      vertex -22.5226 -25 -3.02739
    endloop
  endfacet
  facet normal 0 -1 0
    outer loop
      vertex -30.0902 -25 -2.12215
      vertex -23.5451 -25 -3.24472
      vertex -23.0396 -25 -3.10926
    endloop
  endfacet
  facet normal 0 -1 0
    outer loop
      vertex -30.0902 -25 -2.12215
      vertex -24.0337 -25 -3.43227
      vertex -23.5451 -25 -3.24472
    endloop
  endfacet
  facet normal 0 -1 0
    outer loop
      vertex -30.0902 -25 -2.12215
      vertex -24.5 -25 -3.66987
      vertex -24.0337 -25 -3.43227
    endloop
  endfacet
  facet normal 0 -1 0
    outer loop
      vertex -26.3301 -25 -5.5
      vertex -30.6603 -25 -3
      vertex -31.1355 -25 -3.93263
    endloop
  endfacet
  facet normal 0 -1 0
    outer loop
      vertex -30.0902 -25 -2.12215
      vertex -24.9389 -25 -3.95492
      vertex -24.5 -25 -3.66987
    endloop
  endfacet
  facet normal 0 -1 0
    outer loop
      vertex -30.0902 -25 -2.12215
      vertex -25.3457 -25 -4.28428
      vertex -24.9389 -25 -3.95492
    endloop
  endfacet
  facet normal 0 -1 0
    outer loop
      vertex -30.0902 -25 -2.12215
      vertex -25.7157 -25 -4.65435
      vertex -25.3457 -25 -4.28428
    endloop
  endfacet
  facet normal 0 -1 0
    outer loop
      vertex -26.5677 -25 -5.96632
      vertex -31.1355 -25 -3.93263
      vertex -31.5106 -25 -4.90983
    endloop
  endfacet
  facet normal 0 -1 0
    outer loop
      vertex -30.0902 -25 -2.12215
      vertex -26.0451 -25 -5.06107
      vertex -25.7157 -25 -4.65435
    endloop
  endfacet
  facet normal 0 -1 0
    outer loop
      vertex -30.6603 -25 -3
      vertex -26.3301 -25 -5.5
      vertex -26.0451 -25 -5.06107
    endloop
  endfacet
  facet normal 0 -1 0
    outer loop
      vertex -26.7553 -25 -6.45492
      vertex -31.5106 -25 -4.90983
      vertex -31.7815 -25 -5.92088
    endloop
  endfacet
  facet normal 0 -1 0
    outer loop
      vertex -31.1355 -25 -3.93263
      vertex -26.5677 -25 -5.96632
      vertex -26.3301 -25 -5.5
    endloop
  endfacet
  facet normal 0 -1 0
    outer loop
      vertex -31.5106 -25 -4.90983
      vertex -26.7553 -25 -6.45492
      vertex -26.5677 -25 -5.96632
    endloop
  endfacet
  facet normal 0 -1 0
    outer loop
      vertex -26.8907 -25 -6.96044
      vertex -31.7815 -25 -5.92088
      vertex -31.9452 -25 -6.95472
    endloop
  endfacet
  facet normal 0 -1 0
    outer loop
      vertex -31.7815 -25 -5.92088
      vertex -26.8907 -25 -6.96044
      vertex -26.7553 -25 -6.45492
    endloop
  endfacet
  facet normal 0 -1 0
    outer loop
      vertex -31.9452 -25 -6.95472
      vertex -26.9726 -25 -7.47736
      vertex -26.8907 -25 -6.96044
    endloop
  endfacet
  facet normal 0 -1 0
    outer loop
      vertex -32 -25 -8
      vertex -26.9726 -25 -7.47736
      vertex -31.9452 -25 -6.95472
    endloop
  endfacet
  facet normal 0 -1 0
    outer loop
      vertex -32 -25 -8
      vertex -27 -25 -8
      vertex -26.9726 -25 -7.47736
    endloop
  endfacet
  facet normal 0 -1 0
    outer loop
      vertex -32 -25 -8
      vertex -26.9726 -25 -8.52264
      vertex -27 -25 -8
    endloop
  endfacet
  facet normal 0 -1 0
    outer loop
      vertex -31.9452 -25 -9.04528
      vertex -26.9726 -25 -8.52264
      vertex -32 -25 -8
    endloop
  endfacet
  facet normal 0 -1 -0
    outer loop
      vertex -26.9726 -25 -8.52264
      vertex -31.9452 -25 -9.04528
      vertex -26.8907 -25 -9.03956
    endloop
  endfacet
  facet normal 0 -1 0
    outer loop
      vertex -31.7815 -25 -10.0791
      vertex -26.8907 -25 -9.03956
      vertex -31.9452 -25 -9.04528
    endloop
  endfacet
  facet normal 0 -1 -0
    outer loop
      vertex -26.8907 -25 -9.03956
      vertex -31.7815 -25 -10.0791
      vertex -26.7553 -25 -9.54508
    endloop
  endfacet
  facet normal 0 -1 0
    outer loop
      vertex -31.5106 -25 -11.0902
      vertex -26.7553 -25 -9.54508
      vertex -31.7815 -25 -10.0791
    endloop
  endfacet
  facet normal 0 -1 -0
    outer loop
      vertex -26.7553 -25 -9.54508
      vertex -31.5106 -25 -11.0902
      vertex -26.5677 -25 -10.0337
    endloop
  endfacet
  facet normal 0 -1 0
    outer loop
      vertex -31.1355 -25 -12.0674
      vertex -26.5677 -25 -10.0337
      vertex -31.5106 -25 -11.0902
    endloop
  endfacet
  facet normal 0 -1 -0
    outer loop
      vertex -26.5677 -25 -10.0337
      vertex -31.1355 -25 -12.0674
      vertex -26.3301 -25 -10.5
    endloop
  endfacet
  facet normal 0 -1 0
    outer loop
      vertex -30.6603 -25 -13
      vertex -26.3301 -25 -10.5
      vertex -31.1355 -25 -12.0674
    endloop
  endfacet
  facet normal 0 -1 -0
    outer loop
      vertex -26.3301 -25 -10.5
      vertex -30.6603 -25 -13
      vertex -26.0451 -25 -10.9389
    endloop
  endfacet
  facet normal 0 -1 0
    outer loop
      vertex -30.0902 -25 -13.8779
      vertex -26.0451 -25 -10.9389
      vertex -30.6603 -25 -13
    endloop
  endfacet
  facet normal 0 -1 -0
    outer loop
      vertex -26.0451 -25 -10.9389
      vertex -30.0902 -25 -13.8779
      vertex -25.7157 -25 -11.3457
    endloop
  endfacet
  facet normal 0 -1 0
    outer loop
      vertex -29.4314 -25 -14.6913
      vertex -25.7157 -25 -11.3457
      vertex -30.0902 -25 -13.8779
    endloop
  endfacet
  facet normal 0 -1 -0
    outer loop
      vertex -25.7157 -25 -11.3457
      vertex -29.4314 -25 -14.6913
      vertex -25.3457 -25 -11.7157
    endloop
  endfacet
  facet normal 0 -1 0
    outer loop
      vertex -28.6913 -25 -15.4314
      vertex -25.3457 -25 -11.7157
      vertex -29.4314 -25 -14.6913
    endloop
  endfacet
  facet normal 0 -1 -0
    outer loop
      vertex -25.3457 -25 -11.7157
      vertex -28.6913 -25 -15.4314
      vertex -24.9389 -25 -12.0451
    endloop
  endfacet
  facet normal 0 -1 0
    outer loop
      vertex -27.8779 -25 -16.0902
      vertex -24.9389 -25 -12.0451
      vertex -28.6913 -25 -15.4314
    endloop
  endfacet
  facet normal 0 -1 -0
    outer loop
      vertex -24.9389 -25 -12.0451
      vertex -27.8779 -25 -16.0902
      vertex -24.5 -25 -12.3301
    endloop
  endfacet
  facet normal 0 -1 0
    outer loop
      vertex -27 -25 -16.6603
      vertex -24.5 -25 -12.3301
      vertex -27.8779 -25 -16.0902
    endloop
  endfacet
  facet normal 0 -1 -0
    outer loop
      vertex -24.5 -25 -12.3301
      vertex -27 -25 -16.6603
      vertex -24.0337 -25 -12.5677
    endloop
  endfacet
  facet normal 0 -1 0
    outer loop
      vertex -26.0674 -25 -17.1355
      vertex -24.0337 -25 -12.5677
      vertex -27 -25 -16.6603
    endloop
  endfacet
  facet normal 0 -1 0
    outer loop
      vertex -22 -25 -13
      vertex -13.9098 -25 -13.8779
      vertex -13.3397 -25 -13
    endloop
  endfacet
  facet normal 0 -1 -0
    outer loop
      vertex -24.0337 -25 -12.5677
      vertex -26.0674 -25 -17.1355
      vertex -23.5451 -25 -12.7553
    endloop
  endfacet
  facet normal 0 -1 0
    outer loop
      vertex -22 -25 -13
      vertex -14.5686 -25 -14.6913
      vertex -13.9098 -25 -13.8779
    endloop
  endfacet
  facet normal 0 -1 0
    outer loop
      vertex -25.0902 -25 -17.5106
      vertex -23.5451 -25 -12.7553
      vertex -26.0674 -25 -17.1355
    endloop
  endfacet
  facet normal 0 -1 0
    outer loop
      vertex -22 -25 -13
      vertex -15.3087 -25 -15.4314
      vertex -14.5686 -25 -14.6913
    endloop
  endfacet
  facet normal 0 -1 -0
    outer loop
      vertex -23.5451 -25 -12.7553
      vertex -25.0902 -25 -17.5106
      vertex -23.0396 -25 -12.8907
    endloop
  endfacet
  facet normal 0 -1 0
    outer loop
      vertex -22 -25 -13
      vertex -16.1221 -25 -16.0902
      vertex -15.3087 -25 -15.4314
    endloop
  endfacet
  facet normal 0 -1 0
    outer loop
      vertex -24.0791 -25 -17.7815
      vertex -23.0396 -25 -12.8907
      vertex -25.0902 -25 -17.5106
    endloop
  endfacet
  facet normal 0 -1 0
    outer loop
      vertex -22 -25 -13
      vertex -17 -25 -16.6603
      vertex -16.1221 -25 -16.0902
    endloop
  endfacet
  facet normal 0 -1 -0
    outer loop
      vertex -23.0396 -25 -12.8907
      vertex -24.0791 -25 -17.7815
      vertex -22.5226 -25 -12.9726
    endloop
  endfacet
  facet normal 0 -1 0
    outer loop
      vertex -22 -25 -13
      vertex -17.9326 -25 -17.1355
      vertex -17 -25 -16.6603
    endloop
  endfacet
  facet normal 0 -1 0
    outer loop
      vertex -23.0453 -25 -17.9452
      vertex -22.5226 -25 -12.9726
      vertex -24.0791 -25 -17.7815
    endloop
  endfacet
  facet normal 0 -1 0
    outer loop
      vertex -22 -25 -13
      vertex -18.9098 -25 -17.5106
      vertex -17.9326 -25 -17.1355
    endloop
  endfacet
  facet normal 0 -1 -0
    outer loop
      vertex -22.5226 -25 -12.9726
      vertex -23.0453 -25 -17.9452
      vertex -22 -25 -13
    endloop
  endfacet
  facet normal 0 -1 0
    outer loop
      vertex -22 -25 -13
      vertex -19.9209 -25 -17.7815
      vertex -18.9098 -25 -17.5106
    endloop
  endfacet
  facet normal 0 -1 0
    outer loop
      vertex -22 -25 -18
      vertex -22 -25 -13
      vertex -23.0453 -25 -17.9452
    endloop
  endfacet
  facet normal 0 -1 0
    outer loop
      vertex -22 -25 -13
      vertex -20.9547 -25 -17.9452
      vertex -19.9209 -25 -17.7815
    endloop
  endfacet
  facet normal 0 -1 0
    outer loop
      vertex -22 -25 -13
      vertex -22 -25 -18
      vertex -20.9547 -25 -17.9452
    endloop
  endfacet
  facet normal 0 -1 0
    outer loop
      vertex -22 -25 -3
      vertex -22 -25 2
      vertex -23.0453 -25 1.94522
    endloop
  endfacet
  facet normal 0 -1 0
    outer loop
      vertex -22.5226 -25 -3.02739
      vertex -23.0453 -25 1.94522
      vertex -24.0791 -25 1.78148
    endloop
  endfacet
  facet normal 0 -1 0
    outer loop
      vertex -22 -25 2
      vertex -22 -25 -3
      vertex -20.9547 -25 1.94522
    endloop
  endfacet
  facet normal 0 -1 0
    outer loop
      vertex -22.5226 -25 -3.02739
      vertex -24.0791 -25 1.78148
      vertex -25.0902 -25 1.51056
    endloop
  endfacet
  facet normal 0 -1 0
    outer loop
      vertex -21.4774 -25 -3.02739
      vertex -20.9547 -25 1.94522
      vertex -22 -25 -3
    endloop
  endfacet
  facet normal 0 -1 0
    outer loop
      vertex -22.5226 -25 -3.02739
      vertex -25.0902 -25 1.51056
      vertex -26.0674 -25 1.13545
    endloop
  endfacet
  facet normal 0 -1 -0
    outer loop
      vertex -20.9547 -25 1.94522
      vertex -21.4774 -25 -3.02739
      vertex -19.9209 -25 1.78148
    endloop
  endfacet
  facet normal 0 -1 0
    outer loop
      vertex -22.5226 -25 -3.02739
      vertex -26.0674 -25 1.13545
      vertex -27 -25 0.660254
    endloop
  endfacet
  facet normal 0 -1 0
    outer loop
      vertex -20.9604 -25 -3.10926
      vertex -19.9209 -25 1.78148
      vertex -21.4774 -25 -3.02739
    endloop
  endfacet
  facet normal 0 -1 0
    outer loop
      vertex -22.5226 -25 -3.02739
      vertex -27 -25 0.660254
      vertex -27.8779 -25 0.0901699
    endloop
  endfacet
  facet normal 0 -1 -0
    outer loop
      vertex -19.9209 -25 1.78148
      vertex -20.9604 -25 -3.10926
      vertex -18.9098 -25 1.51056
    endloop
  endfacet
  facet normal 0 -1 0
    outer loop
      vertex -22.5226 -25 -3.02739
      vertex -27.8779 -25 0.0901699
      vertex -28.6913 -25 -0.568552
    endloop
  endfacet
  facet normal 0 -1 0
    outer loop
      vertex -20.4549 -25 -3.24472
      vertex -18.9098 -25 1.51056
      vertex -20.9604 -25 -3.10926
    endloop
  endfacet
  facet normal 0 -1 0
    outer loop
      vertex -22.5226 -25 -3.02739
      vertex -28.6913 -25 -0.568552
      vertex -29.4314 -25 -1.30869
    endloop
  endfacet
  facet normal 0 -1 -0
    outer loop
      vertex -18.9098 -25 1.51056
      vertex -20.4549 -25 -3.24472
      vertex -17.9326 -25 1.13545
    endloop
  endfacet
  facet normal 0 -1 0
    outer loop
      vertex -22.5226 -25 -3.02739
      vertex -29.4314 -25 -1.30869
      vertex -30.0902 -25 -2.12215
    endloop
  endfacet
  facet normal 0 -1 0
    outer loop
      vertex -19.9663 -25 -3.43227
      vertex -17.9326 -25 1.13545
      vertex -20.4549 -25 -3.24472
    endloop
  endfacet
  facet normal 0 -1 0
    outer loop
      vertex -26.0451 -25 -5.06107
      vertex -30.0902 -25 -2.12215
      vertex -30.6603 -25 -3
    endloop
  endfacet
  facet normal 0 -1 -0
    outer loop
      vertex -17.9326 -25 1.13545
      vertex -19.9663 -25 -3.43227
      vertex -17 -25 0.660254
    endloop
  endfacet
  facet normal 0 -1 0
    outer loop
      vertex -19.5 -25 -3.66987
      vertex -17 -25 0.660254
      vertex -19.9663 -25 -3.43227
    endloop
  endfacet
  facet normal 0 -1 -0
    outer loop
      vertex -17 -25 0.660254
      vertex -19.5 -25 -3.66987
      vertex -16.1221 -25 0.0901699
    endloop
  endfacet
  facet normal 0 -1 0
    outer loop
      vertex -19.0611 -25 -3.95492
      vertex -16.1221 -25 0.0901699
      vertex -19.5 -25 -3.66987
    endloop
  endfacet
  facet normal 0 -1 -0
    outer loop
      vertex -16.1221 -25 0.0901699
      vertex -19.0611 -25 -3.95492
      vertex -15.3087 -25 -0.568552
    endloop
  endfacet
  facet normal 0 -1 0
    outer loop
      vertex -18.6543 -25 -4.28428
      vertex -15.3087 -25 -0.568552
      vertex -19.0611 -25 -3.95492
    endloop
  endfacet
  facet normal 0 -1 -0
    outer loop
      vertex -15.3087 -25 -0.568552
      vertex -18.6543 -25 -4.28428
      vertex -14.5686 -25 -1.30869
    endloop
  endfacet
  facet normal 0 -1 0
    outer loop
      vertex -18.2843 -25 -4.65435
      vertex -14.5686 -25 -1.30869
      vertex -18.6543 -25 -4.28428
    endloop
  endfacet
  facet normal 0 -1 -0
    outer loop
      vertex -14.5686 -25 -1.30869
      vertex -18.2843 -25 -4.65435
      vertex -13.9098 -25 -2.12215
    endloop
  endfacet
  facet normal 0 -1 0
    outer loop
      vertex -17.9549 -25 -5.06107
      vertex -13.9098 -25 -2.12215
      vertex -18.2843 -25 -4.65435
    endloop
  endfacet
  facet normal 0 -1 -0
    outer loop
      vertex -13.9098 -25 -2.12215
      vertex -17.9549 -25 -5.06107
      vertex -13.3397 -25 -3
    endloop
  endfacet
  facet normal 0 -1 0
    outer loop
      vertex -17.6699 -25 -5.5
      vertex -13.3397 -25 -3
      vertex -17.9549 -25 -5.06107
    endloop
  endfacet
  facet normal 0 -1 -0
    outer loop
      vertex -13.3397 -25 -3
      vertex -17.6699 -25 -5.5
      vertex -12.8645 -25 -3.93263
    endloop
  endfacet
  facet normal 0 -1 0
    outer loop
      vertex -17.4323 -25 -5.96632
      vertex -12.8645 -25 -3.93263
      vertex -17.6699 -25 -5.5
    endloop
  endfacet
  facet normal 0 -1 -0
    outer loop
      vertex -12.8645 -25 -3.93263
      vertex -17.4323 -25 -5.96632
      vertex -12.4894 -25 -4.90983
    endloop
  endfacet
  facet normal 0 -1 0
    outer loop
      vertex -17.2447 -25 -6.45492
      vertex -12.4894 -25 -4.90983
      vertex -17.4323 -25 -5.96632
    endloop
  endfacet
  facet normal 0 -1 -0
    outer loop
      vertex -12.4894 -25 -4.90983
      vertex -17.2447 -25 -6.45492
      vertex -12.2185 -25 -5.92088
    endloop
  endfacet
  facet normal 0 -1 0
    outer loop
      vertex -17.1093 -25 -6.96044
      vertex -12.2185 -25 -5.92088
      vertex -17.2447 -25 -6.45492
    endloop
  endfacet
  facet normal 0 -1 -0
    outer loop
      vertex -12.2185 -25 -5.92088
      vertex -17.1093 -25 -6.96044
      vertex -12.0548 -25 -6.95472
    endloop
  endfacet
  facet normal 0 -1 0
    outer loop
      vertex -17.0274 -25 -7.47736
      vertex -12.0548 -25 -6.95472
      vertex -17.1093 -25 -6.96044
    endloop
  endfacet
  facet normal 0 -1 0
    outer loop
      vertex -17 -25 -8
      vertex -12.0548 -25 -6.95472
      vertex -17.0274 -25 -7.47736
    endloop
  endfacet
  facet normal 0 -1 0
    outer loop
      vertex -17 -25 -8
      vertex -12 -25 -8
      vertex -12.0548 -25 -6.95472
    endloop
  endfacet
  facet normal 0 -1 0
    outer loop
      vertex -17.0274 -25 -8.52264
      vertex -12 -25 -8
      vertex -17 -25 -8
    endloop
  endfacet
  facet normal 0 -1 0
    outer loop
      vertex -12.0548 -25 -9.04528
      vertex -17.0274 -25 -8.52264
      vertex -17.1093 -25 -9.03956
    endloop
  endfacet
  facet normal 0 -1 0
    outer loop
      vertex -17.0274 -25 -8.52264
      vertex -12.0548 -25 -9.04528
      vertex -12 -25 -8
    endloop
  endfacet
  facet normal 0 -1 0
    outer loop
      vertex -12.2185 -25 -10.0791
      vertex -17.1093 -25 -9.03956
      vertex -17.2447 -25 -9.54508
    endloop
  endfacet
  facet normal 0 -1 0
    outer loop
      vertex -12.4894 -25 -11.0902
      vertex -17.2447 -25 -9.54508
      vertex -17.4323 -25 -10.0337
    endloop
  endfacet
  facet normal 0 -1 0
    outer loop
      vertex -17.1093 -25 -9.03956
      vertex -12.2185 -25 -10.0791
      vertex -12.0548 -25 -9.04528
    endloop
  endfacet
  facet normal 0 -1 0
    outer loop
      vertex -12.8645 -25 -12.0674
      vertex -17.4323 -25 -10.0337
      vertex -17.6699 -25 -10.5
    endloop
  endfacet
  facet normal 0 -1 0
    outer loop
      vertex -13.3397 -25 -13
      vertex -17.6699 -25 -10.5
      vertex -17.9549 -25 -10.9389
    endloop
  endfacet
  facet normal 0 -1 0
    outer loop
      vertex -17.2447 -25 -9.54508
      vertex -12.4894 -25 -11.0902
      vertex -12.2185 -25 -10.0791
    endloop
  endfacet
  facet normal 0 -1 0
    outer loop
      vertex -13.3397 -25 -13
      vertex -17.9549 -25 -10.9389
      vertex -18.2843 -25 -11.3457
    endloop
  endfacet
  facet normal 0 -1 0
    outer loop
      vertex -13.3397 -25 -13
      vertex -18.2843 -25 -11.3457
      vertex -18.6543 -25 -11.7157
    endloop
  endfacet
  facet normal 0 -1 0
    outer loop
      vertex -13.3397 -25 -13
      vertex -18.6543 -25 -11.7157
      vertex -19.0611 -25 -12.0451
    endloop
  endfacet
  facet normal 0 -1 0
    outer loop
      vertex -17.4323 -25 -10.0337
      vertex -12.8645 -25 -12.0674
      vertex -12.4894 -25 -11.0902
    endloop
  endfacet
  facet normal 0 -1 0
    outer loop
      vertex -13.3397 -25 -13
      vertex -19.0611 -25 -12.0451
      vertex -19.5 -25 -12.3301
    endloop
  endfacet
  facet normal 0 -1 0
    outer loop
      vertex -13.3397 -25 -13
      vertex -19.5 -25 -12.3301
      vertex -19.9663 -25 -12.5677
    endloop
  endfacet
  facet normal 0 -1 0
    outer loop
      vertex -13.3397 -25 -13
      vertex -19.9663 -25 -12.5677
      vertex -20.4549 -25 -12.7553
    endloop
  endfacet
  facet normal 0 -1 0
    outer loop
      vertex -13.3397 -25 -13
      vertex -20.4549 -25 -12.7553
      vertex -20.9604 -25 -12.8907
    endloop
  endfacet
  facet normal 0 -1 0
    outer loop
      vertex -13.3397 -25 -13
      vertex -20.9604 -25 -12.8907
      vertex -21.4774 -25 -12.9726
    endloop
  endfacet
  facet normal 0 -1 0
    outer loop
      vertex -17.6699 -25 -10.5
      vertex -13.3397 -25 -13
      vertex -12.8645 -25 -12.0674
    endloop
  endfacet
  facet normal 0 -1 0
    outer loop
      vertex -13.3397 -25 -13
      vertex -21.4774 -25 -12.9726
      vertex -22 -25 -13
    endloop
  endfacet
  facet normal -0.358366 0 0.933581
    outer loop
      vertex -26.0674 -17 1.13545
      vertex -25.0902 -25 1.51056
      vertex -25.0902 -17 1.51056
    endloop
  endfacet
  facet normal -0.358366 0 0.933581
    outer loop
      vertex -25.0902 -25 1.51056
      vertex -26.0674 -17 1.13545
      vertex -26.0674 -25 1.13545
    endloop
  endfacet
  facet normal 0.454 0 0.891002
    outer loop
      vertex -17.9326 -17 1.13545
      vertex -17 -25 0.660254
      vertex -17 -17 0.660254
    endloop
  endfacet
  facet normal 0.454 0 0.891002
    outer loop
      vertex -17 -25 0.660254
      vertex -17.9326 -17 1.13545
      vertex -17.9326 -25 1.13545
    endloop
  endfacet
  facet normal 0.891 0 -0.454003
    outer loop
      vertex -12.8645 -25 -12.0674
      vertex -13.3397 -17 -13
      vertex -12.8645 -17 -12.0674
    endloop
  endfacet
  facet normal 0.891 0 -0.454003
    outer loop
      vertex -13.3397 -17 -13
      vertex -12.8645 -25 -12.0674
      vertex -13.3397 -25 -13
    endloop
  endfacet
  facet normal 0.707125 -0 0.707089
    outer loop
      vertex -15.3087 -25 -0.568552
      vertex -14.5686 -17 -1.30869
      vertex -15.3087 -17 -0.568552
    endloop
  endfacet
  facet normal 0.707125 0 0.707089
    outer loop
      vertex -14.5686 -17 -1.30869
      vertex -15.3087 -25 -0.568552
      vertex -14.5686 -25 -1.30869
    endloop
  endfacet
  facet normal -0.629391 0 -0.777089
    outer loop
      vertex -28.6913 -25 -15.4314
      vertex -27.8779 -17 -16.0902
      vertex -27.8779 -25 -16.0902
    endloop
  endfacet
  facet normal -0.629391 0 -0.777089
    outer loop
      vertex -27.8779 -17 -16.0902
      vertex -28.6913 -25 -15.4314
      vertex -28.6913 -17 -15.4314
    endloop
  endfacet
  facet normal 0.838677 0 -0.544629
    outer loop
      vertex -13.3397 -25 -13
      vertex -13.9098 -17 -13.8779
      vertex -13.3397 -17 -13
    endloop
  endfacet
  facet normal 0.838677 0 -0.544629
    outer loop
      vertex -13.9098 -17 -13.8779
      vertex -13.3397 -25 -13
      vertex -13.9098 -25 -13.8779
    endloop
  endfacet
  facet normal 0.454003 0 -0.891
    outer loop
      vertex -17.9326 -25 -17.1355
      vertex -17 -17 -16.6603
      vertex -17 -25 -16.6603
    endloop
  endfacet
  facet normal 0.454003 0 -0.891
    outer loop
      vertex -17 -17 -16.6603
      vertex -17.9326 -25 -17.1355
      vertex -17.9326 -17 -17.1355
    endloop
  endfacet
  facet normal -0.156436 0 0.987688
    outer loop
      vertex -24.0791 -17 1.78148
      vertex -23.0453 -25 1.94522
      vertex -23.0453 -17 1.94522
    endloop
  endfacet
  facet normal -0.156436 0 0.987688
    outer loop
      vertex -23.0453 -25 1.94522
      vertex -24.0791 -17 1.78148
      vertex -24.0791 -25 1.78148
    endloop
  endfacet
  facet normal 0.933584 -0 0.358358
    outer loop
      vertex -12.8645 -25 -3.93263
      vertex -12.4894 -17 -4.90983
      vertex -12.8645 -17 -3.93263
    endloop
  endfacet
  facet normal 0.933584 0 0.358358
    outer loop
      vertex -12.4894 -17 -4.90983
      vertex -12.8645 -25 -3.93263
      vertex -12.4894 -25 -4.90983
    endloop
  endfacet
  facet normal 0.777089 0 -0.629391
    outer loop
      vertex -13.9098 -25 -13.8779
      vertex -14.5686 -17 -14.6913
      vertex -13.9098 -17 -13.8779
    endloop
  endfacet
  facet normal 0.777089 0 -0.629391
    outer loop
      vertex -14.5686 -17 -14.6913
      vertex -13.9098 -25 -13.8779
      vertex -14.5686 -25 -14.6913
    endloop
  endfacet
  facet normal 0.933584 0 -0.358358
    outer loop
      vertex -12.4894 -25 -11.0902
      vertex -12.8645 -17 -12.0674
      vertex -12.4894 -17 -11.0902
    endloop
  endfacet
  facet normal 0.933584 0 -0.358358
    outer loop
      vertex -12.8645 -17 -12.0674
      vertex -12.4894 -25 -11.0902
      vertex -12.8645 -25 -12.0674
    endloop
  endfacet
  facet normal -0.933584 0 -0.358358
    outer loop
      vertex -31.1355 -25 -12.0674
      vertex -31.5106 -17 -11.0902
      vertex -31.1355 -17 -12.0674
    endloop
  endfacet
  facet normal -0.933584 -0 -0.358358
    outer loop
      vertex -31.5106 -17 -11.0902
      vertex -31.1355 -25 -12.0674
      vertex -31.5106 -25 -11.0902
    endloop
  endfacet
  facet normal -0.987695 0 0.156393
    outer loop
      vertex -31.9452 -25 -6.95472
      vertex -31.7815 -17 -5.92088
      vertex -31.9452 -17 -6.95472
    endloop
  endfacet
  facet normal -0.987695 0 0.156393
    outer loop
      vertex -31.7815 -17 -5.92088
      vertex -31.9452 -25 -6.95472
      vertex -31.7815 -25 -5.92088
    endloop
  endfacet
  facet normal 0.0523342 0 0.99863
    outer loop
      vertex -22 -17 2
      vertex -20.9547 -25 1.94522
      vertex -20.9547 -17 1.94522
    endloop
  endfacet
  facet normal 0.0523342 0 0.99863
    outer loop
      vertex -20.9547 -25 1.94522
      vertex -22 -17 2
      vertex -22 -25 2
    endloop
  endfacet
  facet normal 0.891006 -0 0.453991
    outer loop
      vertex -13.3397 -25 -3
      vertex -12.8645 -17 -3.93263
      vertex -13.3397 -17 -3
    endloop
  endfacet
  facet normal 0.891006 0 0.453991
    outer loop
      vertex -12.8645 -17 -3.93263
      vertex -13.3397 -25 -3
      vertex -12.8645 -25 -3.93263
    endloop
  endfacet
  facet normal -0.838663 0 0.544651
    outer loop
      vertex -30.6603 -25 -3
      vertex -30.0902 -17 -2.12215
      vertex -30.6603 -17 -3
    endloop
  endfacet
  facet normal -0.838663 0 0.544651
    outer loop
      vertex -30.0902 -17 -2.12215
      vertex -30.6603 -25 -3
      vertex -30.0902 -25 -2.12215
    endloop
  endfacet
  facet normal -0.629346 0 0.777126
    outer loop
      vertex -28.6913 -17 -0.568552
      vertex -27.8779 -25 0.0901699
      vertex -27.8779 -17 0.0901699
    endloop
  endfacet
  facet normal -0.629346 0 0.777126
    outer loop
      vertex -27.8779 -25 0.0901699
      vertex -28.6913 -17 -0.568552
      vertex -28.6913 -25 -0.568552
    endloop
  endfacet
  facet normal -0.933584 0 0.358358
    outer loop
      vertex -31.5106 -25 -4.90983
      vertex -31.1355 -17 -3.93263
      vertex -31.5106 -17 -4.90983
    endloop
  endfacet
  facet normal -0.933584 0 0.358358
    outer loop
      vertex -31.1355 -17 -3.93263
      vertex -31.5106 -25 -4.90983
      vertex -31.1355 -25 -3.93263
    endloop
  endfacet
  facet normal -0.891 0 -0.454003
    outer loop
      vertex -30.6603 -25 -13
      vertex -31.1355 -17 -12.0674
      vertex -30.6603 -17 -13
    endloop
  endfacet
  facet normal -0.891 -0 -0.454003
    outer loop
      vertex -31.1355 -17 -12.0674
      vertex -30.6603 -25 -13
      vertex -31.1355 -25 -12.0674
    endloop
  endfacet
  facet normal 0.258798 0 -0.965931
    outer loop
      vertex -19.9209 -25 -17.7815
      vertex -18.9098 -17 -17.5106
      vertex -18.9098 -25 -17.5106
    endloop
  endfacet
  facet normal 0.258798 0 -0.965931
    outer loop
      vertex -18.9098 -17 -17.5106
      vertex -19.9209 -25 -17.7815
      vertex -19.9209 -17 -17.7815
    endloop
  endfacet
  facet normal 0.629391 0 -0.777089
    outer loop
      vertex -16.1221 -25 -16.0902
      vertex -15.3087 -17 -15.4314
      vertex -15.3087 -25 -15.4314
    endloop
  endfacet
  facet normal 0.629391 0 -0.777089
    outer loop
      vertex -15.3087 -17 -15.4314
      vertex -16.1221 -25 -16.0902
      vertex -16.1221 -17 -16.0902
    endloop
  endfacet
  facet normal -0.258798 0 -0.965931
    outer loop
      vertex -25.0902 -25 -17.5106
      vertex -24.0791 -17 -17.7815
      vertex -24.0791 -25 -17.7815
    endloop
  endfacet
  facet normal -0.258798 0 -0.965931
    outer loop
      vertex -24.0791 -17 -17.7815
      vertex -25.0902 -25 -17.5106
      vertex -25.0902 -17 -17.5106
    endloop
  endfacet
  facet normal -0.998629 0 -0.0523542
    outer loop
      vertex -31.9452 -25 -9.04528
      vertex -32 -17 -8
      vertex -31.9452 -17 -9.04528
    endloop
  endfacet
  facet normal -0.998629 -0 -0.0523542
    outer loop
      vertex -32 -17 -8
      vertex -31.9452 -25 -9.04528
      vertex -32 -25 -8
    endloop
  endfacet
  facet normal 0.156436 0 0.987688
    outer loop
      vertex -20.9547 -17 1.94522
      vertex -19.9209 -25 1.78148
      vertex -19.9209 -17 1.78148
    endloop
  endfacet
  facet normal 0.156436 0 0.987688
    outer loop
      vertex -19.9209 -25 1.78148
      vertex -20.9547 -17 1.94522
      vertex -20.9547 -25 1.94522
    endloop
  endfacet
  facet normal -0.777089 0 -0.629391
    outer loop
      vertex -29.4314 -25 -14.6913
      vertex -30.0902 -17 -13.8779
      vertex -29.4314 -17 -14.6913
    endloop
  endfacet
  facet normal -0.777089 -0 -0.629391
    outer loop
      vertex -30.0902 -17 -13.8779
      vertex -29.4314 -25 -14.6913
      vertex -30.0902 -25 -13.8779
    endloop
  endfacet
  facet normal -0.454 0 0.891002
    outer loop
      vertex -27 -17 0.660254
      vertex -26.0674 -25 1.13545
      vertex -26.0674 -17 1.13545
    endloop
  endfacet
  facet normal -0.454 0 0.891002
    outer loop
      vertex -26.0674 -25 1.13545
      vertex -27 -17 0.660254
      vertex -27 -25 0.660254
    endloop
  endfacet
  facet normal -0.965928 0 0.25881
    outer loop
      vertex -31.7815 -25 -5.92088
      vertex -31.5106 -17 -4.90983
      vertex -31.7815 -17 -5.92088
    endloop
  endfacet
  facet normal -0.965928 0 0.25881
    outer loop
      vertex -31.5106 -17 -4.90983
      vertex -31.7815 -25 -5.92088
      vertex -31.5106 -25 -4.90983
    endloop
  endfacet
  facet normal -0.707107 0 -0.707107
    outer loop
      vertex -28.6913 -25 -15.4314
      vertex -29.4314 -17 -14.6913
      vertex -28.6913 -17 -15.4314
    endloop
  endfacet
  facet normal -0.707107 -0 -0.707107
    outer loop
      vertex -29.4314 -17 -14.6913
      vertex -28.6913 -25 -15.4314
      vertex -29.4314 -25 -14.6913
    endloop
  endfacet
  facet normal 0.544629 0 -0.838677
    outer loop
      vertex -17 -25 -16.6603
      vertex -16.1221 -17 -16.0902
      vertex -16.1221 -25 -16.0902
    endloop
  endfacet
  facet normal 0.544629 0 -0.838677
    outer loop
      vertex -16.1221 -17 -16.0902
      vertex -17 -25 -16.6603
      vertex -17 -17 -16.6603
    endloop
  endfacet
  facet normal 0 1 0
    outer loop
      vertex -20.9547 -17 1.94522
      vertex -21.4774 -17 -3.02739
      vertex -22 -17 -3
    endloop
  endfacet
  facet normal 0 1 0
    outer loop
      vertex -13.9098 -17 -2.12215
      vertex -20.9604 -17 -3.10926
      vertex -21.4774 -17 -3.02739
    endloop
  endfacet
  facet normal 0 1 0
    outer loop
      vertex -13.9098 -17 -2.12215
      vertex -20.4549 -17 -3.24472
      vertex -20.9604 -17 -3.10926
    endloop
  endfacet
  facet normal 0 1 0
    outer loop
      vertex -13.9098 -17 -2.12215
      vertex -19.9663 -17 -3.43227
      vertex -20.4549 -17 -3.24472
    endloop
  endfacet
  facet normal 0 1 0
    outer loop
      vertex -13.9098 -17 -2.12215
      vertex -19.5 -17 -3.66987
      vertex -19.9663 -17 -3.43227
    endloop
  endfacet
  facet normal 0 1 0
    outer loop
      vertex -17.6699 -17 -5.5
      vertex -13.3397 -17 -3
      vertex -12.8645 -17 -3.93263
    endloop
  endfacet
  facet normal 0 1 0
    outer loop
      vertex -13.9098 -17 -2.12215
      vertex -19.0611 -17 -3.95492
      vertex -19.5 -17 -3.66987
    endloop
  endfacet
  facet normal 0 1 0
    outer loop
      vertex -13.9098 -17 -2.12215
      vertex -18.6543 -17 -4.28428
      vertex -19.0611 -17 -3.95492
    endloop
  endfacet
  facet normal 0 1 0
    outer loop
      vertex -13.9098 -17 -2.12215
      vertex -18.2843 -17 -4.65435
      vertex -18.6543 -17 -4.28428
    endloop
  endfacet
  facet normal 0 1 0
    outer loop
      vertex -17.4323 -17 -5.96632
      vertex -12.8645 -17 -3.93263
      vertex -12.4894 -17 -4.90983
    endloop
  endfacet
  facet normal 0 1 0
    outer loop
      vertex -13.9098 -17 -2.12215
      vertex -17.9549 -17 -5.06107
      vertex -18.2843 -17 -4.65435
    endloop
  endfacet
  facet normal 0 1 0
    outer loop
      vertex -13.3397 -17 -3
      vertex -17.6699 -17 -5.5
      vertex -17.9549 -17 -5.06107
    endloop
  endfacet
  facet normal 0 1 0
    outer loop
      vertex -17.2447 -17 -6.45492
      vertex -12.4894 -17 -4.90983
      vertex -12.2185 -17 -5.92088
    endloop
  endfacet
  facet normal 0 1 0
    outer loop
      vertex -12.8645 -17 -3.93263
      vertex -17.4323 -17 -5.96632
      vertex -17.6699 -17 -5.5
    endloop
  endfacet
  facet normal 0 1 0
    outer loop
      vertex -12.4894 -17 -4.90983
      vertex -17.2447 -17 -6.45492
      vertex -17.4323 -17 -5.96632
    endloop
  endfacet
  facet normal 0 1 0
    outer loop
      vertex -17.1093 -17 -6.96044
      vertex -12.2185 -17 -5.92088
      vertex -12.0548 -17 -6.95472
    endloop
  endfacet
  facet normal 0 1 0
    outer loop
      vertex -12.2185 -17 -5.92088
      vertex -17.1093 -17 -6.96044
      vertex -17.2447 -17 -6.45492
    endloop
  endfacet
  facet normal 0 1 0
    outer loop
      vertex -12.0548 -17 -6.95472
      vertex -17.0274 -17 -7.47736
      vertex -17.1093 -17 -6.96044
    endloop
  endfacet
  facet normal 0 1 0
    outer loop
      vertex -12 -17 -8
      vertex -17.0274 -17 -7.47736
      vertex -12.0548 -17 -6.95472
    endloop
  endfacet
  facet normal 0 1 0
    outer loop
      vertex -12 -17 -8
      vertex -17 -17 -8
      vertex -17.0274 -17 -7.47736
    endloop
  endfacet
  facet normal 0 1 0
    outer loop
      vertex -12 -17 -8
      vertex -17.0274 -17 -8.52264
      vertex -17 -17 -8
    endloop
  endfacet
  facet normal 0 1 -0
    outer loop
      vertex -12.0548 -17 -9.04528
      vertex -17.0274 -17 -8.52264
      vertex -12 -17 -8
    endloop
  endfacet
  facet normal 0 1 0
    outer loop
      vertex -17.0274 -17 -8.52264
      vertex -12.0548 -17 -9.04528
      vertex -17.1093 -17 -9.03956
    endloop
  endfacet
  facet normal 0 1 -0
    outer loop
      vertex -12.2185 -17 -10.0791
      vertex -17.1093 -17 -9.03956
      vertex -12.0548 -17 -9.04528
    endloop
  endfacet
  facet normal 0 1 0
    outer loop
      vertex -17.1093 -17 -9.03956
      vertex -12.2185 -17 -10.0791
      vertex -17.2447 -17 -9.54508
    endloop
  endfacet
  facet normal 0 1 -0
    outer loop
      vertex -12.4894 -17 -11.0902
      vertex -17.2447 -17 -9.54508
      vertex -12.2185 -17 -10.0791
    endloop
  endfacet
  facet normal 0 1 0
    outer loop
      vertex -17.2447 -17 -9.54508
      vertex -12.4894 -17 -11.0902
      vertex -17.4323 -17 -10.0337
    endloop
  endfacet
  facet normal 0 1 -0
    outer loop
      vertex -12.8645 -17 -12.0674
      vertex -17.4323 -17 -10.0337
      vertex -12.4894 -17 -11.0902
    endloop
  endfacet
  facet normal 0 1 0
    outer loop
      vertex -17.4323 -17 -10.0337
      vertex -12.8645 -17 -12.0674
      vertex -17.6699 -17 -10.5
    endloop
  endfacet
  facet normal 0 1 -0
    outer loop
      vertex -13.3397 -17 -13
      vertex -17.6699 -17 -10.5
      vertex -12.8645 -17 -12.0674
    endloop
  endfacet
  facet normal 0 1 0
    outer loop
      vertex -17.6699 -17 -10.5
      vertex -13.3397 -17 -13
      vertex -17.9549 -17 -10.9389
    endloop
  endfacet
  facet normal 0 1 -0
    outer loop
      vertex -13.9098 -17 -13.8779
      vertex -17.9549 -17 -10.9389
      vertex -13.3397 -17 -13
    endloop
  endfacet
  facet normal 0 1 0
    outer loop
      vertex -17.9549 -17 -10.9389
      vertex -13.9098 -17 -13.8779
      vertex -18.2843 -17 -11.3457
    endloop
  endfacet
  facet normal 0 1 -0
    outer loop
      vertex -14.5686 -17 -14.6913
      vertex -18.2843 -17 -11.3457
      vertex -13.9098 -17 -13.8779
    endloop
  endfacet
  facet normal 0 1 0
    outer loop
      vertex -18.2843 -17 -11.3457
      vertex -14.5686 -17 -14.6913
      vertex -18.6543 -17 -11.7157
    endloop
  endfacet
  facet normal 0 1 -0
    outer loop
      vertex -15.3087 -17 -15.4314
      vertex -18.6543 -17 -11.7157
      vertex -14.5686 -17 -14.6913
    endloop
  endfacet
  facet normal 0 1 0
    outer loop
      vertex -18.6543 -17 -11.7157
      vertex -15.3087 -17 -15.4314
      vertex -19.0611 -17 -12.0451
    endloop
  endfacet
  facet normal 0 1 -0
    outer loop
      vertex -16.1221 -17 -16.0902
      vertex -19.0611 -17 -12.0451
      vertex -15.3087 -17 -15.4314
    endloop
  endfacet
  facet normal 0 1 0
    outer loop
      vertex -19.0611 -17 -12.0451
      vertex -16.1221 -17 -16.0902
      vertex -19.5 -17 -12.3301
    endloop
  endfacet
  facet normal 0 1 -0
    outer loop
      vertex -17 -17 -16.6603
      vertex -19.5 -17 -12.3301
      vertex -16.1221 -17 -16.0902
    endloop
  endfacet
  facet normal 0 1 0
    outer loop
      vertex -19.5 -17 -12.3301
      vertex -17 -17 -16.6603
      vertex -19.9663 -17 -12.5677
    endloop
  endfacet
  facet normal 0 1 -0
    outer loop
      vertex -17.9326 -17 -17.1355
      vertex -19.9663 -17 -12.5677
      vertex -17 -17 -16.6603
    endloop
  endfacet
  facet normal 0 1 0
    outer loop
      vertex -22 -17 -13
      vertex -30.0902 -17 -13.8779
      vertex -30.6603 -17 -13
    endloop
  endfacet
  facet normal 0 1 0
    outer loop
      vertex -19.9663 -17 -12.5677
      vertex -17.9326 -17 -17.1355
      vertex -20.4549 -17 -12.7553
    endloop
  endfacet
  facet normal 0 1 0
    outer loop
      vertex -22 -17 -13
      vertex -29.4314 -17 -14.6913
      vertex -30.0902 -17 -13.8779
    endloop
  endfacet
  facet normal 0 1 -0
    outer loop
      vertex -18.9098 -17 -17.5106
      vertex -20.4549 -17 -12.7553
      vertex -17.9326 -17 -17.1355
    endloop
  endfacet
  facet normal 0 1 0
    outer loop
      vertex -22 -17 -13
      vertex -28.6913 -17 -15.4314
      vertex -29.4314 -17 -14.6913
    endloop
  endfacet
  facet normal 0 1 0
    outer loop
      vertex -20.4549 -17 -12.7553
      vertex -18.9098 -17 -17.5106
      vertex -20.9604 -17 -12.8907
    endloop
  endfacet
  facet normal 0 1 0
    outer loop
      vertex -22 -17 -13
      vertex -27.8779 -17 -16.0902
      vertex -28.6913 -17 -15.4314
    endloop
  endfacet
  facet normal 0 1 -0
    outer loop
      vertex -19.9209 -17 -17.7815
      vertex -20.9604 -17 -12.8907
      vertex -18.9098 -17 -17.5106
    endloop
  endfacet
  facet normal 0 1 0
    outer loop
      vertex -22 -17 -13
      vertex -27 -17 -16.6603
      vertex -27.8779 -17 -16.0902
    endloop
  endfacet
  facet normal 0 1 0
    outer loop
      vertex -20.9604 -17 -12.8907
      vertex -19.9209 -17 -17.7815
      vertex -21.4774 -17 -12.9726
    endloop
  endfacet
  facet normal 0 1 0
    outer loop
      vertex -22 -17 -13
      vertex -26.0674 -17 -17.1355
      vertex -27 -17 -16.6603
    endloop
  endfacet
  facet normal 0 1 -0
    outer loop
      vertex -20.9547 -17 -17.9452
      vertex -21.4774 -17 -12.9726
      vertex -19.9209 -17 -17.7815
    endloop
  endfacet
  facet normal 0 1 0
    outer loop
      vertex -22 -17 -13
      vertex -25.0902 -17 -17.5106
      vertex -26.0674 -17 -17.1355
    endloop
  endfacet
  facet normal 0 1 0
    outer loop
      vertex -21.4774 -17 -12.9726
      vertex -20.9547 -17 -17.9452
      vertex -22 -17 -13
    endloop
  endfacet
  facet normal 0 1 0
    outer loop
      vertex -22 -17 -13
      vertex -24.0791 -17 -17.7815
      vertex -25.0902 -17 -17.5106
    endloop
  endfacet
  facet normal 0 1 0
    outer loop
      vertex -22 -17 -18
      vertex -22 -17 -13
      vertex -20.9547 -17 -17.9452
    endloop
  endfacet
  facet normal 0 1 0
    outer loop
      vertex -22 -17 -13
      vertex -23.0453 -17 -17.9452
      vertex -24.0791 -17 -17.7815
    endloop
  endfacet
  facet normal 0 1 0
    outer loop
      vertex -22 -17 -13
      vertex -22 -17 -18
      vertex -23.0453 -17 -17.9452
    endloop
  endfacet
  facet normal 0 1 0
    outer loop
      vertex -22 -17 -3
      vertex -22 -17 2
      vertex -20.9547 -17 1.94522
    endloop
  endfacet
  facet normal 0 1 0
    outer loop
      vertex -21.4774 -17 -3.02739
      vertex -20.9547 -17 1.94522
      vertex -19.9209 -17 1.78148
    endloop
  endfacet
  facet normal 0 1 0
    outer loop
      vertex -22 -17 2
      vertex -22 -17 -3
      vertex -23.0453 -17 1.94522
    endloop
  endfacet
  facet normal 0 1 0
    outer loop
      vertex -21.4774 -17 -3.02739
      vertex -19.9209 -17 1.78148
      vertex -18.9098 -17 1.51056
    endloop
  endfacet
  facet normal 0 1 -0
    outer loop
      vertex -22.5226 -17 -3.02739
      vertex -23.0453 -17 1.94522
      vertex -22 -17 -3
    endloop
  endfacet
  facet normal 0 1 0
    outer loop
      vertex -21.4774 -17 -3.02739
      vertex -18.9098 -17 1.51056
      vertex -17.9326 -17 1.13545
    endloop
  endfacet
  facet normal 0 1 0
    outer loop
      vertex -23.0453 -17 1.94522
      vertex -22.5226 -17 -3.02739
      vertex -24.0791 -17 1.78148
    endloop
  endfacet
  facet normal 0 1 0
    outer loop
      vertex -21.4774 -17 -3.02739
      vertex -17.9326 -17 1.13545
      vertex -17 -17 0.660254
    endloop
  endfacet
  facet normal 0 1 -0
    outer loop
      vertex -23.0396 -17 -3.10926
      vertex -24.0791 -17 1.78148
      vertex -22.5226 -17 -3.02739
    endloop
  endfacet
  facet normal 0 1 0
    outer loop
      vertex -21.4774 -17 -3.02739
      vertex -17 -17 0.660254
      vertex -16.1221 -17 0.0901699
    endloop
  endfacet
  facet normal 0 1 0
    outer loop
      vertex -24.0791 -17 1.78148
      vertex -23.0396 -17 -3.10926
      vertex -25.0902 -17 1.51056
    endloop
  endfacet
  facet normal 0 1 0
    outer loop
      vertex -21.4774 -17 -3.02739
      vertex -16.1221 -17 0.0901699
      vertex -15.3087 -17 -0.568552
    endloop
  endfacet
  facet normal 0 1 -0
    outer loop
      vertex -23.5451 -17 -3.24472
      vertex -25.0902 -17 1.51056
      vertex -23.0396 -17 -3.10926
    endloop
  endfacet
  facet normal 0 1 0
    outer loop
      vertex -21.4774 -17 -3.02739
      vertex -15.3087 -17 -0.568552
      vertex -14.5686 -17 -1.30869
    endloop
  endfacet
  facet normal 0 1 0
    outer loop
      vertex -25.0902 -17 1.51056
      vertex -23.5451 -17 -3.24472
      vertex -26.0674 -17 1.13545
    endloop
  endfacet
  facet normal 0 1 0
    outer loop
      vertex -21.4774 -17 -3.02739
      vertex -14.5686 -17 -1.30869
      vertex -13.9098 -17 -2.12215
    endloop
  endfacet
  facet normal 0 1 -0
    outer loop
      vertex -24.0337 -17 -3.43227
      vertex -26.0674 -17 1.13545
      vertex -23.5451 -17 -3.24472
    endloop
  endfacet
  facet normal 0 1 0
    outer loop
      vertex -17.9549 -17 -5.06107
      vertex -13.9098 -17 -2.12215
      vertex -13.3397 -17 -3
    endloop
  endfacet
  facet normal 0 1 0
    outer loop
      vertex -26.0674 -17 1.13545
      vertex -24.0337 -17 -3.43227
      vertex -27 -17 0.660254
    endloop
  endfacet
  facet normal 0 1 -0
    outer loop
      vertex -24.5 -17 -3.66987
      vertex -27 -17 0.660254
      vertex -24.0337 -17 -3.43227
    endloop
  endfacet
  facet normal 0 1 0
    outer loop
      vertex -27 -17 0.660254
      vertex -24.5 -17 -3.66987
      vertex -27.8779 -17 0.0901699
    endloop
  endfacet
  facet normal 0 1 -0
    outer loop
      vertex -24.9389 -17 -3.95492
      vertex -27.8779 -17 0.0901699
      vertex -24.5 -17 -3.66987
    endloop
  endfacet
  facet normal 0 1 0
    outer loop
      vertex -27.8779 -17 0.0901699
      vertex -24.9389 -17 -3.95492
      vertex -28.6913 -17 -0.568552
    endloop
  endfacet
  facet normal 0 1 -0
    outer loop
      vertex -25.3457 -17 -4.28428
      vertex -28.6913 -17 -0.568552
      vertex -24.9389 -17 -3.95492
    endloop
  endfacet
  facet normal 0 1 0
    outer loop
      vertex -28.6913 -17 -0.568552
      vertex -25.3457 -17 -4.28428
      vertex -29.4314 -17 -1.30869
    endloop
  endfacet
  facet normal 0 1 -0
    outer loop
      vertex -25.7157 -17 -4.65435
      vertex -29.4314 -17 -1.30869
      vertex -25.3457 -17 -4.28428
    endloop
  endfacet
  facet normal 0 1 0
    outer loop
      vertex -29.4314 -17 -1.30869
      vertex -25.7157 -17 -4.65435
      vertex -30.0902 -17 -2.12215
    endloop
  endfacet
  facet normal 0 1 -0
    outer loop
      vertex -26.0451 -17 -5.06107
      vertex -30.0902 -17 -2.12215
      vertex -25.7157 -17 -4.65435
    endloop
  endfacet
  facet normal 0 1 0
    outer loop
      vertex -30.0902 -17 -2.12215
      vertex -26.0451 -17 -5.06107
      vertex -30.6603 -17 -3
    endloop
  endfacet
  facet normal 0 1 -0
    outer loop
      vertex -26.3301 -17 -5.5
      vertex -30.6603 -17 -3
      vertex -26.0451 -17 -5.06107
    endloop
  endfacet
  facet normal 0 1 0
    outer loop
      vertex -30.6603 -17 -3
      vertex -26.3301 -17 -5.5
      vertex -31.1355 -17 -3.93263
    endloop
  endfacet
  facet normal 0 1 -0
    outer loop
      vertex -26.5677 -17 -5.96632
      vertex -31.1355 -17 -3.93263
      vertex -26.3301 -17 -5.5
    endloop
  endfacet
  facet normal 0 1 0
    outer loop
      vertex -31.1355 -17 -3.93263
      vertex -26.5677 -17 -5.96632
      vertex -31.5106 -17 -4.90983
    endloop
  endfacet
  facet normal 0 1 -0
    outer loop
      vertex -26.7553 -17 -6.45492
      vertex -31.5106 -17 -4.90983
      vertex -26.5677 -17 -5.96632
    endloop
  endfacet
  facet normal 0 1 0
    outer loop
      vertex -31.5106 -17 -4.90983
      vertex -26.7553 -17 -6.45492
      vertex -31.7815 -17 -5.92088
    endloop
  endfacet
  facet normal 0 1 -0
    outer loop
      vertex -26.8907 -17 -6.96044
      vertex -31.7815 -17 -5.92088
      vertex -26.7553 -17 -6.45492
    endloop
  endfacet
  facet normal 0 1 0
    outer loop
      vertex -31.7815 -17 -5.92088
      vertex -26.8907 -17 -6.96044
      vertex -31.9452 -17 -6.95472
    endloop
  endfacet
  facet normal 0 1 -0
    outer loop
      vertex -26.9726 -17 -7.47736
      vertex -31.9452 -17 -6.95472
      vertex -26.8907 -17 -6.96044
    endloop
  endfacet
  facet normal 0 1 -0
    outer loop
      vertex -27 -17 -8
      vertex -31.9452 -17 -6.95472
      vertex -26.9726 -17 -7.47736
    endloop
  endfacet
  facet normal 0 1 0
    outer loop
      vertex -27 -17 -8
      vertex -32 -17 -8
      vertex -31.9452 -17 -6.95472
    endloop
  endfacet
  facet normal 0 1 0
    outer loop
      vertex -26.9726 -17 -8.52264
      vertex -32 -17 -8
      vertex -27 -17 -8
    endloop
  endfacet
  facet normal 0 1 0
    outer loop
      vertex -31.9452 -17 -9.04528
      vertex -26.9726 -17 -8.52264
      vertex -26.8907 -17 -9.03956
    endloop
  endfacet
  facet normal 0 1 0
    outer loop
      vertex -26.9726 -17 -8.52264
      vertex -31.9452 -17 -9.04528
      vertex -32 -17 -8
    endloop
  endfacet
  facet normal 0 1 0
    outer loop
      vertex -31.7815 -17 -10.0791
      vertex -26.8907 -17 -9.03956
      vertex -26.7553 -17 -9.54508
    endloop
  endfacet
  facet normal 0 1 0
    outer loop
      vertex -31.5106 -17 -11.0902
      vertex -26.7553 -17 -9.54508
      vertex -26.5677 -17 -10.0337
    endloop
  endfacet
  facet normal 0 1 0
    outer loop
      vertex -26.8907 -17 -9.03956
      vertex -31.7815 -17 -10.0791
      vertex -31.9452 -17 -9.04528
    endloop
  endfacet
  facet normal 0 1 0
    outer loop
      vertex -31.1355 -17 -12.0674
      vertex -26.5677 -17 -10.0337
      vertex -26.3301 -17 -10.5
    endloop
  endfacet
  facet normal 0 1 0
    outer loop
      vertex -30.6603 -17 -13
      vertex -26.3301 -17 -10.5
      vertex -26.0451 -17 -10.9389
    endloop
  endfacet
  facet normal 0 1 0
    outer loop
      vertex -26.7553 -17 -9.54508
      vertex -31.5106 -17 -11.0902
      vertex -31.7815 -17 -10.0791
    endloop
  endfacet
  facet normal 0 1 0
    outer loop
      vertex -30.6603 -17 -13
      vertex -26.0451 -17 -10.9389
      vertex -25.7157 -17 -11.3457
    endloop
  endfacet
  facet normal 0 1 0
    outer loop
      vertex -30.6603 -17 -13
      vertex -25.7157 -17 -11.3457
      vertex -25.3457 -17 -11.7157
    endloop
  endfacet
  facet normal 0 1 0
    outer loop
      vertex -30.6603 -17 -13
      vertex -25.3457 -17 -11.7157
      vertex -24.9389 -17 -12.0451
    endloop
  endfacet
  facet normal 0 1 0
    outer loop
      vertex -26.5677 -17 -10.0337
      vertex -31.1355 -17 -12.0674
      vertex -31.5106 -17 -11.0902
    endloop
  endfacet
  facet normal 0 1 0
    outer loop
      vertex -30.6603 -17 -13
      vertex -24.9389 -17 -12.0451
      vertex -24.5 -17 -12.3301
    endloop
  endfacet
  facet normal 0 1 0
    outer loop
      vertex -30.6603 -17 -13
      vertex -24.5 -17 -12.3301
      vertex -24.0337 -17 -12.5677
    endloop
  endfacet
  facet normal 0 1 0
    outer loop
      vertex -30.6603 -17 -13
      vertex -24.0337 -17 -12.5677
      vertex -23.5451 -17 -12.7553
    endloop
  endfacet
  facet normal 0 1 0
    outer loop
      vertex -30.6603 -17 -13
      vertex -23.5451 -17 -12.7553
      vertex -23.0396 -17 -12.8907
    endloop
  endfacet
  facet normal 0 1 0
    outer loop
      vertex -30.6603 -17 -13
      vertex -23.0396 -17 -12.8907
      vertex -22.5226 -17 -12.9726
    endloop
  endfacet
  facet normal 0 1 0
    outer loop
      vertex -26.3301 -17 -10.5
      vertex -30.6603 -17 -13
      vertex -31.1355 -17 -12.0674
    endloop
  endfacet
  facet normal 0 1 0
    outer loop
      vertex -30.6603 -17 -13
      vertex -22.5226 -17 -12.9726
      vertex -22 -17 -13
    endloop
  endfacet
  facet normal -0.0523532 0 -0.998629
    outer loop
      vertex -23.0453 -25 -17.9452
      vertex -22 -17 -18
      vertex -22 -25 -18
    endloop
  endfacet
  facet normal -0.0523532 0 -0.998629
    outer loop
      vertex -22 -17 -18
      vertex -23.0453 -25 -17.9452
      vertex -23.0453 -17 -17.9452
    endloop
  endfacet
  facet normal -0.998629 0 0.0523542
    outer loop
      vertex -32 -25 -8
      vertex -31.9452 -17 -6.95472
      vertex -32 -17 -8
    endloop
  endfacet
  facet normal -0.998629 0 0.0523542
    outer loop
      vertex -31.9452 -17 -6.95472
      vertex -32 -25 -8
      vertex -31.9452 -25 -6.95472
    endloop
  endfacet
  facet normal -0.358358 0 -0.933584
    outer loop
      vertex -26.0674 -25 -17.1355
      vertex -25.0902 -17 -17.5106
      vertex -25.0902 -25 -17.5106
    endloop
  endfacet
  facet normal -0.358358 0 -0.933584
    outer loop
      vertex -25.0902 -17 -17.5106
      vertex -26.0674 -25 -17.1355
      vertex -26.0674 -17 -17.1355
    endloop
  endfacet
  facet normal -0.544629 0 -0.838677
    outer loop
      vertex -27.8779 -25 -16.0902
      vertex -27 -17 -16.6603
      vertex -27 -25 -16.6603
    endloop
  endfacet
  facet normal -0.544629 0 -0.838677
    outer loop
      vertex -27 -17 -16.6603
      vertex -27.8779 -25 -16.0902
      vertex -27.8779 -17 -16.0902
    endloop
  endfacet
  facet normal 0.707107 0 -0.707107
    outer loop
      vertex -14.5686 -25 -14.6913
      vertex -15.3087 -17 -15.4314
      vertex -14.5686 -17 -14.6913
    endloop
  endfacet
  facet normal 0.707107 0 -0.707107
    outer loop
      vertex -15.3087 -17 -15.4314
      vertex -14.5686 -25 -14.6913
      vertex -15.3087 -25 -15.4314
    endloop
  endfacet
  facet normal -0.156407 0 -0.987693
    outer loop
      vertex -21.4774 -25 -3.02739
      vertex -20.9604 -17 -3.10926
      vertex -20.9604 -25 -3.10926
    endloop
  endfacet
  facet normal -0.156407 0 -0.987693
    outer loop
      vertex -20.9604 -17 -3.10926
      vertex -21.4774 -25 -3.02739
      vertex -21.4774 -17 -3.02739
    endloop
  endfacet
  facet normal -0.98768 0 -0.156486
    outer loop
      vertex -17.0274 -25 -7.47736
      vertex -17.1093 -17 -6.96044
      vertex -17.0274 -17 -7.47736
    endloop
  endfacet
  facet normal -0.98768 -0 -0.156486
    outer loop
      vertex -17.1093 -17 -6.96044
      vertex -17.0274 -25 -7.47736
      vertex -17.1093 -25 -6.96044
    endloop
  endfacet
  facet normal -0.998629 0 -0.0523542
    outer loop
      vertex -17 -25 -8
      vertex -17.0274 -17 -7.47736
      vertex -17 -17 -8
    endloop
  endfacet
  facet normal -0.998629 -0 -0.0523542
    outer loop
      vertex -17.0274 -17 -7.47736
      vertex -17 -25 -8
      vertex -17.0274 -25 -7.47736
    endloop
  endfacet
  facet normal -0.965951 0 -0.258723
    outer loop
      vertex -17.1093 -25 -6.96044
      vertex -17.2447 -17 -6.45492
      vertex -17.1093 -17 -6.96044
    endloop
  endfacet
  facet normal -0.965951 -0 -0.258723
    outer loop
      vertex -17.2447 -17 -6.45492
      vertex -17.1093 -25 -6.96044
      vertex -17.2447 -25 -6.45492
    endloop
  endfacet
  facet normal 0.0523392 0 -0.998629
    outer loop
      vertex -22.5226 -25 -3.02739
      vertex -22 -17 -3
      vertex -22 -25 -3
    endloop
  endfacet
  facet normal 0.0523392 0 -0.998629
    outer loop
      vertex -22 -17 -3
      vertex -22.5226 -25 -3.02739
      vertex -22.5226 -17 -3.02739
    endloop
  endfacet
  facet normal -0.0523582 0 0.998628
    outer loop
      vertex -22 -17 -13
      vertex -21.4774 -25 -12.9726
      vertex -21.4774 -17 -12.9726
    endloop
  endfacet
  facet normal -0.0523582 0 0.998628
    outer loop
      vertex -21.4774 -25 -12.9726
      vertex -22 -17 -13
      vertex -22 -25 -13
    endloop
  endfacet
  facet normal 0.98768 -0 0.156486
    outer loop
      vertex -26.9726 -25 -8.52264
      vertex -26.8907 -17 -9.03956
      vertex -26.9726 -17 -8.52264
    endloop
  endfacet
  facet normal 0.98768 0 0.156486
    outer loop
      vertex -26.8907 -17 -9.03956
      vertex -26.9726 -25 -8.52264
      vertex -26.8907 -25 -9.03956
    endloop
  endfacet
  facet normal 0.891008 0 -0.453988
    outer loop
      vertex -26.3301 -25 -5.5
      vertex -26.5677 -17 -5.96632
      vertex -26.3301 -17 -5.5
    endloop
  endfacet
  facet normal 0.891008 0 -0.453988
    outer loop
      vertex -26.5677 -17 -5.96632
      vertex -26.3301 -25 -5.5
      vertex -26.5677 -25 -5.96632
    endloop
  endfacet
  facet normal 0.707174 0 -0.70704
    outer loop
      vertex -25.3457 -25 -4.28428
      vertex -25.7157 -17 -4.65435
      vertex -25.3457 -17 -4.28428
    endloop
  endfacet
  facet normal 0.707174 0 -0.70704
    outer loop
      vertex -25.7157 -17 -4.65435
      vertex -25.3457 -25 -4.28428
      vertex -25.7157 -25 -4.65435
    endloop
  endfacet
  facet normal -0.707174 0 -0.70704
    outer loop
      vertex -18.2843 -25 -4.65435
      vertex -18.6543 -17 -4.28428
      vertex -18.2843 -17 -4.65435
    endloop
  endfacet
  facet normal -0.707174 -0 -0.70704
    outer loop
      vertex -18.6543 -17 -4.28428
      vertex -18.2843 -25 -4.65435
      vertex -18.6543 -25 -4.28428
    endloop
  endfacet
  facet normal -0.156463 0 0.987684
    outer loop
      vertex -21.4774 -17 -12.9726
      vertex -20.9604 -25 -12.8907
      vertex -20.9604 -17 -12.8907
    endloop
  endfacet
  facet normal -0.156463 0 0.987684
    outer loop
      vertex -20.9604 -25 -12.8907
      vertex -21.4774 -17 -12.9726
      vertex -21.4774 -25 -12.9726
    endloop
  endfacet
  facet normal -0.358358 0 -0.933584
    outer loop
      vertex -20.4549 -25 -3.24472
      vertex -19.9663 -17 -3.43227
      vertex -19.9663 -25 -3.43227
    endloop
  endfacet
  facet normal -0.358358 0 -0.933584
    outer loop
      vertex -19.9663 -17 -3.43227
      vertex -20.4549 -25 -3.24472
      vertex -20.4549 -17 -3.24472
    endloop
  endfacet
  facet normal 0.965951 -0 0.258723
    outer loop
      vertex -26.8907 -25 -9.03956
      vertex -26.7553 -17 -9.54508
      vertex -26.8907 -17 -9.03956
    endloop
  endfacet
  facet normal 0.965951 0 0.258723
    outer loop
      vertex -26.7553 -17 -9.54508
      vertex -26.8907 -25 -9.03956
      vertex -26.7553 -25 -9.54508
    endloop
  endfacet
  facet normal -0.98768 0 0.156486
    outer loop
      vertex -17.1093 -25 -9.03956
      vertex -17.0274 -17 -8.52264
      vertex -17.1093 -17 -9.03956
    endloop
  endfacet
  facet normal -0.98768 0 0.156486
    outer loop
      vertex -17.0274 -17 -8.52264
      vertex -17.1093 -25 -9.03956
      vertex -17.0274 -25 -8.52264
    endloop
  endfacet
  facet normal -0.629251 0 -0.777202
    outer loop
      vertex -19.0611 -25 -3.95492
      vertex -18.6543 -17 -4.28428
      vertex -18.6543 -25 -4.28428
    endloop
  endfacet
  facet normal -0.629251 0 -0.777202
    outer loop
      vertex -18.6543 -17 -4.28428
      vertex -19.0611 -25 -3.95492
      vertex -19.0611 -17 -3.95492
    endloop
  endfacet
  facet normal -0.358441 0 0.933552
    outer loop
      vertex -20.4549 -17 -12.7553
      vertex -19.9663 -25 -12.5677
      vertex -19.9663 -17 -12.5677
    endloop
  endfacet
  facet normal -0.358441 0 0.933552
    outer loop
      vertex -19.9663 -25 -12.5677
      vertex -20.4549 -17 -12.7553
      vertex -20.4549 -25 -12.7553
    endloop
  endfacet
  facet normal -0.838709 0 -0.544579
    outer loop
      vertex -17.6699 -25 -5.5
      vertex -17.9549 -17 -5.06107
      vertex -17.6699 -17 -5.5
    endloop
  endfacet
  facet normal -0.838709 -0 -0.544579
    outer loop
      vertex -17.9549 -17 -5.06107
      vertex -17.6699 -25 -5.5
      vertex -17.9549 -25 -5.06107
    endloop
  endfacet
  facet normal 0.25884 0 -0.96592
    outer loop
      vertex -23.5451 -25 -3.24472
      vertex -23.0396 -17 -3.10926
      vertex -23.0396 -25 -3.10926
    endloop
  endfacet
  facet normal 0.25884 0 -0.96592
    outer loop
      vertex -23.0396 -17 -3.10926
      vertex -23.5451 -25 -3.24472
      vertex -23.5451 -17 -3.24472
    endloop
  endfacet
  facet normal -0.998629 0 0.0523542
    outer loop
      vertex -17.0274 -25 -8.52264
      vertex -17 -17 -8
      vertex -17.0274 -17 -8.52264
    endloop
  endfacet
  facet normal -0.998629 0 0.0523542
    outer loop
      vertex -17 -17 -8
      vertex -17.0274 -25 -8.52264
      vertex -17 -25 -8
    endloop
  endfacet
  facet normal -0.933557 0 0.358428
    outer loop
      vertex -17.4323 -25 -10.0337
      vertex -17.2447 -17 -9.54508
      vertex -17.4323 -17 -10.0337
    endloop
  endfacet
  facet normal -0.933557 0 0.358428
    outer loop
      vertex -17.2447 -17 -9.54508
      vertex -17.4323 -25 -10.0337
      vertex -17.2447 -25 -9.54508
    endloop
  endfacet
  facet normal -0.838692 0 0.544605
    outer loop
      vertex -17.9549 -25 -10.9389
      vertex -17.6699 -17 -10.5
      vertex -17.9549 -17 -10.9389
    endloop
  endfacet
  facet normal -0.838692 0 0.544605
    outer loop
      vertex -17.6699 -17 -10.5
      vertex -17.9549 -25 -10.9389
      vertex -17.6699 -25 -10.5
    endloop
  endfacet
  facet normal 0.544673 0 -0.838649
    outer loop
      vertex -24.9389 -25 -3.95492
      vertex -24.5 -17 -3.66987
      vertex -24.5 -25 -3.66987
    endloop
  endfacet
  facet normal 0.544673 0 -0.838649
    outer loop
      vertex -24.5 -17 -3.66987
      vertex -24.9389 -25 -3.95492
      vertex -24.9389 -17 -3.95492
    endloop
  endfacet
  facet normal -0.965951 0 0.258723
    outer loop
      vertex -17.2447 -25 -9.54508
      vertex -17.1093 -17 -9.03956
      vertex -17.2447 -17 -9.54508
    endloop
  endfacet
  facet normal -0.965951 0 0.258723
    outer loop
      vertex -17.1093 -17 -9.03956
      vertex -17.2447 -25 -9.54508
      vertex -17.1093 -25 -9.03956
    endloop
  endfacet
  facet normal 0.933552 0 -0.358441
    outer loop
      vertex -26.5677 -25 -5.96632
      vertex -26.7553 -17 -6.45492
      vertex -26.5677 -17 -5.96632
    endloop
  endfacet
  facet normal 0.933552 0 -0.358441
    outer loop
      vertex -26.7553 -17 -6.45492
      vertex -26.5677 -25 -5.96632
      vertex -26.7553 -25 -6.45492
    endloop
  endfacet
  facet normal 0.629251 0 -0.777202
    outer loop
      vertex -25.3457 -25 -4.28428
      vertex -24.9389 -17 -3.95492
      vertex -24.9389 -25 -3.95492
    endloop
  endfacet
  facet normal 0.629251 0 -0.777202
    outer loop
      vertex -24.9389 -17 -3.95492
      vertex -25.3457 -25 -4.28428
      vertex -25.3457 -17 -4.28428
    endloop
  endfacet
  facet normal 0.838692 -0 0.544605
    outer loop
      vertex -26.3301 -25 -10.5
      vertex -26.0451 -17 -10.9389
      vertex -26.3301 -17 -10.5
    endloop
  endfacet
  facet normal 0.838692 0 0.544605
    outer loop
      vertex -26.0451 -17 -10.9389
      vertex -26.3301 -25 -10.5
      vertex -26.0451 -25 -10.9389
    endloop
  endfacet
  facet normal 0.838709 0 -0.544579
    outer loop
      vertex -26.0451 -25 -5.06107
      vertex -26.3301 -17 -5.5
      vertex -26.0451 -17 -5.06107
    endloop
  endfacet
  facet normal 0.838709 0 -0.544579
    outer loop
      vertex -26.3301 -17 -5.5
      vertex -26.0451 -25 -5.06107
      vertex -26.3301 -25 -5.5
    endloop
  endfacet
  facet normal -0.454003 0 -0.891
    outer loop
      vertex -19.9663 -25 -3.43227
      vertex -19.5 -17 -3.66987
      vertex -19.5 -25 -3.66987
    endloop
  endfacet
  facet normal -0.454003 0 -0.891
    outer loop
      vertex -19.5 -17 -3.66987
      vertex -19.9663 -25 -3.43227
      vertex -19.9663 -17 -3.43227
    endloop
  endfacet
  facet normal -0.891 0 0.454003
    outer loop
      vertex -17.6699 -25 -10.5
      vertex -17.4323 -17 -10.0337
      vertex -17.6699 -17 -10.5
    endloop
  endfacet
  facet normal -0.891 0 0.454003
    outer loop
      vertex -17.4323 -17 -10.0337
      vertex -17.6699 -25 -10.5
      vertex -17.4323 -25 -10.0337
    endloop
  endfacet
  facet normal 0.629297 0 0.777165
    outer loop
      vertex -25.3457 -17 -11.7157
      vertex -24.9389 -25 -12.0451
      vertex -24.9389 -17 -12.0451
    endloop
  endfacet
  facet normal 0.629297 0 0.777165
    outer loop
      vertex -24.9389 -25 -12.0451
      vertex -25.3457 -17 -11.7157
      vertex -25.3457 -25 -11.7157
    endloop
  endfacet
  facet normal -0.454003 0 0.891
    outer loop
      vertex -19.9663 -17 -12.5677
      vertex -19.5 -25 -12.3301
      vertex -19.5 -17 -12.3301
    endloop
  endfacet
  facet normal -0.454003 0 0.891
    outer loop
      vertex -19.5 -25 -12.3301
      vertex -19.9663 -17 -12.5677
      vertex -19.9663 -25 -12.5677
    endloop
  endfacet
  facet normal -0.25884 0 -0.96592
    outer loop
      vertex -20.9604 -25 -3.10926
      vertex -20.4549 -17 -3.24472
      vertex -20.4549 -25 -3.24472
    endloop
  endfacet
  facet normal -0.25884 0 -0.96592
    outer loop
      vertex -20.4549 -17 -3.24472
      vertex -20.9604 -25 -3.10926
      vertex -20.9604 -17 -3.10926
    endloop
  endfacet
  facet normal -0.777165 0 0.629297
    outer loop
      vertex -18.2843 -25 -11.3457
      vertex -17.9549 -17 -10.9389
      vertex -18.2843 -17 -11.3457
    endloop
  endfacet
  facet normal -0.777165 0 0.629297
    outer loop
      vertex -17.9549 -17 -10.9389
      vertex -18.2843 -25 -11.3457
      vertex -17.9549 -25 -10.9389
    endloop
  endfacet
  facet normal -0.777104 0 -0.629372
    outer loop
      vertex -17.9549 -25 -5.06107
      vertex -18.2843 -17 -4.65435
      vertex -17.9549 -17 -5.06107
    endloop
  endfacet
  facet normal -0.777104 -0 -0.629372
    outer loop
      vertex -18.2843 -17 -4.65435
      vertex -17.9549 -25 -5.06107
      vertex -18.2843 -25 -4.65435
    endloop
  endfacet
  facet normal -0.544673 0 -0.838649
    outer loop
      vertex -19.5 -25 -3.66987
      vertex -19.0611 -17 -3.95492
      vertex -19.0611 -25 -3.95492
    endloop
  endfacet
  facet normal -0.544673 0 -0.838649
    outer loop
      vertex -19.0611 -17 -3.95492
      vertex -19.5 -25 -3.66987
      vertex -19.5 -17 -3.66987
    endloop
  endfacet
  facet normal 0.156407 0 -0.987693
    outer loop
      vertex -23.0396 -25 -3.10926
      vertex -22.5226 -17 -3.02739
      vertex -22.5226 -25 -3.02739
    endloop
  endfacet
  facet normal 0.156407 0 -0.987693
    outer loop
      vertex -22.5226 -17 -3.02739
      vertex -23.0396 -25 -3.10926
      vertex -23.0396 -17 -3.10926
    endloop
  endfacet
  facet normal -0.933552 0 -0.358441
    outer loop
      vertex -17.2447 -25 -6.45492
      vertex -17.4323 -17 -5.96632
      vertex -17.2447 -17 -6.45492
    endloop
  endfacet
  facet normal -0.933552 -0 -0.358441
    outer loop
      vertex -17.4323 -17 -5.96632
      vertex -17.2447 -25 -6.45492
      vertex -17.4323 -25 -5.96632
    endloop
  endfacet
  facet normal -0.0523392 0 -0.998629
    outer loop
      vertex -22 -25 -3
      vertex -21.4774 -17 -3.02739
      vertex -21.4774 -25 -3.02739
    endloop
  endfacet
  facet normal -0.0523392 0 -0.998629
    outer loop
      vertex -21.4774 -17 -3.02739
      vertex -22 -25 -3
      vertex -22 -17 -3
    endloop
  endfacet
  facet normal 0.98768 0 -0.156486
    outer loop
      vertex -26.8907 -25 -6.96044
      vertex -26.9726 -17 -7.47736
      vertex -26.8907 -17 -6.96044
    endloop
  endfacet
  facet normal 0.98768 0 -0.156486
    outer loop
      vertex -26.9726 -17 -7.47736
      vertex -26.8907 -25 -6.96044
      vertex -26.9726 -25 -7.47736
    endloop
  endfacet
  facet normal -0.891008 0 -0.453988
    outer loop
      vertex -17.4323 -25 -5.96632
      vertex -17.6699 -17 -5.5
      vertex -17.4323 -17 -5.96632
    endloop
  endfacet
  facet normal -0.891008 -0 -0.453988
    outer loop
      vertex -17.6699 -17 -5.5
      vertex -17.4323 -25 -5.96632
      vertex -17.6699 -25 -5.5
    endloop
  endfacet
  facet normal 0.454003 0 -0.891
    outer loop
      vertex -24.5 -25 -3.66987
      vertex -24.0337 -17 -3.43227
      vertex -24.0337 -25 -3.43227
    endloop
  endfacet
  facet normal 0.454003 0 -0.891
    outer loop
      vertex -24.0337 -17 -3.43227
      vertex -24.5 -25 -3.66987
      vertex -24.5 -17 -3.66987
    endloop
  endfacet
  facet normal -0.629297 0 0.777165
    outer loop
      vertex -19.0611 -17 -12.0451
      vertex -18.6543 -25 -11.7157
      vertex -18.6543 -17 -11.7157
    endloop
  endfacet
  facet normal -0.629297 0 0.777165
    outer loop
      vertex -18.6543 -25 -11.7157
      vertex -19.0611 -17 -12.0451
      vertex -19.0611 -25 -12.0451
    endloop
  endfacet
  facet normal 0.777104 0 -0.629372
    outer loop
      vertex -25.7157 -25 -4.65435
      vertex -26.0451 -17 -5.06107
      vertex -25.7157 -17 -4.65435
    endloop
  endfacet
  facet normal 0.777104 0 -0.629372
    outer loop
      vertex -26.0451 -17 -5.06107
      vertex -25.7157 -25 -4.65435
      vertex -26.0451 -25 -5.06107
    endloop
  endfacet
  facet normal 0.933557 -0 0.358428
    outer loop
      vertex -26.7553 -25 -9.54508
      vertex -26.5677 -17 -10.0337
      vertex -26.7553 -17 -9.54508
    endloop
  endfacet
  facet normal 0.933557 0 0.358428
    outer loop
      vertex -26.5677 -17 -10.0337
      vertex -26.7553 -25 -9.54508
      vertex -26.5677 -25 -10.0337
    endloop
  endfacet
  facet normal 0.965951 0 -0.258723
    outer loop
      vertex -26.7553 -25 -6.45492
      vertex -26.8907 -17 -6.96044
      vertex -26.7553 -17 -6.45492
    endloop
  endfacet
  facet normal 0.965951 0 -0.258723
    outer loop
      vertex -26.8907 -17 -6.96044
      vertex -26.7553 -25 -6.45492
      vertex -26.8907 -25 -6.96044
    endloop
  endfacet
  facet normal 0.891 -0 0.454003
    outer loop
      vertex -26.5677 -25 -10.0337
      vertex -26.3301 -17 -10.5
      vertex -26.5677 -17 -10.0337
    endloop
  endfacet
  facet normal 0.891 0 0.454003
    outer loop
      vertex -26.3301 -17 -10.5
      vertex -26.5677 -25 -10.0337
      vertex -26.3301 -25 -10.5
    endloop
  endfacet
  facet normal -0.258733 0 0.965949
    outer loop
      vertex -20.9604 -17 -12.8907
      vertex -20.4549 -25 -12.7553
      vertex -20.4549 -17 -12.7553
    endloop
  endfacet
  facet normal -0.258733 0 0.965949
    outer loop
      vertex -20.4549 -25 -12.7553
      vertex -20.9604 -17 -12.8907
      vertex -20.9604 -25 -12.8907
    endloop
  endfacet
  facet normal 0.258733 0 0.965949
    outer loop
      vertex -23.5451 -17 -12.7553
      vertex -23.0396 -25 -12.8907
      vertex -23.0396 -17 -12.8907
    endloop
  endfacet
  facet normal 0.258733 0 0.965949
    outer loop
      vertex -23.0396 -25 -12.8907
      vertex -23.5451 -17 -12.7553
      vertex -23.5451 -25 -12.7553
    endloop
  endfacet
  facet normal 0.454003 0 0.891
    outer loop
      vertex -24.5 -17 -12.3301
      vertex -24.0337 -25 -12.5677
      vertex -24.0337 -17 -12.5677
    endloop
  endfacet
  facet normal 0.454003 0 0.891
    outer loop
      vertex -24.0337 -25 -12.5677
      vertex -24.5 -17 -12.3301
      vertex -24.5 -25 -12.3301
    endloop
  endfacet
  facet normal 0.998629 -0 0.0523542
    outer loop
      vertex -27 -25 -8
      vertex -26.9726 -17 -8.52264
      vertex -27 -17 -8
    endloop
  endfacet
  facet normal 0.998629 0 0.0523542
    outer loop
      vertex -26.9726 -17 -8.52264
      vertex -27 -25 -8
      vertex -26.9726 -25 -8.52264
    endloop
  endfacet
  facet normal 0.358358 0 -0.933584
    outer loop
      vertex -24.0337 -25 -3.43227
      vertex -23.5451 -17 -3.24472
      vertex -23.5451 -25 -3.24472
    endloop
  endfacet
  facet normal 0.358358 0 -0.933584
    outer loop
      vertex -23.5451 -17 -3.24472
      vertex -24.0337 -25 -3.43227
      vertex -24.0337 -17 -3.43227
    endloop
  endfacet
  facet normal 0.777165 -0 0.629297
    outer loop
      vertex -26.0451 -25 -10.9389
      vertex -25.7157 -17 -11.3457
      vertex -26.0451 -17 -10.9389
    endloop
  endfacet
  facet normal 0.777165 0 0.629297
    outer loop
      vertex -25.7157 -17 -11.3457
      vertex -26.0451 -25 -10.9389
      vertex -25.7157 -25 -11.3457
    endloop
  endfacet
  facet normal 0.707107 -0 0.707107
    outer loop
      vertex -25.7157 -25 -11.3457
      vertex -25.3457 -17 -11.7157
      vertex -25.7157 -17 -11.3457
    endloop
  endfacet
  facet normal 0.707107 0 0.707107
    outer loop
      vertex -25.3457 -17 -11.7157
      vertex -25.7157 -25 -11.3457
      vertex -25.3457 -25 -11.7157
    endloop
  endfacet
  facet normal -0.544605 0 0.838692
    outer loop
      vertex -19.5 -17 -12.3301
      vertex -19.0611 -25 -12.0451
      vertex -19.0611 -17 -12.0451
    endloop
  endfacet
  facet normal -0.544605 0 0.838692
    outer loop
      vertex -19.0611 -25 -12.0451
      vertex -19.5 -17 -12.3301
      vertex -19.5 -25 -12.3301
    endloop
  endfacet
  facet normal 0.0523582 0 0.998628
    outer loop
      vertex -22.5226 -17 -12.9726
      vertex -22 -25 -13
      vertex -22 -17 -13
    endloop
  endfacet
  facet normal 0.0523582 0 0.998628
    outer loop
      vertex -22 -25 -13
      vertex -22.5226 -17 -12.9726
      vertex -22.5226 -25 -12.9726
    endloop
  endfacet
  facet normal 0.998629 0 -0.0523542
    outer loop
      vertex -26.9726 -25 -7.47736
      vertex -27 -17 -8
      vertex -26.9726 -17 -7.47736
    endloop
  endfacet
  facet normal 0.998629 0 -0.0523542
    outer loop
      vertex -27 -17 -8
      vertex -26.9726 -25 -7.47736
      vertex -27 -25 -8
    endloop
  endfacet
  facet normal 0.358441 0 0.933552
    outer loop
      vertex -24.0337 -17 -12.5677
      vertex -23.5451 -25 -12.7553
      vertex -23.5451 -17 -12.7553
    endloop
  endfacet
  facet normal 0.358441 0 0.933552
    outer loop
      vertex -23.5451 -25 -12.7553
      vertex -24.0337 -17 -12.5677
      vertex -24.0337 -25 -12.5677
    endloop
  endfacet
  facet normal 0.156463 0 0.987684
    outer loop
      vertex -23.0396 -17 -12.8907
      vertex -22.5226 -25 -12.9726
      vertex -22.5226 -17 -12.9726
    endloop
  endfacet
  facet normal 0.156463 0 0.987684
    outer loop
      vertex -22.5226 -25 -12.9726
      vertex -23.0396 -17 -12.8907
      vertex -23.0396 -25 -12.8907
    endloop
  endfacet
  facet normal 0.544605 0 0.838692
    outer loop
      vertex -24.9389 -17 -12.0451
      vertex -24.5 -25 -12.3301
      vertex -24.5 -17 -12.3301
    endloop
  endfacet
  facet normal 0.544605 0 0.838692
    outer loop
      vertex -24.5 -25 -12.3301
      vertex -24.9389 -17 -12.0451
      vertex -24.9389 -25 -12.0451
    endloop
  endfacet
  facet normal -0.707107 0 0.707107
    outer loop
      vertex -18.6543 -25 -11.7157
      vertex -18.2843 -17 -11.3457
      vertex -18.6543 -17 -11.7157
    endloop
  endfacet
  facet normal -0.707107 0 0.707107
    outer loop
      vertex -18.2843 -17 -11.3457
      vertex -18.6543 -25 -11.7157
      vertex -18.2843 -25 -11.3457
    endloop
  endfacet
  facet normal 0.987723 0 -0.156213
    outer loop
      vertex -20.011 -27 -8.20906
      vertex -20.0437 -15 -8.41582
      vertex -20.011 -15 -8.20906
    endloop
  endfacet
  facet normal 0.987723 0 -0.156213
    outer loop
      vertex -20.0437 -15 -8.41582
      vertex -20.011 -27 -8.20906
      vertex -20.0437 -27 -8.41582
    endloop
  endfacet
  facet normal 0.987723 -0 0.156213
    outer loop
      vertex -20.0437 -27 -7.58418
      vertex -20.011 -15 -7.79094
      vertex -20.0437 -15 -7.58418
    endloop
  endfacet
  facet normal 0.987723 0 0.156213
    outer loop
      vertex -20.011 -15 -7.79094
      vertex -20.0437 -27 -7.58418
      vertex -20.011 -27 -7.79094
    endloop
  endfacet
  facet normal 0.998619 -0 0.0525438
    outer loop
      vertex -20.011 -27 -7.79094
      vertex -20 -15 -8
      vertex -20.011 -15 -7.79094
    endloop
  endfacet
  facet normal 0.998619 0 0.0525438
    outer loop
      vertex -20 -15 -8
      vertex -20.011 -27 -7.79094
      vertex -20 -27 -8
    endloop
  endfacet
  facet normal 0.965904 -0 0.258899
    outer loop
      vertex -20.0979 -27 -7.38197
      vertex -20.0437 -15 -7.58418
      vertex -20.0979 -15 -7.38197
    endloop
  endfacet
  facet normal 0.965904 0 0.258899
    outer loop
      vertex -20.0437 -15 -7.58418
      vertex -20.0979 -27 -7.38197
      vertex -20.0437 -27 -7.58418
    endloop
  endfacet
  facet normal 0.838707 -0 0.544584
    outer loop
      vertex -20.382 -27 -6.82443
      vertex -20.268 -15 -7
      vertex -20.382 -15 -6.82443
    endloop
  endfacet
  facet normal 0.838707 0 0.544584
    outer loop
      vertex -20.268 -15 -7
      vertex -20.382 -27 -6.82443
      vertex -20.268 -27 -7
    endloop
  endfacet
  facet normal -0.0523433 0 0.998629
    outer loop
      vertex -22.2091 -15 -6.01096
      vertex -22 -27 -6
      vertex -22 -15 -6
    endloop
  endfacet
  facet normal -0.0523433 0 0.998629
    outer loop
      vertex -22 -27 -6
      vertex -22.2091 -15 -6.01096
      vertex -22.2091 -27 -6.01096
    endloop
  endfacet
  facet normal 0.998619 0 -0.0525438
    outer loop
      vertex -20 -27 -8
      vertex -20.011 -15 -8.20906
      vertex -20 -15 -8
    endloop
  endfacet
  facet normal 0.998619 0 -0.0525438
    outer loop
      vertex -20.011 -15 -8.20906
      vertex -20 -27 -8
      vertex -20.011 -27 -8.20906
    endloop
  endfacet
  facet normal 0.777248 -0 0.629194
    outer loop
      vertex -20.5137 -27 -6.66174
      vertex -20.382 -15 -6.82443
      vertex -20.5137 -15 -6.66174
    endloop
  endfacet
  facet normal 0.777248 0 0.629194
    outer loop
      vertex -20.382 -15 -6.82443
      vertex -20.5137 -27 -6.66174
      vertex -20.382 -27 -6.82443
    endloop
  endfacet
  facet normal -0.987723 0 -0.156213
    outer loop
      vertex -23.9563 -27 -8.41582
      vertex -23.989 -15 -8.20906
      vertex -23.9563 -15 -8.41582
    endloop
  endfacet
  facet normal -0.987723 -0 -0.156213
    outer loop
      vertex -23.989 -15 -8.20906
      vertex -23.9563 -27 -8.41582
      vertex -23.989 -27 -8.20906
    endloop
  endfacet
  facet normal -0.890894 0 0.454211
    outer loop
      vertex -23.8271 -27 -7.18653
      vertex -23.732 -15 -7
      vertex -23.8271 -15 -7.18653
    endloop
  endfacet
  facet normal -0.890894 0 0.454211
    outer loop
      vertex -23.732 -15 -7
      vertex -23.8271 -27 -7.18653
      vertex -23.732 -27 -7
    endloop
  endfacet
  facet normal 0.258867 0 0.965913
    outer loop
      vertex -21.5842 -15 -6.0437
      vertex -21.382 -27 -6.09789
      vertex -21.382 -15 -6.09789
    endloop
  endfacet
  facet normal 0.258867 0 0.965913
    outer loop
      vertex -21.382 -27 -6.09789
      vertex -21.5842 -15 -6.0437
      vertex -21.5842 -27 -6.0437
    endloop
  endfacet
  facet normal 0.358262 0 0.933621
    outer loop
      vertex -21.382 -15 -6.09789
      vertex -21.1865 -27 -6.17291
      vertex -21.1865 -15 -6.17291
    endloop
  endfacet
  facet normal 0.358262 0 0.933621
    outer loop
      vertex -21.1865 -27 -6.17291
      vertex -21.382 -15 -6.09789
      vertex -21.382 -27 -6.09789
    endloop
  endfacet
  facet normal -0.965904 0 -0.258899
    outer loop
      vertex -23.9021 -27 -8.61803
      vertex -23.9563 -15 -8.41582
      vertex -23.9021 -15 -8.61803
    endloop
  endfacet
  facet normal -0.965904 -0 -0.258899
    outer loop
      vertex -23.9563 -15 -8.41582
      vertex -23.9021 -27 -8.61803
      vertex -23.9563 -27 -8.41582
    endloop
  endfacet
  facet normal 0.629286 0 0.777174
    outer loop
      vertex -20.8244 -15 -6.38197
      vertex -20.6617 -27 -6.51371
      vertex -20.6617 -15 -6.51371
    endloop
  endfacet
  facet normal 0.629286 0 0.777174
    outer loop
      vertex -20.6617 -27 -6.51371
      vertex -20.8244 -15 -6.38197
      vertex -20.8244 -27 -6.38197
    endloop
  endfacet
  facet normal 0.358262 0 -0.933621
    outer loop
      vertex -21.382 -27 -9.90211
      vertex -21.1865 -15 -9.82709
      vertex -21.1865 -27 -9.82709
    endloop
  endfacet
  facet normal 0.358262 0 -0.933621
    outer loop
      vertex -21.1865 -15 -9.82709
      vertex -21.382 -27 -9.90211
      vertex -21.382 -15 -9.90211
    endloop
  endfacet
  facet normal -0.777248 0 0.629194
    outer loop
      vertex -23.618 -27 -6.82443
      vertex -23.4863 -15 -6.66174
      vertex -23.618 -15 -6.82443
    endloop
  endfacet
  facet normal -0.777248 0 0.629194
    outer loop
      vertex -23.4863 -15 -6.66174
      vertex -23.618 -27 -6.82443
      vertex -23.4863 -27 -6.66174
    endloop
  endfacet
  facet normal -0.258867 0 0.965913
    outer loop
      vertex -22.618 -15 -6.09789
      vertex -22.4158 -27 -6.0437
      vertex -22.4158 -15 -6.0437
    endloop
  endfacet
  facet normal -0.258867 0 0.965913
    outer loop
      vertex -22.4158 -27 -6.0437
      vertex -22.618 -15 -6.09789
      vertex -22.618 -27 -6.09789
    endloop
  endfacet
  facet normal -0.707178 0 0.707035
    outer loop
      vertex -23.4863 -15 -6.66174
      vertex -23.3383 -27 -6.51371
      vertex -23.3383 -15 -6.51371
    endloop
  endfacet
  facet normal -0.707178 0 0.707035
    outer loop
      vertex -23.3383 -27 -6.51371
      vertex -23.4863 -15 -6.66174
      vertex -23.4863 -27 -6.66174
    endloop
  endfacet
  facet normal -0.544585 0 0.838705
    outer loop
      vertex -23.1756 -15 -6.38197
      vertex -23 -27 -6.26795
      vertex -23 -15 -6.26795
    endloop
  endfacet
  facet normal -0.544585 0 0.838705
    outer loop
      vertex -23 -27 -6.26795
      vertex -23.1756 -15 -6.38197
      vertex -23.1756 -27 -6.38197
    endloop
  endfacet
  facet normal 0.965904 0 -0.258899
    outer loop
      vertex -20.0437 -27 -8.41582
      vertex -20.0979 -15 -8.61803
      vertex -20.0437 -15 -8.41582
    endloop
  endfacet
  facet normal 0.965904 0 -0.258899
    outer loop
      vertex -20.0979 -15 -8.61803
      vertex -20.0437 -27 -8.41582
      vertex -20.0979 -27 -8.61803
    endloop
  endfacet
  facet normal 0.0523433 0 -0.998629
    outer loop
      vertex -22 -27 -10
      vertex -21.7909 -15 -9.98904
      vertex -21.7909 -27 -9.98904
    endloop
  endfacet
  facet normal 0.0523433 0 -0.998629
    outer loop
      vertex -21.7909 -15 -9.98904
      vertex -22 -27 -10
      vertex -22 -15 -10
    endloop
  endfacet
  facet normal 0.544585 0 0.838705
    outer loop
      vertex -21 -15 -6.26795
      vertex -20.8244 -27 -6.38197
      vertex -20.8244 -15 -6.38197
    endloop
  endfacet
  facet normal 0.544585 0 0.838705
    outer loop
      vertex -20.8244 -27 -6.38197
      vertex -21 -15 -6.26795
      vertex -21 -27 -6.26795
    endloop
  endfacet
  facet normal -0.838707 0 -0.544584
    outer loop
      vertex -23.618 -27 -9.17557
      vertex -23.732 -15 -9
      vertex -23.618 -15 -9.17557
    endloop
  endfacet
  facet normal -0.838707 -0 -0.544584
    outer loop
      vertex -23.732 -15 -9
      vertex -23.618 -27 -9.17557
      vertex -23.732 -27 -9
    endloop
  endfacet
  facet normal 0.156443 0 -0.987687
    outer loop
      vertex -21.7909 -27 -9.98904
      vertex -21.5842 -15 -9.9563
      vertex -21.5842 -27 -9.9563
    endloop
  endfacet
  facet normal 0.156443 0 -0.987687
    outer loop
      vertex -21.5842 -15 -9.9563
      vertex -21.7909 -27 -9.98904
      vertex -21.7909 -15 -9.98904
    endloop
  endfacet
  facet normal -0.156443 0 -0.987687
    outer loop
      vertex -22.4158 -27 -9.9563
      vertex -22.2091 -15 -9.98904
      vertex -22.2091 -27 -9.98904
    endloop
  endfacet
  facet normal -0.156443 0 -0.987687
    outer loop
      vertex -22.2091 -15 -9.98904
      vertex -22.4158 -27 -9.9563
      vertex -22.4158 -15 -9.9563
    endloop
  endfacet
  facet normal -0.454042 0 -0.89098
    outer loop
      vertex -23 -27 -9.73205
      vertex -22.8135 -15 -9.82709
      vertex -22.8135 -27 -9.82709
    endloop
  endfacet
  facet normal -0.454042 0 -0.89098
    outer loop
      vertex -22.8135 -15 -9.82709
      vertex -23 -27 -9.73205
      vertex -23 -15 -9.73205
    endloop
  endfacet
  facet normal 0 -1 0
    outer loop
      vertex -22.2091 -27 -6.01096
      vertex -21.7909 -27 -6.01096
      vertex -22 -27 -6
    endloop
  endfacet
  facet normal 0 -1 0
    outer loop
      vertex -22.4158 -27 -6.0437
      vertex -21.7909 -27 -6.01096
      vertex -22.2091 -27 -6.01096
    endloop
  endfacet
  facet normal 0 -1 0
    outer loop
      vertex -22.4158 -27 -6.0437
      vertex -21.5842 -27 -6.0437
      vertex -21.7909 -27 -6.01096
    endloop
  endfacet
  facet normal 0 -1 0
    outer loop
      vertex -22.618 -27 -6.09789
      vertex -21.5842 -27 -6.0437
      vertex -22.4158 -27 -6.0437
    endloop
  endfacet
  facet normal 0 -1 0
    outer loop
      vertex -22.618 -27 -6.09789
      vertex -21.382 -27 -6.09789
      vertex -21.5842 -27 -6.0437
    endloop
  endfacet
  facet normal 0 -1 0
    outer loop
      vertex -22.8135 -27 -6.17291
      vertex -21.382 -27 -6.09789
      vertex -22.618 -27 -6.09789
    endloop
  endfacet
  facet normal 0 -1 0
    outer loop
      vertex -22.8135 -27 -6.17291
      vertex -21.1865 -27 -6.17291
      vertex -21.382 -27 -6.09789
    endloop
  endfacet
  facet normal 0 -1 0
    outer loop
      vertex -23 -27 -6.26795
      vertex -21.1865 -27 -6.17291
      vertex -22.8135 -27 -6.17291
    endloop
  endfacet
  facet normal 0 -1 0
    outer loop
      vertex -23 -27 -6.26795
      vertex -21 -27 -6.26795
      vertex -21.1865 -27 -6.17291
    endloop
  endfacet
  facet normal 0 -1 0
    outer loop
      vertex -23.1756 -27 -6.38197
      vertex -21 -27 -6.26795
      vertex -23 -27 -6.26795
    endloop
  endfacet
  facet normal 0 -1 0
    outer loop
      vertex -23.1756 -27 -6.38197
      vertex -20.8244 -27 -6.38197
      vertex -21 -27 -6.26795
    endloop
  endfacet
  facet normal 0 -1 0
    outer loop
      vertex -23.3383 -27 -6.51371
      vertex -20.8244 -27 -6.38197
      vertex -23.1756 -27 -6.38197
    endloop
  endfacet
  facet normal 0 -1 0
    outer loop
      vertex -23.3383 -27 -6.51371
      vertex -20.6617 -27 -6.51371
      vertex -20.8244 -27 -6.38197
    endloop
  endfacet
  facet normal 0 -1 0
    outer loop
      vertex -23.4863 -27 -6.66174
      vertex -20.6617 -27 -6.51371
      vertex -23.3383 -27 -6.51371
    endloop
  endfacet
  facet normal 0 -1 0
    outer loop
      vertex -23.4863 -27 -6.66174
      vertex -20.5137 -27 -6.66174
      vertex -20.6617 -27 -6.51371
    endloop
  endfacet
  facet normal 0 -1 0
    outer loop
      vertex -23.618 -27 -6.82443
      vertex -20.5137 -27 -6.66174
      vertex -23.4863 -27 -6.66174
    endloop
  endfacet
  facet normal 0 -1 0
    outer loop
      vertex -23.618 -27 -6.82443
      vertex -20.382 -27 -6.82443
      vertex -20.5137 -27 -6.66174
    endloop
  endfacet
  facet normal 0 -1 0
    outer loop
      vertex -23.732 -27 -7
      vertex -20.382 -27 -6.82443
      vertex -23.618 -27 -6.82443
    endloop
  endfacet
  facet normal 0 -1 0
    outer loop
      vertex -23.732 -27 -7
      vertex -20.268 -27 -7
      vertex -20.382 -27 -6.82443
    endloop
  endfacet
  facet normal 0 -1 0
    outer loop
      vertex -23.8271 -27 -7.18653
      vertex -20.268 -27 -7
      vertex -23.732 -27 -7
    endloop
  endfacet
  facet normal 0 -1 0
    outer loop
      vertex -23.8271 -27 -7.18653
      vertex -20.1729 -27 -7.18653
      vertex -20.268 -27 -7
    endloop
  endfacet
  facet normal 0 -1 0
    outer loop
      vertex -23.9021 -27 -7.38197
      vertex -20.1729 -27 -7.18653
      vertex -23.8271 -27 -7.18653
    endloop
  endfacet
  facet normal 0 -1 0
    outer loop
      vertex -23.9021 -27 -7.38197
      vertex -20.0979 -27 -7.38197
      vertex -20.1729 -27 -7.18653
    endloop
  endfacet
  facet normal 0 -1 0
    outer loop
      vertex -23.9563 -27 -7.58418
      vertex -20.0979 -27 -7.38197
      vertex -23.9021 -27 -7.38197
    endloop
  endfacet
  facet normal 0 -1 0
    outer loop
      vertex -23.9563 -27 -7.58418
      vertex -20.0437 -27 -7.58418
      vertex -20.0979 -27 -7.38197
    endloop
  endfacet
  facet normal 0 -1 0
    outer loop
      vertex -23.989 -27 -7.79094
      vertex -20.0437 -27 -7.58418
      vertex -23.9563 -27 -7.58418
    endloop
  endfacet
  facet normal 0 -1 0
    outer loop
      vertex -23.989 -27 -7.79094
      vertex -20.011 -27 -7.79094
      vertex -20.0437 -27 -7.58418
    endloop
  endfacet
  facet normal 0 -1 0
    outer loop
      vertex -24 -27 -8
      vertex -20.011 -27 -7.79094
      vertex -23.989 -27 -7.79094
    endloop
  endfacet
  facet normal 0 -1 0
    outer loop
      vertex -24 -27 -8
      vertex -20 -27 -8
      vertex -20.011 -27 -7.79094
    endloop
  endfacet
  facet normal 0 -1 0
    outer loop
      vertex -23.989 -27 -8.20906
      vertex -20 -27 -8
      vertex -24 -27 -8
    endloop
  endfacet
  facet normal 0 -1 0
    outer loop
      vertex -23.989 -27 -8.20906
      vertex -20.011 -27 -8.20906
      vertex -20 -27 -8
    endloop
  endfacet
  facet normal 0 -1 0
    outer loop
      vertex -23.9563 -27 -8.41582
      vertex -20.011 -27 -8.20906
      vertex -23.989 -27 -8.20906
    endloop
  endfacet
  facet normal 0 -1 0
    outer loop
      vertex -23.9563 -27 -8.41582
      vertex -20.0437 -27 -8.41582
      vertex -20.011 -27 -8.20906
    endloop
  endfacet
  facet normal 0 -1 0
    outer loop
      vertex -23.9021 -27 -8.61803
      vertex -20.0437 -27 -8.41582
      vertex -23.9563 -27 -8.41582
    endloop
  endfacet
  facet normal 0 -1 0
    outer loop
      vertex -23.9021 -27 -8.61803
      vertex -20.0979 -27 -8.61803
      vertex -20.0437 -27 -8.41582
    endloop
  endfacet
  facet normal 0 -1 0
    outer loop
      vertex -23.8271 -27 -8.81347
      vertex -20.0979 -27 -8.61803
      vertex -23.9021 -27 -8.61803
    endloop
  endfacet
  facet normal 0 -1 0
    outer loop
      vertex -23.8271 -27 -8.81347
      vertex -20.1729 -27 -8.81347
      vertex -20.0979 -27 -8.61803
    endloop
  endfacet
  facet normal 0 -1 0
    outer loop
      vertex -23.732 -27 -9
      vertex -20.1729 -27 -8.81347
      vertex -23.8271 -27 -8.81347
    endloop
  endfacet
  facet normal 0 -1 0
    outer loop
      vertex -23.732 -27 -9
      vertex -20.268 -27 -9
      vertex -20.1729 -27 -8.81347
    endloop
  endfacet
  facet normal 0 -1 0
    outer loop
      vertex -23.618 -27 -9.17557
      vertex -20.268 -27 -9
      vertex -23.732 -27 -9
    endloop
  endfacet
  facet normal 0 -1 0
    outer loop
      vertex -23.618 -27 -9.17557
      vertex -20.382 -27 -9.17557
      vertex -20.268 -27 -9
    endloop
  endfacet
  facet normal 0 -1 0
    outer loop
      vertex -23.4863 -27 -9.33826
      vertex -20.382 -27 -9.17557
      vertex -23.618 -27 -9.17557
    endloop
  endfacet
  facet normal 0 -1 0
    outer loop
      vertex -23.4863 -27 -9.33826
      vertex -20.5137 -27 -9.33826
      vertex -20.382 -27 -9.17557
    endloop
  endfacet
  facet normal 0 -1 0
    outer loop
      vertex -23.3383 -27 -9.48629
      vertex -20.5137 -27 -9.33826
      vertex -23.4863 -27 -9.33826
    endloop
  endfacet
  facet normal 0 -1 0
    outer loop
      vertex -23.3383 -27 -9.48629
      vertex -20.6617 -27 -9.48629
      vertex -20.5137 -27 -9.33826
    endloop
  endfacet
  facet normal 0 -1 0
    outer loop
      vertex -23.1756 -27 -9.61803
      vertex -20.6617 -27 -9.48629
      vertex -23.3383 -27 -9.48629
    endloop
  endfacet
  facet normal 0 -1 0
    outer loop
      vertex -23.1756 -27 -9.61803
      vertex -20.8244 -27 -9.61803
      vertex -20.6617 -27 -9.48629
    endloop
  endfacet
  facet normal 0 -1 0
    outer loop
      vertex -23 -27 -9.73205
      vertex -20.8244 -27 -9.61803
      vertex -23.1756 -27 -9.61803
    endloop
  endfacet
  facet normal 0 -1 0
    outer loop
      vertex -23 -27 -9.73205
      vertex -21 -27 -9.73205
      vertex -20.8244 -27 -9.61803
    endloop
  endfacet
  facet normal 0 -1 0
    outer loop
      vertex -22.8135 -27 -9.82709
      vertex -21 -27 -9.73205
      vertex -23 -27 -9.73205
    endloop
  endfacet
  facet normal 0 -1 0
    outer loop
      vertex -22.8135 -27 -9.82709
      vertex -21.1865 -27 -9.82709
      vertex -21 -27 -9.73205
    endloop
  endfacet
  facet normal 0 -1 0
    outer loop
      vertex -22.618 -27 -9.90211
      vertex -21.1865 -27 -9.82709
      vertex -22.8135 -27 -9.82709
    endloop
  endfacet
  facet normal 0 -1 0
    outer loop
      vertex -22.618 -27 -9.90211
      vertex -21.382 -27 -9.90211
      vertex -21.1865 -27 -9.82709
    endloop
  endfacet
  facet normal 0 -1 0
    outer loop
      vertex -22.4158 -27 -9.9563
      vertex -21.382 -27 -9.90211
      vertex -22.618 -27 -9.90211
    endloop
  endfacet
  facet normal 0 -1 0
    outer loop
      vertex -22.4158 -27 -9.9563
      vertex -21.5842 -27 -9.9563
      vertex -21.382 -27 -9.90211
    endloop
  endfacet
  facet normal 0 -1 0
    outer loop
      vertex -22.2091 -27 -9.98904
      vertex -21.5842 -27 -9.9563
      vertex -22.4158 -27 -9.9563
    endloop
  endfacet
  facet normal 0 -1 0
    outer loop
      vertex -22.2091 -27 -9.98904
      vertex -21.7909 -27 -9.98904
      vertex -21.5842 -27 -9.9563
    endloop
  endfacet
  facet normal -0 -1 0
    outer loop
      vertex -21.7909 -27 -9.98904
      vertex -22.2091 -27 -9.98904
      vertex -22 -27 -10
    endloop
  endfacet
  facet normal -0.358262 0 0.933621
    outer loop
      vertex -22.8135 -15 -6.17291
      vertex -22.618 -27 -6.09789
      vertex -22.618 -15 -6.09789
    endloop
  endfacet
  facet normal -0.358262 0 0.933621
    outer loop
      vertex -22.618 -27 -6.09789
      vertex -22.8135 -15 -6.17291
      vertex -22.8135 -27 -6.17291
    endloop
  endfacet
  facet normal 0.454042 0 0.89098
    outer loop
      vertex -21.1865 -15 -6.17291
      vertex -21 -27 -6.26795
      vertex -21 -15 -6.26795
    endloop
  endfacet
  facet normal 0.454042 0 0.89098
    outer loop
      vertex -21 -27 -6.26795
      vertex -21.1865 -15 -6.17291
      vertex -21.1865 -27 -6.17291
    endloop
  endfacet
  facet normal 0.890894 0 -0.454211
    outer loop
      vertex -20.1729 -27 -8.81347
      vertex -20.268 -15 -9
      vertex -20.1729 -15 -8.81347
    endloop
  endfacet
  facet normal 0.890894 0 -0.454211
    outer loop
      vertex -20.268 -15 -9
      vertex -20.1729 -27 -8.81347
      vertex -20.268 -27 -9
    endloop
  endfacet
  facet normal 0.707178 0 0.707035
    outer loop
      vertex -20.6617 -15 -6.51371
      vertex -20.5137 -27 -6.66174
      vertex -20.5137 -15 -6.66174
    endloop
  endfacet
  facet normal 0.707178 0 0.707035
    outer loop
      vertex -20.5137 -27 -6.66174
      vertex -20.6617 -15 -6.51371
      vertex -20.6617 -27 -6.51371
    endloop
  endfacet
  facet normal -0.629286 0 -0.777174
    outer loop
      vertex -23.3383 -27 -9.48629
      vertex -23.1756 -15 -9.61803
      vertex -23.1756 -27 -9.61803
    endloop
  endfacet
  facet normal -0.629286 0 -0.777174
    outer loop
      vertex -23.1756 -15 -9.61803
      vertex -23.3383 -27 -9.48629
      vertex -23.3383 -15 -9.48629
    endloop
  endfacet
  facet normal 0.838707 0 -0.544584
    outer loop
      vertex -20.268 -27 -9
      vertex -20.382 -15 -9.17557
      vertex -20.268 -15 -9
    endloop
  endfacet
  facet normal 0.838707 0 -0.544584
    outer loop
      vertex -20.382 -15 -9.17557
      vertex -20.268 -27 -9
      vertex -20.382 -27 -9.17557
    endloop
  endfacet
  facet normal 0.454042 0 -0.89098
    outer loop
      vertex -21.1865 -27 -9.82709
      vertex -21 -15 -9.73205
      vertex -21 -27 -9.73205
    endloop
  endfacet
  facet normal 0.454042 0 -0.89098
    outer loop
      vertex -21 -15 -9.73205
      vertex -21.1865 -27 -9.82709
      vertex -21.1865 -15 -9.82709
    endloop
  endfacet
  facet normal -0.156443 0 0.987687
    outer loop
      vertex -22.4158 -15 -6.0437
      vertex -22.2091 -27 -6.01096
      vertex -22.2091 -15 -6.01096
    endloop
  endfacet
  facet normal -0.156443 0 0.987687
    outer loop
      vertex -22.2091 -27 -6.01096
      vertex -22.4158 -15 -6.0437
      vertex -22.4158 -27 -6.0437
    endloop
  endfacet
  facet normal 0.933616 -0 0.358275
    outer loop
      vertex -20.1729 -27 -7.18653
      vertex -20.0979 -15 -7.38197
      vertex -20.1729 -15 -7.18653
    endloop
  endfacet
  facet normal 0.933616 0 0.358275
    outer loop
      vertex -20.0979 -15 -7.38197
      vertex -20.1729 -27 -7.18653
      vertex -20.0979 -27 -7.38197
    endloop
  endfacet
  facet normal 0.777248 0 -0.629194
    outer loop
      vertex -20.382 -27 -9.17557
      vertex -20.5137 -15 -9.33826
      vertex -20.382 -15 -9.17557
    endloop
  endfacet
  facet normal 0.777248 0 -0.629194
    outer loop
      vertex -20.5137 -15 -9.33826
      vertex -20.382 -27 -9.17557
      vertex -20.5137 -27 -9.33826
    endloop
  endfacet
  facet normal -0.933616 0 -0.358275
    outer loop
      vertex -23.8271 -27 -8.81347
      vertex -23.9021 -15 -8.61803
      vertex -23.8271 -15 -8.81347
    endloop
  endfacet
  facet normal -0.933616 -0 -0.358275
    outer loop
      vertex -23.9021 -15 -8.61803
      vertex -23.8271 -27 -8.81347
      vertex -23.9021 -27 -8.61803
    endloop
  endfacet
  facet normal -0.987723 0 0.156213
    outer loop
      vertex -23.989 -27 -7.79094
      vertex -23.9563 -15 -7.58418
      vertex -23.989 -15 -7.79094
    endloop
  endfacet
  facet normal -0.987723 0 0.156213
    outer loop
      vertex -23.9563 -15 -7.58418
      vertex -23.989 -27 -7.79094
      vertex -23.9563 -27 -7.58418
    endloop
  endfacet
  facet normal 0.0523433 0 0.998629
    outer loop
      vertex -22 -15 -6
      vertex -21.7909 -27 -6.01096
      vertex -21.7909 -15 -6.01096
    endloop
  endfacet
  facet normal 0.0523433 0 0.998629
    outer loop
      vertex -21.7909 -27 -6.01096
      vertex -22 -15 -6
      vertex -22 -27 -6
    endloop
  endfacet
  facet normal 0.890894 -0 0.454211
    outer loop
      vertex -20.268 -27 -7
      vertex -20.1729 -15 -7.18653
      vertex -20.268 -15 -7
    endloop
  endfacet
  facet normal 0.890894 0 0.454211
    outer loop
      vertex -20.1729 -15 -7.18653
      vertex -20.268 -27 -7
      vertex -20.1729 -27 -7.18653
    endloop
  endfacet
  facet normal -0.838707 0 0.544584
    outer loop
      vertex -23.732 -27 -7
      vertex -23.618 -15 -6.82443
      vertex -23.732 -15 -7
    endloop
  endfacet
  facet normal -0.838707 0 0.544584
    outer loop
      vertex -23.618 -15 -6.82443
      vertex -23.732 -27 -7
      vertex -23.618 -27 -6.82443
    endloop
  endfacet
  facet normal -0.629286 0 0.777174
    outer loop
      vertex -23.3383 -15 -6.51371
      vertex -23.1756 -27 -6.38197
      vertex -23.1756 -15 -6.38197
    endloop
  endfacet
  facet normal -0.629286 0 0.777174
    outer loop
      vertex -23.1756 -27 -6.38197
      vertex -23.3383 -15 -6.51371
      vertex -23.3383 -27 -6.51371
    endloop
  endfacet
  facet normal -0.933616 0 0.358275
    outer loop
      vertex -23.9021 -27 -7.38197
      vertex -23.8271 -15 -7.18653
      vertex -23.9021 -15 -7.38197
    endloop
  endfacet
  facet normal -0.933616 0 0.358275
    outer loop
      vertex -23.8271 -15 -7.18653
      vertex -23.9021 -27 -7.38197
      vertex -23.8271 -27 -7.18653
    endloop
  endfacet
  facet normal -0.890894 0 -0.454211
    outer loop
      vertex -23.732 -27 -9
      vertex -23.8271 -15 -8.81347
      vertex -23.732 -15 -9
    endloop
  endfacet
  facet normal -0.890894 -0 -0.454211
    outer loop
      vertex -23.8271 -15 -8.81347
      vertex -23.732 -27 -9
      vertex -23.8271 -27 -8.81347
    endloop
  endfacet
  facet normal 0.258867 0 -0.965913
    outer loop
      vertex -21.5842 -27 -9.9563
      vertex -21.382 -15 -9.90211
      vertex -21.382 -27 -9.90211
    endloop
  endfacet
  facet normal 0.258867 0 -0.965913
    outer loop
      vertex -21.382 -15 -9.90211
      vertex -21.5842 -27 -9.9563
      vertex -21.5842 -15 -9.9563
    endloop
  endfacet
  facet normal 0.629286 0 -0.777174
    outer loop
      vertex -20.8244 -27 -9.61803
      vertex -20.6617 -15 -9.48629
      vertex -20.6617 -27 -9.48629
    endloop
  endfacet
  facet normal 0.629286 0 -0.777174
    outer loop
      vertex -20.6617 -15 -9.48629
      vertex -20.8244 -27 -9.61803
      vertex -20.8244 -15 -9.61803
    endloop
  endfacet
  facet normal -0.258867 0 -0.965913
    outer loop
      vertex -22.618 -27 -9.90211
      vertex -22.4158 -15 -9.9563
      vertex -22.4158 -27 -9.9563
    endloop
  endfacet
  facet normal -0.258867 0 -0.965913
    outer loop
      vertex -22.4158 -15 -9.9563
      vertex -22.618 -27 -9.90211
      vertex -22.618 -15 -9.90211
    endloop
  endfacet
  facet normal -0.998619 0 -0.0525438
    outer loop
      vertex -23.989 -27 -8.20906
      vertex -24 -15 -8
      vertex -23.989 -15 -8.20906
    endloop
  endfacet
  facet normal -0.998619 -0 -0.0525438
    outer loop
      vertex -24 -15 -8
      vertex -23.989 -27 -8.20906
      vertex -24 -27 -8
    endloop
  endfacet
  facet normal 0.156443 0 0.987687
    outer loop
      vertex -21.7909 -15 -6.01096
      vertex -21.5842 -27 -6.0437
      vertex -21.5842 -15 -6.0437
    endloop
  endfacet
  facet normal 0.156443 0 0.987687
    outer loop
      vertex -21.5842 -27 -6.0437
      vertex -21.7909 -15 -6.01096
      vertex -21.7909 -27 -6.01096
    endloop
  endfacet
  facet normal -0.777248 0 -0.629194
    outer loop
      vertex -23.4863 -27 -9.33826
      vertex -23.618 -15 -9.17557
      vertex -23.4863 -15 -9.33826
    endloop
  endfacet
  facet normal -0.777248 -0 -0.629194
    outer loop
      vertex -23.618 -15 -9.17557
      vertex -23.4863 -27 -9.33826
      vertex -23.618 -27 -9.17557
    endloop
  endfacet
  facet normal -0.454042 0 0.89098
    outer loop
      vertex -23 -15 -6.26795
      vertex -22.8135 -27 -6.17291
      vertex -22.8135 -15 -6.17291
    endloop
  endfacet
  facet normal -0.454042 0 0.89098
    outer loop
      vertex -22.8135 -27 -6.17291
      vertex -23 -15 -6.26795
      vertex -23 -27 -6.26795
    endloop
  endfacet
  facet normal -0.965904 0 0.258899
    outer loop
      vertex -23.9563 -27 -7.58418
      vertex -23.9021 -15 -7.38197
      vertex -23.9563 -15 -7.58418
    endloop
  endfacet
  facet normal -0.965904 0 0.258899
    outer loop
      vertex -23.9021 -15 -7.38197
      vertex -23.9563 -27 -7.58418
      vertex -23.9021 -27 -7.38197
    endloop
  endfacet
  facet normal -0.707178 0 -0.707035
    outer loop
      vertex -23.4863 -27 -9.33826
      vertex -23.3383 -15 -9.48629
      vertex -23.3383 -27 -9.48629
    endloop
  endfacet
  facet normal -0.707178 0 -0.707035
    outer loop
      vertex -23.3383 -15 -9.48629
      vertex -23.4863 -27 -9.33826
      vertex -23.4863 -15 -9.33826
    endloop
  endfacet
  facet normal 0.544585 0 -0.838705
    outer loop
      vertex -21 -27 -9.73205
      vertex -20.8244 -15 -9.61803
      vertex -20.8244 -27 -9.61803
    endloop
  endfacet
  facet normal 0.544585 0 -0.838705
    outer loop
      vertex -20.8244 -15 -9.61803
      vertex -21 -27 -9.73205
      vertex -21 -15 -9.73205
    endloop
  endfacet
  facet normal 0.933616 0 -0.358275
    outer loop
      vertex -20.0979 -27 -8.61803
      vertex -20.1729 -15 -8.81347
      vertex -20.0979 -15 -8.61803
    endloop
  endfacet
  facet normal 0.933616 0 -0.358275
    outer loop
      vertex -20.1729 -15 -8.81347
      vertex -20.0979 -27 -8.61803
      vertex -20.1729 -27 -8.81347
    endloop
  endfacet
  facet normal 0 1 0
    outer loop
      vertex -21.7909 -15 -6.01096
      vertex -22.2091 -15 -6.01096
      vertex -22 -15 -6
    endloop
  endfacet
  facet normal 0 1 0
    outer loop
      vertex -21.5842 -15 -6.0437
      vertex -22.2091 -15 -6.01096
      vertex -21.7909 -15 -6.01096
    endloop
  endfacet
  facet normal 0 1 0
    outer loop
      vertex -21.5842 -15 -6.0437
      vertex -22.4158 -15 -6.0437
      vertex -22.2091 -15 -6.01096
    endloop
  endfacet
  facet normal 0 1 0
    outer loop
      vertex -21.382 -15 -6.09789
      vertex -22.4158 -15 -6.0437
      vertex -21.5842 -15 -6.0437
    endloop
  endfacet
  facet normal 0 1 0
    outer loop
      vertex -21.382 -15 -6.09789
      vertex -22.618 -15 -6.09789
      vertex -22.4158 -15 -6.0437
    endloop
  endfacet
  facet normal 0 1 0
    outer loop
      vertex -21.1865 -15 -6.17291
      vertex -22.618 -15 -6.09789
      vertex -21.382 -15 -6.09789
    endloop
  endfacet
  facet normal 0 1 0
    outer loop
      vertex -21.1865 -15 -6.17291
      vertex -22.8135 -15 -6.17291
      vertex -22.618 -15 -6.09789
    endloop
  endfacet
  facet normal 0 1 0
    outer loop
      vertex -21 -15 -6.26795
      vertex -22.8135 -15 -6.17291
      vertex -21.1865 -15 -6.17291
    endloop
  endfacet
  facet normal 0 1 0
    outer loop
      vertex -21 -15 -6.26795
      vertex -23 -15 -6.26795
      vertex -22.8135 -15 -6.17291
    endloop
  endfacet
  facet normal 0 1 0
    outer loop
      vertex -20.8244 -15 -6.38197
      vertex -23 -15 -6.26795
      vertex -21 -15 -6.26795
    endloop
  endfacet
  facet normal 0 1 0
    outer loop
      vertex -20.8244 -15 -6.38197
      vertex -23.1756 -15 -6.38197
      vertex -23 -15 -6.26795
    endloop
  endfacet
  facet normal 0 1 0
    outer loop
      vertex -20.6617 -15 -6.51371
      vertex -23.1756 -15 -6.38197
      vertex -20.8244 -15 -6.38197
    endloop
  endfacet
  facet normal 0 1 0
    outer loop
      vertex -20.6617 -15 -6.51371
      vertex -23.3383 -15 -6.51371
      vertex -23.1756 -15 -6.38197
    endloop
  endfacet
  facet normal 0 1 0
    outer loop
      vertex -20.5137 -15 -6.66174
      vertex -23.3383 -15 -6.51371
      vertex -20.6617 -15 -6.51371
    endloop
  endfacet
  facet normal 0 1 0
    outer loop
      vertex -20.5137 -15 -6.66174
      vertex -23.4863 -15 -6.66174
      vertex -23.3383 -15 -6.51371
    endloop
  endfacet
  facet normal 0 1 0
    outer loop
      vertex -20.382 -15 -6.82443
      vertex -23.4863 -15 -6.66174
      vertex -20.5137 -15 -6.66174
    endloop
  endfacet
  facet normal 0 1 0
    outer loop
      vertex -20.382 -15 -6.82443
      vertex -23.618 -15 -6.82443
      vertex -23.4863 -15 -6.66174
    endloop
  endfacet
  facet normal 0 1 0
    outer loop
      vertex -20.268 -15 -7
      vertex -23.618 -15 -6.82443
      vertex -20.382 -15 -6.82443
    endloop
  endfacet
  facet normal 0 1 0
    outer loop
      vertex -20.268 -15 -7
      vertex -23.732 -15 -7
      vertex -23.618 -15 -6.82443
    endloop
  endfacet
  facet normal 0 1 0
    outer loop
      vertex -20.1729 -15 -7.18653
      vertex -23.732 -15 -7
      vertex -20.268 -15 -7
    endloop
  endfacet
  facet normal 0 1 0
    outer loop
      vertex -20.1729 -15 -7.18653
      vertex -23.8271 -15 -7.18653
      vertex -23.732 -15 -7
    endloop
  endfacet
  facet normal 0 1 0
    outer loop
      vertex -20.0979 -15 -7.38197
      vertex -23.8271 -15 -7.18653
      vertex -20.1729 -15 -7.18653
    endloop
  endfacet
  facet normal 0 1 0
    outer loop
      vertex -20.0979 -15 -7.38197
      vertex -23.9021 -15 -7.38197
      vertex -23.8271 -15 -7.18653
    endloop
  endfacet
  facet normal 0 1 0
    outer loop
      vertex -20.0437 -15 -7.58418
      vertex -23.9021 -15 -7.38197
      vertex -20.0979 -15 -7.38197
    endloop
  endfacet
  facet normal 0 1 0
    outer loop
      vertex -20.0437 -15 -7.58418
      vertex -23.9563 -15 -7.58418
      vertex -23.9021 -15 -7.38197
    endloop
  endfacet
  facet normal 0 1 0
    outer loop
      vertex -20.011 -15 -7.79094
      vertex -23.9563 -15 -7.58418
      vertex -20.0437 -15 -7.58418
    endloop
  endfacet
  facet normal 0 1 0
    outer loop
      vertex -20.011 -15 -7.79094
      vertex -23.989 -15 -7.79094
      vertex -23.9563 -15 -7.58418
    endloop
  endfacet
  facet normal 0 1 0
    outer loop
      vertex -20 -15 -8
      vertex -23.989 -15 -7.79094
      vertex -20.011 -15 -7.79094
    endloop
  endfacet
  facet normal 0 1 0
    outer loop
      vertex -20 -15 -8
      vertex -24 -15 -8
      vertex -23.989 -15 -7.79094
    endloop
  endfacet
  facet normal 0 1 -0
    outer loop
      vertex -20.011 -15 -8.20906
      vertex -24 -15 -8
      vertex -20 -15 -8
    endloop
  endfacet
  facet normal 0 1 0
    outer loop
      vertex -20.011 -15 -8.20906
      vertex -23.989 -15 -8.20906
      vertex -24 -15 -8
    endloop
  endfacet
  facet normal 0 1 -0
    outer loop
      vertex -20.0437 -15 -8.41582
      vertex -23.989 -15 -8.20906
      vertex -20.011 -15 -8.20906
    endloop
  endfacet
  facet normal 0 1 0
    outer loop
      vertex -20.0437 -15 -8.41582
      vertex -23.9563 -15 -8.41582
      vertex -23.989 -15 -8.20906
    endloop
  endfacet
  facet normal 0 1 -0
    outer loop
      vertex -20.0979 -15 -8.61803
      vertex -23.9563 -15 -8.41582
      vertex -20.0437 -15 -8.41582
    endloop
  endfacet
  facet normal 0 1 0
    outer loop
      vertex -20.0979 -15 -8.61803
      vertex -23.9021 -15 -8.61803
      vertex -23.9563 -15 -8.41582
    endloop
  endfacet
  facet normal 0 1 -0
    outer loop
      vertex -20.1729 -15 -8.81347
      vertex -23.9021 -15 -8.61803
      vertex -20.0979 -15 -8.61803
    endloop
  endfacet
  facet normal 0 1 0
    outer loop
      vertex -20.1729 -15 -8.81347
      vertex -23.8271 -15 -8.81347
      vertex -23.9021 -15 -8.61803
    endloop
  endfacet
  facet normal 0 1 -0
    outer loop
      vertex -20.268 -15 -9
      vertex -23.8271 -15 -8.81347
      vertex -20.1729 -15 -8.81347
    endloop
  endfacet
  facet normal 0 1 0
    outer loop
      vertex -20.268 -15 -9
      vertex -23.732 -15 -9
      vertex -23.8271 -15 -8.81347
    endloop
  endfacet
  facet normal 0 1 -0
    outer loop
      vertex -20.382 -15 -9.17557
      vertex -23.732 -15 -9
      vertex -20.268 -15 -9
    endloop
  endfacet
  facet normal 0 1 0
    outer loop
      vertex -20.382 -15 -9.17557
      vertex -23.618 -15 -9.17557
      vertex -23.732 -15 -9
    endloop
  endfacet
  facet normal 0 1 -0
    outer loop
      vertex -20.5137 -15 -9.33826
      vertex -23.618 -15 -9.17557
      vertex -20.382 -15 -9.17557
    endloop
  endfacet
  facet normal 0 1 0
    outer loop
      vertex -20.5137 -15 -9.33826
      vertex -23.4863 -15 -9.33826
      vertex -23.618 -15 -9.17557
    endloop
  endfacet
  facet normal 0 1 -0
    outer loop
      vertex -20.6617 -15 -9.48629
      vertex -23.4863 -15 -9.33826
      vertex -20.5137 -15 -9.33826
    endloop
  endfacet
  facet normal 0 1 0
    outer loop
      vertex -20.6617 -15 -9.48629
      vertex -23.3383 -15 -9.48629
      vertex -23.4863 -15 -9.33826
    endloop
  endfacet
  facet normal 0 1 -0
    outer loop
      vertex -20.8244 -15 -9.61803
      vertex -23.3383 -15 -9.48629
      vertex -20.6617 -15 -9.48629
    endloop
  endfacet
  facet normal 0 1 0
    outer loop
      vertex -20.8244 -15 -9.61803
      vertex -23.1756 -15 -9.61803
      vertex -23.3383 -15 -9.48629
    endloop
  endfacet
  facet normal 0 1 -0
    outer loop
      vertex -21 -15 -9.73205
      vertex -23.1756 -15 -9.61803
      vertex -20.8244 -15 -9.61803
    endloop
  endfacet
  facet normal 0 1 0
    outer loop
      vertex -21 -15 -9.73205
      vertex -23 -15 -9.73205
      vertex -23.1756 -15 -9.61803
    endloop
  endfacet
  facet normal 0 1 -0
    outer loop
      vertex -21.1865 -15 -9.82709
      vertex -23 -15 -9.73205
      vertex -21 -15 -9.73205
    endloop
  endfacet
  facet normal 0 1 0
    outer loop
      vertex -21.1865 -15 -9.82709
      vertex -22.8135 -15 -9.82709
      vertex -23 -15 -9.73205
    endloop
  endfacet
  facet normal 0 1 -0
    outer loop
      vertex -21.382 -15 -9.90211
      vertex -22.8135 -15 -9.82709
      vertex -21.1865 -15 -9.82709
    endloop
  endfacet
  facet normal 0 1 0
    outer loop
      vertex -21.382 -15 -9.90211
      vertex -22.618 -15 -9.90211
      vertex -22.8135 -15 -9.82709
    endloop
  endfacet
  facet normal 0 1 -0
    outer loop
      vertex -21.5842 -15 -9.9563
      vertex -22.618 -15 -9.90211
      vertex -21.382 -15 -9.90211
    endloop
  endfacet
  facet normal 0 1 0
    outer loop
      vertex -21.5842 -15 -9.9563
      vertex -22.4158 -15 -9.9563
      vertex -22.618 -15 -9.90211
    endloop
  endfacet
  facet normal 0 1 -0
    outer loop
      vertex -21.7909 -15 -9.98904
      vertex -22.4158 -15 -9.9563
      vertex -21.5842 -15 -9.9563
    endloop
  endfacet
  facet normal 0 1 0
    outer loop
      vertex -21.7909 -15 -9.98904
      vertex -22.2091 -15 -9.98904
      vertex -22.4158 -15 -9.9563
    endloop
  endfacet
  facet normal -0 1 0
    outer loop
      vertex -22.2091 -15 -9.98904
      vertex -21.7909 -15 -9.98904
      vertex -22 -15 -10
    endloop
  endfacet
  facet normal -0.0523433 0 -0.998629
    outer loop
      vertex -22.2091 -27 -9.98904
      vertex -22 -15 -10
      vertex -22 -27 -10
    endloop
  endfacet
  facet normal -0.0523433 0 -0.998629
    outer loop
      vertex -22 -15 -10
      vertex -22.2091 -27 -9.98904
      vertex -22.2091 -15 -9.98904
    endloop
  endfacet
  facet normal -0.998619 0 0.0525438
    outer loop
      vertex -24 -27 -8
      vertex -23.989 -15 -7.79094
      vertex -24 -15 -8
    endloop
  endfacet
  facet normal -0.998619 0 0.0525438
    outer loop
      vertex -23.989 -15 -7.79094
      vertex -24 -27 -8
      vertex -23.989 -27 -7.79094
    endloop
  endfacet
  facet normal -0.358262 0 -0.933621
    outer loop
      vertex -22.8135 -27 -9.82709
      vertex -22.618 -15 -9.90211
      vertex -22.618 -27 -9.90211
    endloop
  endfacet
  facet normal -0.358262 0 -0.933621
    outer loop
      vertex -22.618 -15 -9.90211
      vertex -22.8135 -27 -9.82709
      vertex -22.8135 -15 -9.82709
    endloop
  endfacet
  facet normal -0.544585 0 -0.838705
    outer loop
      vertex -23.1756 -27 -9.61803
      vertex -23 -15 -9.73205
      vertex -23 -27 -9.73205
    endloop
  endfacet
  facet normal -0.544585 0 -0.838705
    outer loop
      vertex -23 -15 -9.73205
      vertex -23.1756 -27 -9.61803
      vertex -23.1756 -15 -9.61803
    endloop
  endfacet
  facet normal 0.707178 0 -0.707035
    outer loop
      vertex -20.6617 -27 -9.48629
      vertex -20.5137 -15 -9.33826
      vertex -20.5137 -27 -9.33826
    endloop
  endfacet
  facet normal 0.707178 0 -0.707035
    outer loop
      vertex -20.5137 -15 -9.33826
      vertex -20.6617 -27 -9.48629
      vertex -20.6617 -15 -9.48629
    endloop
  endfacet
  facet normal 0.987694 0 -0.156396
    outer loop
      vertex -12.0548 17 -9.04528
      vertex -12.2185 25 -10.0791
      vertex -12.0548 25 -9.04528
    endloop
  endfacet
  facet normal 0.987694 0 -0.156396
    outer loop
      vertex -12.2185 25 -10.0791
      vertex -12.0548 17 -9.04528
      vertex -12.2185 17 -10.0791
    endloop
  endfacet
  facet normal 0.987695 -0 0.156393
    outer loop
      vertex -12.2185 17 -5.92088
      vertex -12.0548 25 -6.95472
      vertex -12.2185 25 -5.92088
    endloop
  endfacet
  facet normal 0.987695 0 0.156393
    outer loop
      vertex -12.0548 25 -6.95472
      vertex -12.2185 17 -5.92088
      vertex -12.0548 17 -6.95472
    endloop
  endfacet
  facet normal 0.998629 -0 0.0523542
    outer loop
      vertex -12.0548 17 -6.95472
      vertex -12 25 -8
      vertex -12.0548 25 -6.95472
    endloop
  endfacet
  facet normal 0.998629 0 0.0523542
    outer loop
      vertex -12 25 -8
      vertex -12.0548 17 -6.95472
      vertex -12 17 -8
    endloop
  endfacet
  facet normal 0.965928 -0 0.25881
    outer loop
      vertex -12.4894 17 -4.90983
      vertex -12.2185 25 -5.92088
      vertex -12.4894 25 -4.90983
    endloop
  endfacet
  facet normal 0.965928 0 0.25881
    outer loop
      vertex -12.2185 25 -5.92088
      vertex -12.4894 17 -4.90983
      vertex -12.2185 17 -5.92088
    endloop
  endfacet
  facet normal 0.838663 -0 0.544651
    outer loop
      vertex -13.9098 17 -2.12215
      vertex -13.3397 25 -3
      vertex -13.9098 25 -2.12215
    endloop
  endfacet
  facet normal 0.838663 0 0.544651
    outer loop
      vertex -13.3397 25 -3
      vertex -13.9098 17 -2.12215
      vertex -13.3397 17 -3
    endloop
  endfacet
  facet normal -0.0523342 0 0.99863
    outer loop
      vertex -23.0453 25 1.94522
      vertex -22 17 2
      vertex -22 25 2
    endloop
  endfacet
  facet normal -0.0523342 0 0.99863
    outer loop
      vertex -22 17 2
      vertex -23.0453 25 1.94522
      vertex -23.0453 17 1.94522
    endloop
  endfacet
  facet normal 0.998629 0 -0.0523542
    outer loop
      vertex -12 17 -8
      vertex -12.0548 25 -9.04528
      vertex -12 25 -8
    endloop
  endfacet
  facet normal 0.998629 0 -0.0523542
    outer loop
      vertex -12.0548 25 -9.04528
      vertex -12 17 -8
      vertex -12.0548 17 -9.04528
    endloop
  endfacet
  facet normal 0.777112 -0 0.629363
    outer loop
      vertex -14.5686 17 -1.30869
      vertex -13.9098 25 -2.12215
      vertex -14.5686 25 -1.30869
    endloop
  endfacet
  facet normal 0.777112 0 0.629363
    outer loop
      vertex -13.9098 25 -2.12215
      vertex -14.5686 17 -1.30869
      vertex -13.9098 17 -2.12215
    endloop
  endfacet
  facet normal -0.987694 0 -0.156396
    outer loop
      vertex -31.7815 17 -10.0791
      vertex -31.9452 25 -9.04528
      vertex -31.7815 25 -10.0791
    endloop
  endfacet
  facet normal -0.987694 -0 -0.156396
    outer loop
      vertex -31.9452 25 -9.04528
      vertex -31.7815 17 -10.0791
      vertex -31.9452 17 -9.04528
    endloop
  endfacet
  facet normal -0.891006 0 0.453991
    outer loop
      vertex -31.1355 17 -3.93263
      vertex -30.6603 25 -3
      vertex -31.1355 25 -3.93263
    endloop
  endfacet
  facet normal -0.891006 0 0.453991
    outer loop
      vertex -30.6603 25 -3
      vertex -31.1355 17 -3.93263
      vertex -30.6603 17 -3
    endloop
  endfacet
  facet normal 0.258816 0 0.965927
    outer loop
      vertex -19.9209 25 1.78148
      vertex -18.9098 17 1.51056
      vertex -18.9098 25 1.51056
    endloop
  endfacet
  facet normal 0.258816 0 0.965927
    outer loop
      vertex -18.9098 17 1.51056
      vertex -19.9209 25 1.78148
      vertex -19.9209 17 1.78148
    endloop
  endfacet
  facet normal 0.358366 0 0.933581
    outer loop
      vertex -18.9098 25 1.51056
      vertex -17.9326 17 1.13545
      vertex -17.9326 25 1.13545
    endloop
  endfacet
  facet normal 0.358366 0 0.933581
    outer loop
      vertex -17.9326 17 1.13545
      vertex -18.9098 25 1.51056
      vertex -18.9098 17 1.51056
    endloop
  endfacet
  facet normal -0.965931 0 -0.258798
    outer loop
      vertex -31.5106 17 -11.0902
      vertex -31.7815 25 -10.0791
      vertex -31.5106 25 -11.0902
    endloop
  endfacet
  facet normal -0.965931 -0 -0.258798
    outer loop
      vertex -31.7815 25 -10.0791
      vertex -31.5106 17 -11.0902
      vertex -31.7815 17 -10.0791
    endloop
  endfacet
  facet normal 0.629346 0 0.777126
    outer loop
      vertex -16.1221 25 0.0901699
      vertex -15.3087 17 -0.568552
      vertex -15.3087 25 -0.568552
    endloop
  endfacet
  facet normal 0.629346 0 0.777126
    outer loop
      vertex -15.3087 17 -0.568552
      vertex -16.1221 25 0.0901699
      vertex -16.1221 17 0.0901699
    endloop
  endfacet
  facet normal 0.358358 0 -0.933584
    outer loop
      vertex -18.9098 17 -17.5106
      vertex -17.9326 25 -17.1355
      vertex -17.9326 17 -17.1355
    endloop
  endfacet
  facet normal 0.358358 0 -0.933584
    outer loop
      vertex -17.9326 25 -17.1355
      vertex -18.9098 17 -17.5106
      vertex -18.9098 25 -17.5106
    endloop
  endfacet
  facet normal -0.777112 0 0.629363
    outer loop
      vertex -30.0902 17 -2.12215
      vertex -29.4314 25 -1.30869
      vertex -30.0902 25 -2.12215
    endloop
  endfacet
  facet normal -0.777112 0 0.629363
    outer loop
      vertex -29.4314 25 -1.30869
      vertex -30.0902 17 -2.12215
      vertex -29.4314 17 -1.30869
    endloop
  endfacet
  facet normal -0.258816 0 0.965927
    outer loop
      vertex -25.0902 25 1.51056
      vertex -24.0791 17 1.78148
      vertex -24.0791 25 1.78148
    endloop
  endfacet
  facet normal -0.258816 0 0.965927
    outer loop
      vertex -24.0791 17 1.78148
      vertex -25.0902 25 1.51056
      vertex -25.0902 17 1.51056
    endloop
  endfacet
  facet normal -0.707125 0 0.707089
    outer loop
      vertex -29.4314 17 -1.30869
      vertex -28.6913 25 -0.568552
      vertex -29.4314 25 -1.30869
    endloop
  endfacet
  facet normal -0.707125 0 0.707089
    outer loop
      vertex -28.6913 25 -0.568552
      vertex -29.4314 17 -1.30869
      vertex -28.6913 17 -0.568552
    endloop
  endfacet
  facet normal -0.544618 0 0.838684
    outer loop
      vertex -27.8779 25 0.0901699
      vertex -27 17 0.660254
      vertex -27 25 0.660254
    endloop
  endfacet
  facet normal -0.544618 0 0.838684
    outer loop
      vertex -27 17 0.660254
      vertex -27.8779 25 0.0901699
      vertex -27.8779 17 0.0901699
    endloop
  endfacet
  facet normal 0.965931 0 -0.258798
    outer loop
      vertex -12.2185 17 -10.0791
      vertex -12.4894 25 -11.0902
      vertex -12.2185 25 -10.0791
    endloop
  endfacet
  facet normal 0.965931 0 -0.258798
    outer loop
      vertex -12.4894 25 -11.0902
      vertex -12.2185 17 -10.0791
      vertex -12.4894 17 -11.0902
    endloop
  endfacet
  facet normal 0.0523532 0 -0.998629
    outer loop
      vertex -22 17 -18
      vertex -20.9547 25 -17.9452
      vertex -20.9547 17 -17.9452
    endloop
  endfacet
  facet normal 0.0523532 0 -0.998629
    outer loop
      vertex -20.9547 25 -17.9452
      vertex -22 17 -18
      vertex -22 25 -18
    endloop
  endfacet
  facet normal 0.544618 0 0.838684
    outer loop
      vertex -17 25 0.660254
      vertex -16.1221 17 0.0901699
      vertex -16.1221 25 0.0901699
    endloop
  endfacet
  facet normal 0.544618 0 0.838684
    outer loop
      vertex -16.1221 17 0.0901699
      vertex -17 25 0.660254
      vertex -17 17 0.660254
    endloop
  endfacet
  facet normal -0.838677 0 -0.544629
    outer loop
      vertex -30.0902 17 -13.8779
      vertex -30.6603 25 -13
      vertex -30.0902 25 -13.8779
    endloop
  endfacet
  facet normal -0.838677 -0 -0.544629
    outer loop
      vertex -30.6603 25 -13
      vertex -30.0902 17 -13.8779
      vertex -30.6603 17 -13
    endloop
  endfacet
  facet normal 0.156399 0 -0.987694
    outer loop
      vertex -20.9547 17 -17.9452
      vertex -19.9209 25 -17.7815
      vertex -19.9209 17 -17.7815
    endloop
  endfacet
  facet normal 0.156399 0 -0.987694
    outer loop
      vertex -19.9209 25 -17.7815
      vertex -20.9547 17 -17.9452
      vertex -20.9547 25 -17.9452
    endloop
  endfacet
  facet normal -0.156399 0 -0.987694
    outer loop
      vertex -24.0791 17 -17.7815
      vertex -23.0453 25 -17.9452
      vertex -23.0453 17 -17.9452
    endloop
  endfacet
  facet normal -0.156399 0 -0.987694
    outer loop
      vertex -23.0453 25 -17.9452
      vertex -24.0791 17 -17.7815
      vertex -24.0791 25 -17.7815
    endloop
  endfacet
  facet normal -0.454003 0 -0.891
    outer loop
      vertex -27 17 -16.6603
      vertex -26.0674 25 -17.1355
      vertex -26.0674 17 -17.1355
    endloop
  endfacet
  facet normal -0.454003 0 -0.891
    outer loop
      vertex -26.0674 25 -17.1355
      vertex -27 17 -16.6603
      vertex -27 25 -16.6603
    endloop
  endfacet
  facet normal 0 -1 0
    outer loop
      vertex -23.0453 17 1.94522
      vertex -22.5226 17 -3.02739
      vertex -22 17 -3
    endloop
  endfacet
  facet normal 0 -1 0
    outer loop
      vertex -30.0902 17 -2.12215
      vertex -23.0396 17 -3.10926
      vertex -22.5226 17 -3.02739
    endloop
  endfacet
  facet normal 0 -1 0
    outer loop
      vertex -30.0902 17 -2.12215
      vertex -23.5451 17 -3.24472
      vertex -23.0396 17 -3.10926
    endloop
  endfacet
  facet normal 0 -1 0
    outer loop
      vertex -30.0902 17 -2.12215
      vertex -24.0337 17 -3.43227
      vertex -23.5451 17 -3.24472
    endloop
  endfacet
  facet normal 0 -1 0
    outer loop
      vertex -30.0902 17 -2.12215
      vertex -24.5 17 -3.66987
      vertex -24.0337 17 -3.43227
    endloop
  endfacet
  facet normal 0 -1 0
    outer loop
      vertex -26.3301 17 -5.5
      vertex -30.6603 17 -3
      vertex -31.1355 17 -3.93263
    endloop
  endfacet
  facet normal 0 -1 0
    outer loop
      vertex -30.0902 17 -2.12215
      vertex -24.9389 17 -3.95492
      vertex -24.5 17 -3.66987
    endloop
  endfacet
  facet normal 0 -1 0
    outer loop
      vertex -30.0902 17 -2.12215
      vertex -25.3457 17 -4.28428
      vertex -24.9389 17 -3.95492
    endloop
  endfacet
  facet normal 0 -1 0
    outer loop
      vertex -30.0902 17 -2.12215
      vertex -25.7157 17 -4.65435
      vertex -25.3457 17 -4.28428
    endloop
  endfacet
  facet normal 0 -1 0
    outer loop
      vertex -26.5677 17 -5.96632
      vertex -31.1355 17 -3.93263
      vertex -31.5106 17 -4.90983
    endloop
  endfacet
  facet normal 0 -1 0
    outer loop
      vertex -30.0902 17 -2.12215
      vertex -26.0451 17 -5.06107
      vertex -25.7157 17 -4.65435
    endloop
  endfacet
  facet normal 0 -1 0
    outer loop
      vertex -30.6603 17 -3
      vertex -26.3301 17 -5.5
      vertex -26.0451 17 -5.06107
    endloop
  endfacet
  facet normal 0 -1 0
    outer loop
      vertex -26.7553 17 -6.45492
      vertex -31.5106 17 -4.90983
      vertex -31.7815 17 -5.92088
    endloop
  endfacet
  facet normal 0 -1 0
    outer loop
      vertex -31.1355 17 -3.93263
      vertex -26.5677 17 -5.96632
      vertex -26.3301 17 -5.5
    endloop
  endfacet
  facet normal 0 -1 0
    outer loop
      vertex -31.5106 17 -4.90983
      vertex -26.7553 17 -6.45492
      vertex -26.5677 17 -5.96632
    endloop
  endfacet
  facet normal 0 -1 0
    outer loop
      vertex -26.8907 17 -6.96044
      vertex -31.7815 17 -5.92088
      vertex -31.9452 17 -6.95472
    endloop
  endfacet
  facet normal 0 -1 0
    outer loop
      vertex -31.7815 17 -5.92088
      vertex -26.8907 17 -6.96044
      vertex -26.7553 17 -6.45492
    endloop
  endfacet
  facet normal 0 -1 0
    outer loop
      vertex -31.9452 17 -6.95472
      vertex -26.9726 17 -7.47736
      vertex -26.8907 17 -6.96044
    endloop
  endfacet
  facet normal 0 -1 0
    outer loop
      vertex -32 17 -8
      vertex -26.9726 17 -7.47736
      vertex -31.9452 17 -6.95472
    endloop
  endfacet
  facet normal 0 -1 0
    outer loop
      vertex -32 17 -8
      vertex -27 17 -8
      vertex -26.9726 17 -7.47736
    endloop
  endfacet
  facet normal 0 -1 0
    outer loop
      vertex -32 17 -8
      vertex -26.9726 17 -8.52264
      vertex -27 17 -8
    endloop
  endfacet
  facet normal 0 -1 0
    outer loop
      vertex -31.9452 17 -9.04528
      vertex -26.9726 17 -8.52264
      vertex -32 17 -8
    endloop
  endfacet
  facet normal 0 -1 -0
    outer loop
      vertex -26.9726 17 -8.52264
      vertex -31.9452 17 -9.04528
      vertex -26.8907 17 -9.03956
    endloop
  endfacet
  facet normal 0 -1 0
    outer loop
      vertex -31.7815 17 -10.0791
      vertex -26.8907 17 -9.03956
      vertex -31.9452 17 -9.04528
    endloop
  endfacet
  facet normal 0 -1 -0
    outer loop
      vertex -26.8907 17 -9.03956
      vertex -31.7815 17 -10.0791
      vertex -26.7553 17 -9.54508
    endloop
  endfacet
  facet normal 0 -1 0
    outer loop
      vertex -31.5106 17 -11.0902
      vertex -26.7553 17 -9.54508
      vertex -31.7815 17 -10.0791
    endloop
  endfacet
  facet normal 0 -1 -0
    outer loop
      vertex -26.7553 17 -9.54508
      vertex -31.5106 17 -11.0902
      vertex -26.5677 17 -10.0337
    endloop
  endfacet
  facet normal 0 -1 0
    outer loop
      vertex -31.1355 17 -12.0674
      vertex -26.5677 17 -10.0337
      vertex -31.5106 17 -11.0902
    endloop
  endfacet
  facet normal 0 -1 -0
    outer loop
      vertex -26.5677 17 -10.0337
      vertex -31.1355 17 -12.0674
      vertex -26.3301 17 -10.5
    endloop
  endfacet
  facet normal 0 -1 0
    outer loop
      vertex -30.6603 17 -13
      vertex -26.3301 17 -10.5
      vertex -31.1355 17 -12.0674
    endloop
  endfacet
  facet normal 0 -1 -0
    outer loop
      vertex -26.3301 17 -10.5
      vertex -30.6603 17 -13
      vertex -26.0451 17 -10.9389
    endloop
  endfacet
  facet normal 0 -1 0
    outer loop
      vertex -30.0902 17 -13.8779
      vertex -26.0451 17 -10.9389
      vertex -30.6603 17 -13
    endloop
  endfacet
  facet normal 0 -1 -0
    outer loop
      vertex -26.0451 17 -10.9389
      vertex -30.0902 17 -13.8779
      vertex -25.7157 17 -11.3457
    endloop
  endfacet
  facet normal 0 -1 0
    outer loop
      vertex -29.4314 17 -14.6913
      vertex -25.7157 17 -11.3457
      vertex -30.0902 17 -13.8779
    endloop
  endfacet
  facet normal 0 -1 -0
    outer loop
      vertex -25.7157 17 -11.3457
      vertex -29.4314 17 -14.6913
      vertex -25.3457 17 -11.7157
    endloop
  endfacet
  facet normal 0 -1 0
    outer loop
      vertex -28.6913 17 -15.4314
      vertex -25.3457 17 -11.7157
      vertex -29.4314 17 -14.6913
    endloop
  endfacet
  facet normal 0 -1 -0
    outer loop
      vertex -25.3457 17 -11.7157
      vertex -28.6913 17 -15.4314
      vertex -24.9389 17 -12.0451
    endloop
  endfacet
  facet normal 0 -1 0
    outer loop
      vertex -27.8779 17 -16.0902
      vertex -24.9389 17 -12.0451
      vertex -28.6913 17 -15.4314
    endloop
  endfacet
  facet normal 0 -1 -0
    outer loop
      vertex -24.9389 17 -12.0451
      vertex -27.8779 17 -16.0902
      vertex -24.5 17 -12.3301
    endloop
  endfacet
  facet normal 0 -1 0
    outer loop
      vertex -27 17 -16.6603
      vertex -24.5 17 -12.3301
      vertex -27.8779 17 -16.0902
    endloop
  endfacet
  facet normal 0 -1 -0
    outer loop
      vertex -24.5 17 -12.3301
      vertex -27 17 -16.6603
      vertex -24.0337 17 -12.5677
    endloop
  endfacet
  facet normal 0 -1 0
    outer loop
      vertex -26.0674 17 -17.1355
      vertex -24.0337 17 -12.5677
      vertex -27 17 -16.6603
    endloop
  endfacet
  facet normal 0 -1 0
    outer loop
      vertex -22 17 -13
      vertex -13.9098 17 -13.8779
      vertex -13.3397 17 -13
    endloop
  endfacet
  facet normal 0 -1 -0
    outer loop
      vertex -24.0337 17 -12.5677
      vertex -26.0674 17 -17.1355
      vertex -23.5451 17 -12.7553
    endloop
  endfacet
  facet normal 0 -1 0
    outer loop
      vertex -22 17 -13
      vertex -14.5686 17 -14.6913
      vertex -13.9098 17 -13.8779
    endloop
  endfacet
  facet normal 0 -1 0
    outer loop
      vertex -25.0902 17 -17.5106
      vertex -23.5451 17 -12.7553
      vertex -26.0674 17 -17.1355
    endloop
  endfacet
  facet normal 0 -1 0
    outer loop
      vertex -22 17 -13
      vertex -15.3087 17 -15.4314
      vertex -14.5686 17 -14.6913
    endloop
  endfacet
  facet normal 0 -1 -0
    outer loop
      vertex -23.5451 17 -12.7553
      vertex -25.0902 17 -17.5106
      vertex -23.0396 17 -12.8907
    endloop
  endfacet
  facet normal 0 -1 0
    outer loop
      vertex -22 17 -13
      vertex -16.1221 17 -16.0902
      vertex -15.3087 17 -15.4314
    endloop
  endfacet
  facet normal 0 -1 0
    outer loop
      vertex -24.0791 17 -17.7815
      vertex -23.0396 17 -12.8907
      vertex -25.0902 17 -17.5106
    endloop
  endfacet
  facet normal 0 -1 0
    outer loop
      vertex -22 17 -13
      vertex -17 17 -16.6603
      vertex -16.1221 17 -16.0902
    endloop
  endfacet
  facet normal 0 -1 -0
    outer loop
      vertex -23.0396 17 -12.8907
      vertex -24.0791 17 -17.7815
      vertex -22.5226 17 -12.9726
    endloop
  endfacet
  facet normal 0 -1 0
    outer loop
      vertex -22 17 -13
      vertex -17.9326 17 -17.1355
      vertex -17 17 -16.6603
    endloop
  endfacet
  facet normal 0 -1 0
    outer loop
      vertex -23.0453 17 -17.9452
      vertex -22.5226 17 -12.9726
      vertex -24.0791 17 -17.7815
    endloop
  endfacet
  facet normal 0 -1 0
    outer loop
      vertex -22 17 -13
      vertex -18.9098 17 -17.5106
      vertex -17.9326 17 -17.1355
    endloop
  endfacet
  facet normal 0 -1 -0
    outer loop
      vertex -22.5226 17 -12.9726
      vertex -23.0453 17 -17.9452
      vertex -22 17 -13
    endloop
  endfacet
  facet normal 0 -1 0
    outer loop
      vertex -22 17 -13
      vertex -19.9209 17 -17.7815
      vertex -18.9098 17 -17.5106
    endloop
  endfacet
  facet normal 0 -1 0
    outer loop
      vertex -22 17 -18
      vertex -22 17 -13
      vertex -23.0453 17 -17.9452
    endloop
  endfacet
  facet normal 0 -1 0
    outer loop
      vertex -22 17 -13
      vertex -20.9547 17 -17.9452
      vertex -19.9209 17 -17.7815
    endloop
  endfacet
  facet normal 0 -1 0
    outer loop
      vertex -22 17 -13
      vertex -22 17 -18
      vertex -20.9547 17 -17.9452
    endloop
  endfacet
  facet normal 0 -1 0
    outer loop
      vertex -22 17 -3
      vertex -22 17 2
      vertex -23.0453 17 1.94522
    endloop
  endfacet
  facet normal 0 -1 0
    outer loop
      vertex -22.5226 17 -3.02739
      vertex -23.0453 17 1.94522
      vertex -24.0791 17 1.78148
    endloop
  endfacet
  facet normal 0 -1 0
    outer loop
      vertex -22 17 2
      vertex -22 17 -3
      vertex -20.9547 17 1.94522
    endloop
  endfacet
  facet normal 0 -1 0
    outer loop
      vertex -22.5226 17 -3.02739
      vertex -24.0791 17 1.78148
      vertex -25.0902 17 1.51056
    endloop
  endfacet
  facet normal 0 -1 0
    outer loop
      vertex -21.4774 17 -3.02739
      vertex -20.9547 17 1.94522
      vertex -22 17 -3
    endloop
  endfacet
  facet normal 0 -1 0
    outer loop
      vertex -22.5226 17 -3.02739
      vertex -25.0902 17 1.51056
      vertex -26.0674 17 1.13545
    endloop
  endfacet
  facet normal 0 -1 -0
    outer loop
      vertex -20.9547 17 1.94522
      vertex -21.4774 17 -3.02739
      vertex -19.9209 17 1.78148
    endloop
  endfacet
  facet normal 0 -1 0
    outer loop
      vertex -22.5226 17 -3.02739
      vertex -26.0674 17 1.13545
      vertex -27 17 0.660254
    endloop
  endfacet
  facet normal 0 -1 0
    outer loop
      vertex -20.9604 17 -3.10926
      vertex -19.9209 17 1.78148
      vertex -21.4774 17 -3.02739
    endloop
  endfacet
  facet normal 0 -1 0
    outer loop
      vertex -22.5226 17 -3.02739
      vertex -27 17 0.660254
      vertex -27.8779 17 0.0901699
    endloop
  endfacet
  facet normal 0 -1 -0
    outer loop
      vertex -19.9209 17 1.78148
      vertex -20.9604 17 -3.10926
      vertex -18.9098 17 1.51056
    endloop
  endfacet
  facet normal 0 -1 0
    outer loop
      vertex -22.5226 17 -3.02739
      vertex -27.8779 17 0.0901699
      vertex -28.6913 17 -0.568552
    endloop
  endfacet
  facet normal 0 -1 0
    outer loop
      vertex -20.4549 17 -3.24472
      vertex -18.9098 17 1.51056
      vertex -20.9604 17 -3.10926
    endloop
  endfacet
  facet normal 0 -1 0
    outer loop
      vertex -22.5226 17 -3.02739
      vertex -28.6913 17 -0.568552
      vertex -29.4314 17 -1.30869
    endloop
  endfacet
  facet normal 0 -1 -0
    outer loop
      vertex -18.9098 17 1.51056
      vertex -20.4549 17 -3.24472
      vertex -17.9326 17 1.13545
    endloop
  endfacet
  facet normal 0 -1 0
    outer loop
      vertex -22.5226 17 -3.02739
      vertex -29.4314 17 -1.30869
      vertex -30.0902 17 -2.12215
    endloop
  endfacet
  facet normal 0 -1 0
    outer loop
      vertex -19.9663 17 -3.43227
      vertex -17.9326 17 1.13545
      vertex -20.4549 17 -3.24472
    endloop
  endfacet
  facet normal 0 -1 0
    outer loop
      vertex -26.0451 17 -5.06107
      vertex -30.0902 17 -2.12215
      vertex -30.6603 17 -3
    endloop
  endfacet
  facet normal 0 -1 -0
    outer loop
      vertex -17.9326 17 1.13545
      vertex -19.9663 17 -3.43227
      vertex -17 17 0.660254
    endloop
  endfacet
  facet normal 0 -1 0
    outer loop
      vertex -19.5 17 -3.66987
      vertex -17 17 0.660254
      vertex -19.9663 17 -3.43227
    endloop
  endfacet
  facet normal 0 -1 -0
    outer loop
      vertex -17 17 0.660254
      vertex -19.5 17 -3.66987
      vertex -16.1221 17 0.0901699
    endloop
  endfacet
  facet normal 0 -1 0
    outer loop
      vertex -19.0611 17 -3.95492
      vertex -16.1221 17 0.0901699
      vertex -19.5 17 -3.66987
    endloop
  endfacet
  facet normal 0 -1 -0
    outer loop
      vertex -16.1221 17 0.0901699
      vertex -19.0611 17 -3.95492
      vertex -15.3087 17 -0.568552
    endloop
  endfacet
  facet normal 0 -1 0
    outer loop
      vertex -18.6543 17 -4.28428
      vertex -15.3087 17 -0.568552
      vertex -19.0611 17 -3.95492
    endloop
  endfacet
  facet normal 0 -1 -0
    outer loop
      vertex -15.3087 17 -0.568552
      vertex -18.6543 17 -4.28428
      vertex -14.5686 17 -1.30869
    endloop
  endfacet
  facet normal 0 -1 0
    outer loop
      vertex -18.2843 17 -4.65435
      vertex -14.5686 17 -1.30869
      vertex -18.6543 17 -4.28428
    endloop
  endfacet
  facet normal 0 -1 -0
    outer loop
      vertex -14.5686 17 -1.30869
      vertex -18.2843 17 -4.65435
      vertex -13.9098 17 -2.12215
    endloop
  endfacet
  facet normal 0 -1 0
    outer loop
      vertex -17.9549 17 -5.06107
      vertex -13.9098 17 -2.12215
      vertex -18.2843 17 -4.65435
    endloop
  endfacet
  facet normal 0 -1 -0
    outer loop
      vertex -13.9098 17 -2.12215
      vertex -17.9549 17 -5.06107
      vertex -13.3397 17 -3
    endloop
  endfacet
  facet normal 0 -1 0
    outer loop
      vertex -17.6699 17 -5.5
      vertex -13.3397 17 -3
      vertex -17.9549 17 -5.06107
    endloop
  endfacet
  facet normal 0 -1 -0
    outer loop
      vertex -13.3397 17 -3
      vertex -17.6699 17 -5.5
      vertex -12.8645 17 -3.93263
    endloop
  endfacet
  facet normal 0 -1 0
    outer loop
      vertex -17.4323 17 -5.96632
      vertex -12.8645 17 -3.93263
      vertex -17.6699 17 -5.5
    endloop
  endfacet
  facet normal 0 -1 -0
    outer loop
      vertex -12.8645 17 -3.93263
      vertex -17.4323 17 -5.96632
      vertex -12.4894 17 -4.90983
    endloop
  endfacet
  facet normal 0 -1 0
    outer loop
      vertex -17.2447 17 -6.45492
      vertex -12.4894 17 -4.90983
      vertex -17.4323 17 -5.96632
    endloop
  endfacet
  facet normal 0 -1 -0
    outer loop
      vertex -12.4894 17 -4.90983
      vertex -17.2447 17 -6.45492
      vertex -12.2185 17 -5.92088
    endloop
  endfacet
  facet normal 0 -1 0
    outer loop
      vertex -17.1093 17 -6.96044
      vertex -12.2185 17 -5.92088
      vertex -17.2447 17 -6.45492
    endloop
  endfacet
  facet normal 0 -1 -0
    outer loop
      vertex -12.2185 17 -5.92088
      vertex -17.1093 17 -6.96044
      vertex -12.0548 17 -6.95472
    endloop
  endfacet
  facet normal 0 -1 0
    outer loop
      vertex -17.0274 17 -7.47736
      vertex -12.0548 17 -6.95472
      vertex -17.1093 17 -6.96044
    endloop
  endfacet
  facet normal 0 -1 0
    outer loop
      vertex -17 17 -8
      vertex -12.0548 17 -6.95472
      vertex -17.0274 17 -7.47736
    endloop
  endfacet
  facet normal 0 -1 0
    outer loop
      vertex -17 17 -8
      vertex -12 17 -8
      vertex -12.0548 17 -6.95472
    endloop
  endfacet
  facet normal 0 -1 0
    outer loop
      vertex -17.0274 17 -8.52264
      vertex -12 17 -8
      vertex -17 17 -8
    endloop
  endfacet
  facet normal 0 -1 0
    outer loop
      vertex -12.0548 17 -9.04528
      vertex -17.0274 17 -8.52264
      vertex -17.1093 17 -9.03956
    endloop
  endfacet
  facet normal 0 -1 0
    outer loop
      vertex -17.0274 17 -8.52264
      vertex -12.0548 17 -9.04528
      vertex -12 17 -8
    endloop
  endfacet
  facet normal 0 -1 0
    outer loop
      vertex -12.2185 17 -10.0791
      vertex -17.1093 17 -9.03956
      vertex -17.2447 17 -9.54508
    endloop
  endfacet
  facet normal 0 -1 0
    outer loop
      vertex -12.4894 17 -11.0902
      vertex -17.2447 17 -9.54508
      vertex -17.4323 17 -10.0337
    endloop
  endfacet
  facet normal 0 -1 0
    outer loop
      vertex -17.1093 17 -9.03956
      vertex -12.2185 17 -10.0791
      vertex -12.0548 17 -9.04528
    endloop
  endfacet
  facet normal 0 -1 0
    outer loop
      vertex -12.8645 17 -12.0674
      vertex -17.4323 17 -10.0337
      vertex -17.6699 17 -10.5
    endloop
  endfacet
  facet normal 0 -1 0
    outer loop
      vertex -13.3397 17 -13
      vertex -17.6699 17 -10.5
      vertex -17.9549 17 -10.9389
    endloop
  endfacet
  facet normal 0 -1 0
    outer loop
      vertex -17.2447 17 -9.54508
      vertex -12.4894 17 -11.0902
      vertex -12.2185 17 -10.0791
    endloop
  endfacet
  facet normal 0 -1 0
    outer loop
      vertex -13.3397 17 -13
      vertex -17.9549 17 -10.9389
      vertex -18.2843 17 -11.3457
    endloop
  endfacet
  facet normal 0 -1 0
    outer loop
      vertex -13.3397 17 -13
      vertex -18.2843 17 -11.3457
      vertex -18.6543 17 -11.7157
    endloop
  endfacet
  facet normal 0 -1 0
    outer loop
      vertex -13.3397 17 -13
      vertex -18.6543 17 -11.7157
      vertex -19.0611 17 -12.0451
    endloop
  endfacet
  facet normal 0 -1 0
    outer loop
      vertex -17.4323 17 -10.0337
      vertex -12.8645 17 -12.0674
      vertex -12.4894 17 -11.0902
    endloop
  endfacet
  facet normal 0 -1 0
    outer loop
      vertex -13.3397 17 -13
      vertex -19.0611 17 -12.0451
      vertex -19.5 17 -12.3301
    endloop
  endfacet
  facet normal 0 -1 0
    outer loop
      vertex -13.3397 17 -13
      vertex -19.5 17 -12.3301
      vertex -19.9663 17 -12.5677
    endloop
  endfacet
  facet normal 0 -1 0
    outer loop
      vertex -13.3397 17 -13
      vertex -19.9663 17 -12.5677
      vertex -20.4549 17 -12.7553
    endloop
  endfacet
  facet normal 0 -1 0
    outer loop
      vertex -13.3397 17 -13
      vertex -20.4549 17 -12.7553
      vertex -20.9604 17 -12.8907
    endloop
  endfacet
  facet normal 0 -1 0
    outer loop
      vertex -13.3397 17 -13
      vertex -20.9604 17 -12.8907
      vertex -21.4774 17 -12.9726
    endloop
  endfacet
  facet normal 0 -1 0
    outer loop
      vertex -17.6699 17 -10.5
      vertex -13.3397 17 -13
      vertex -12.8645 17 -12.0674
    endloop
  endfacet
  facet normal 0 -1 0
    outer loop
      vertex -13.3397 17 -13
      vertex -21.4774 17 -12.9726
      vertex -22 17 -13
    endloop
  endfacet
  facet normal -0.358366 0 0.933581
    outer loop
      vertex -26.0674 25 1.13545
      vertex -25.0902 17 1.51056
      vertex -25.0902 25 1.51056
    endloop
  endfacet
  facet normal -0.358366 0 0.933581
    outer loop
      vertex -25.0902 17 1.51056
      vertex -26.0674 25 1.13545
      vertex -26.0674 17 1.13545
    endloop
  endfacet
  facet normal 0.454 0 0.891002
    outer loop
      vertex -17.9326 25 1.13545
      vertex -17 17 0.660254
      vertex -17 25 0.660254
    endloop
  endfacet
  facet normal 0.454 0 0.891002
    outer loop
      vertex -17 17 0.660254
      vertex -17.9326 25 1.13545
      vertex -17.9326 17 1.13545
    endloop
  endfacet
  facet normal 0.891 0 -0.454003
    outer loop
      vertex -12.8645 17 -12.0674
      vertex -13.3397 25 -13
      vertex -12.8645 25 -12.0674
    endloop
  endfacet
  facet normal 0.891 0 -0.454003
    outer loop
      vertex -13.3397 25 -13
      vertex -12.8645 17 -12.0674
      vertex -13.3397 17 -13
    endloop
  endfacet
  facet normal 0.707125 -0 0.707089
    outer loop
      vertex -15.3087 17 -0.568552
      vertex -14.5686 25 -1.30869
      vertex -15.3087 25 -0.568552
    endloop
  endfacet
  facet normal 0.707125 0 0.707089
    outer loop
      vertex -14.5686 25 -1.30869
      vertex -15.3087 17 -0.568552
      vertex -14.5686 17 -1.30869
    endloop
  endfacet
  facet normal -0.629391 0 -0.777089
    outer loop
      vertex -28.6913 17 -15.4314
      vertex -27.8779 25 -16.0902
      vertex -27.8779 17 -16.0902
    endloop
  endfacet
  facet normal -0.629391 0 -0.777089
    outer loop
      vertex -27.8779 25 -16.0902
      vertex -28.6913 17 -15.4314
      vertex -28.6913 25 -15.4314
    endloop
  endfacet
  facet normal 0.838677 0 -0.544629
    outer loop
      vertex -13.3397 17 -13
      vertex -13.9098 25 -13.8779
      vertex -13.3397 25 -13
    endloop
  endfacet
  facet normal 0.838677 0 -0.544629
    outer loop
      vertex -13.9098 25 -13.8779
      vertex -13.3397 17 -13
      vertex -13.9098 17 -13.8779
    endloop
  endfacet
  facet normal 0.454003 0 -0.891
    outer loop
      vertex -17.9326 17 -17.1355
      vertex -17 25 -16.6603
      vertex -17 17 -16.6603
    endloop
  endfacet
  facet normal 0.454003 0 -0.891
    outer loop
      vertex -17 25 -16.6603
      vertex -17.9326 17 -17.1355
      vertex -17.9326 25 -17.1355
    endloop
  endfacet
  facet normal -0.156436 0 0.987688
    outer loop
      vertex -24.0791 25 1.78148
      vertex -23.0453 17 1.94522
      vertex -23.0453 25 1.94522
    endloop
  endfacet
  facet normal -0.156436 0 0.987688
    outer loop
      vertex -23.0453 17 1.94522
      vertex -24.0791 25 1.78148
      vertex -24.0791 17 1.78148
    endloop
  endfacet
  facet normal 0.933584 -0 0.358358
    outer loop
      vertex -12.8645 17 -3.93263
      vertex -12.4894 25 -4.90983
      vertex -12.8645 25 -3.93263
    endloop
  endfacet
  facet normal 0.933584 0 0.358358
    outer loop
      vertex -12.4894 25 -4.90983
      vertex -12.8645 17 -3.93263
      vertex -12.4894 17 -4.90983
    endloop
  endfacet
  facet normal 0.777089 0 -0.629391
    outer loop
      vertex -13.9098 17 -13.8779
      vertex -14.5686 25 -14.6913
      vertex -13.9098 25 -13.8779
    endloop
  endfacet
  facet normal 0.777089 0 -0.629391
    outer loop
      vertex -14.5686 25 -14.6913
      vertex -13.9098 17 -13.8779
      vertex -14.5686 17 -14.6913
    endloop
  endfacet
  facet normal 0.933584 0 -0.358358
    outer loop
      vertex -12.4894 17 -11.0902
      vertex -12.8645 25 -12.0674
      vertex -12.4894 25 -11.0902
    endloop
  endfacet
  facet normal 0.933584 0 -0.358358
    outer loop
      vertex -12.8645 25 -12.0674
      vertex -12.4894 17 -11.0902
      vertex -12.8645 17 -12.0674
    endloop
  endfacet
  facet normal -0.933584 0 -0.358358
    outer loop
      vertex -31.1355 17 -12.0674
      vertex -31.5106 25 -11.0902
      vertex -31.1355 25 -12.0674
    endloop
  endfacet
  facet normal -0.933584 -0 -0.358358
    outer loop
      vertex -31.5106 25 -11.0902
      vertex -31.1355 17 -12.0674
      vertex -31.5106 17 -11.0902
    endloop
  endfacet
  facet normal -0.987695 0 0.156393
    outer loop
      vertex -31.9452 17 -6.95472
      vertex -31.7815 25 -5.92088
      vertex -31.9452 25 -6.95472
    endloop
  endfacet
  facet normal -0.987695 0 0.156393
    outer loop
      vertex -31.7815 25 -5.92088
      vertex -31.9452 17 -6.95472
      vertex -31.7815 17 -5.92088
    endloop
  endfacet
  facet normal 0.0523342 0 0.99863
    outer loop
      vertex -22 25 2
      vertex -20.9547 17 1.94522
      vertex -20.9547 25 1.94522
    endloop
  endfacet
  facet normal 0.0523342 0 0.99863
    outer loop
      vertex -20.9547 17 1.94522
      vertex -22 25 2
      vertex -22 17 2
    endloop
  endfacet
  facet normal 0.891006 -0 0.453991
    outer loop
      vertex -13.3397 17 -3
      vertex -12.8645 25 -3.93263
      vertex -13.3397 25 -3
    endloop
  endfacet
  facet normal 0.891006 0 0.453991
    outer loop
      vertex -12.8645 25 -3.93263
      vertex -13.3397 17 -3
      vertex -12.8645 17 -3.93263
    endloop
  endfacet
  facet normal -0.838663 0 0.544651
    outer loop
      vertex -30.6603 17 -3
      vertex -30.0902 25 -2.12215
      vertex -30.6603 25 -3
    endloop
  endfacet
  facet normal -0.838663 0 0.544651
    outer loop
      vertex -30.0902 25 -2.12215
      vertex -30.6603 17 -3
      vertex -30.0902 17 -2.12215
    endloop
  endfacet
  facet normal -0.629346 0 0.777126
    outer loop
      vertex -28.6913 25 -0.568552
      vertex -27.8779 17 0.0901699
      vertex -27.8779 25 0.0901699
    endloop
  endfacet
  facet normal -0.629346 0 0.777126
    outer loop
      vertex -27.8779 17 0.0901699
      vertex -28.6913 25 -0.568552
      vertex -28.6913 17 -0.568552
    endloop
  endfacet
  facet normal -0.933584 0 0.358358
    outer loop
      vertex -31.5106 17 -4.90983
      vertex -31.1355 25 -3.93263
      vertex -31.5106 25 -4.90983
    endloop
  endfacet
  facet normal -0.933584 0 0.358358
    outer loop
      vertex -31.1355 25 -3.93263
      vertex -31.5106 17 -4.90983
      vertex -31.1355 17 -3.93263
    endloop
  endfacet
  facet normal -0.891 0 -0.454003
    outer loop
      vertex -30.6603 17 -13
      vertex -31.1355 25 -12.0674
      vertex -30.6603 25 -13
    endloop
  endfacet
  facet normal -0.891 -0 -0.454003
    outer loop
      vertex -31.1355 25 -12.0674
      vertex -30.6603 17 -13
      vertex -31.1355 17 -12.0674
    endloop
  endfacet
  facet normal 0.258798 0 -0.965931
    outer loop
      vertex -19.9209 17 -17.7815
      vertex -18.9098 25 -17.5106
      vertex -18.9098 17 -17.5106
    endloop
  endfacet
  facet normal 0.258798 0 -0.965931
    outer loop
      vertex -18.9098 25 -17.5106
      vertex -19.9209 17 -17.7815
      vertex -19.9209 25 -17.7815
    endloop
  endfacet
  facet normal 0.629391 0 -0.777089
    outer loop
      vertex -16.1221 17 -16.0902
      vertex -15.3087 25 -15.4314
      vertex -15.3087 17 -15.4314
    endloop
  endfacet
  facet normal 0.629391 0 -0.777089
    outer loop
      vertex -15.3087 25 -15.4314
      vertex -16.1221 17 -16.0902
      vertex -16.1221 25 -16.0902
    endloop
  endfacet
  facet normal -0.258798 0 -0.965931
    outer loop
      vertex -25.0902 17 -17.5106
      vertex -24.0791 25 -17.7815
      vertex -24.0791 17 -17.7815
    endloop
  endfacet
  facet normal -0.258798 0 -0.965931
    outer loop
      vertex -24.0791 25 -17.7815
      vertex -25.0902 17 -17.5106
      vertex -25.0902 25 -17.5106
    endloop
  endfacet
  facet normal -0.998629 0 -0.0523542
    outer loop
      vertex -31.9452 17 -9.04528
      vertex -32 25 -8
      vertex -31.9452 25 -9.04528
    endloop
  endfacet
  facet normal -0.998629 -0 -0.0523542
    outer loop
      vertex -32 25 -8
      vertex -31.9452 17 -9.04528
      vertex -32 17 -8
    endloop
  endfacet
  facet normal 0.156436 0 0.987688
    outer loop
      vertex -20.9547 25 1.94522
      vertex -19.9209 17 1.78148
      vertex -19.9209 25 1.78148
    endloop
  endfacet
  facet normal 0.156436 0 0.987688
    outer loop
      vertex -19.9209 17 1.78148
      vertex -20.9547 25 1.94522
      vertex -20.9547 17 1.94522
    endloop
  endfacet
  facet normal -0.777089 0 -0.629391
    outer loop
      vertex -29.4314 17 -14.6913
      vertex -30.0902 25 -13.8779
      vertex -29.4314 25 -14.6913
    endloop
  endfacet
  facet normal -0.777089 -0 -0.629391
    outer loop
      vertex -30.0902 25 -13.8779
      vertex -29.4314 17 -14.6913
      vertex -30.0902 17 -13.8779
    endloop
  endfacet
  facet normal -0.454 0 0.891002
    outer loop
      vertex -27 25 0.660254
      vertex -26.0674 17 1.13545
      vertex -26.0674 25 1.13545
    endloop
  endfacet
  facet normal -0.454 0 0.891002
    outer loop
      vertex -26.0674 17 1.13545
      vertex -27 25 0.660254
      vertex -27 17 0.660254
    endloop
  endfacet
  facet normal -0.965928 0 0.25881
    outer loop
      vertex -31.7815 17 -5.92088
      vertex -31.5106 25 -4.90983
      vertex -31.7815 25 -5.92088
    endloop
  endfacet
  facet normal -0.965928 0 0.25881
    outer loop
      vertex -31.5106 25 -4.90983
      vertex -31.7815 17 -5.92088
      vertex -31.5106 17 -4.90983
    endloop
  endfacet
  facet normal -0.707107 0 -0.707107
    outer loop
      vertex -28.6913 17 -15.4314
      vertex -29.4314 25 -14.6913
      vertex -28.6913 25 -15.4314
    endloop
  endfacet
  facet normal -0.707107 -0 -0.707107
    outer loop
      vertex -29.4314 25 -14.6913
      vertex -28.6913 17 -15.4314
      vertex -29.4314 17 -14.6913
    endloop
  endfacet
  facet normal 0.544629 0 -0.838677
    outer loop
      vertex -17 17 -16.6603
      vertex -16.1221 25 -16.0902
      vertex -16.1221 17 -16.0902
    endloop
  endfacet
  facet normal 0.544629 0 -0.838677
    outer loop
      vertex -16.1221 25 -16.0902
      vertex -17 17 -16.6603
      vertex -17 25 -16.6603
    endloop
  endfacet
  facet normal 0 1 0
    outer loop
      vertex -20.9547 25 1.94522
      vertex -21.4774 25 -3.02739
      vertex -22 25 -3
    endloop
  endfacet
  facet normal 0 1 0
    outer loop
      vertex -13.9098 25 -2.12215
      vertex -20.9604 25 -3.10926
      vertex -21.4774 25 -3.02739
    endloop
  endfacet
  facet normal 0 1 0
    outer loop
      vertex -13.9098 25 -2.12215
      vertex -20.4549 25 -3.24472
      vertex -20.9604 25 -3.10926
    endloop
  endfacet
  facet normal 0 1 0
    outer loop
      vertex -13.9098 25 -2.12215
      vertex -19.9663 25 -3.43227
      vertex -20.4549 25 -3.24472
    endloop
  endfacet
  facet normal 0 1 0
    outer loop
      vertex -13.9098 25 -2.12215
      vertex -19.5 25 -3.66987
      vertex -19.9663 25 -3.43227
    endloop
  endfacet
  facet normal 0 1 0
    outer loop
      vertex -17.6699 25 -5.5
      vertex -13.3397 25 -3
      vertex -12.8645 25 -3.93263
    endloop
  endfacet
  facet normal 0 1 0
    outer loop
      vertex -13.9098 25 -2.12215
      vertex -19.0611 25 -3.95492
      vertex -19.5 25 -3.66987
    endloop
  endfacet
  facet normal 0 1 0
    outer loop
      vertex -13.9098 25 -2.12215
      vertex -18.6543 25 -4.28428
      vertex -19.0611 25 -3.95492
    endloop
  endfacet
  facet normal 0 1 0
    outer loop
      vertex -13.9098 25 -2.12215
      vertex -18.2843 25 -4.65435
      vertex -18.6543 25 -4.28428
    endloop
  endfacet
  facet normal 0 1 0
    outer loop
      vertex -17.4323 25 -5.96632
      vertex -12.8645 25 -3.93263
      vertex -12.4894 25 -4.90983
    endloop
  endfacet
  facet normal 0 1 0
    outer loop
      vertex -13.9098 25 -2.12215
      vertex -17.9549 25 -5.06107
      vertex -18.2843 25 -4.65435
    endloop
  endfacet
  facet normal 0 1 0
    outer loop
      vertex -13.3397 25 -3
      vertex -17.6699 25 -5.5
      vertex -17.9549 25 -5.06107
    endloop
  endfacet
  facet normal 0 1 0
    outer loop
      vertex -17.2447 25 -6.45492
      vertex -12.4894 25 -4.90983
      vertex -12.2185 25 -5.92088
    endloop
  endfacet
  facet normal 0 1 0
    outer loop
      vertex -12.8645 25 -3.93263
      vertex -17.4323 25 -5.96632
      vertex -17.6699 25 -5.5
    endloop
  endfacet
  facet normal 0 1 0
    outer loop
      vertex -12.4894 25 -4.90983
      vertex -17.2447 25 -6.45492
      vertex -17.4323 25 -5.96632
    endloop
  endfacet
  facet normal 0 1 0
    outer loop
      vertex -17.1093 25 -6.96044
      vertex -12.2185 25 -5.92088
      vertex -12.0548 25 -6.95472
    endloop
  endfacet
  facet normal 0 1 0
    outer loop
      vertex -12.2185 25 -5.92088
      vertex -17.1093 25 -6.96044
      vertex -17.2447 25 -6.45492
    endloop
  endfacet
  facet normal 0 1 0
    outer loop
      vertex -12.0548 25 -6.95472
      vertex -17.0274 25 -7.47736
      vertex -17.1093 25 -6.96044
    endloop
  endfacet
  facet normal 0 1 0
    outer loop
      vertex -12 25 -8
      vertex -17.0274 25 -7.47736
      vertex -12.0548 25 -6.95472
    endloop
  endfacet
  facet normal 0 1 0
    outer loop
      vertex -12 25 -8
      vertex -17 25 -8
      vertex -17.0274 25 -7.47736
    endloop
  endfacet
  facet normal 0 1 0
    outer loop
      vertex -12 25 -8
      vertex -17.0274 25 -8.52264
      vertex -17 25 -8
    endloop
  endfacet
  facet normal 0 1 -0
    outer loop
      vertex -12.0548 25 -9.04528
      vertex -17.0274 25 -8.52264
      vertex -12 25 -8
    endloop
  endfacet
  facet normal 0 1 0
    outer loop
      vertex -17.0274 25 -8.52264
      vertex -12.0548 25 -9.04528
      vertex -17.1093 25 -9.03956
    endloop
  endfacet
  facet normal 0 1 -0
    outer loop
      vertex -12.2185 25 -10.0791
      vertex -17.1093 25 -9.03956
      vertex -12.0548 25 -9.04528
    endloop
  endfacet
  facet normal 0 1 0
    outer loop
      vertex -17.1093 25 -9.03956
      vertex -12.2185 25 -10.0791
      vertex -17.2447 25 -9.54508
    endloop
  endfacet
  facet normal 0 1 -0
    outer loop
      vertex -12.4894 25 -11.0902
      vertex -17.2447 25 -9.54508
      vertex -12.2185 25 -10.0791
    endloop
  endfacet
  facet normal 0 1 0
    outer loop
      vertex -17.2447 25 -9.54508
      vertex -12.4894 25 -11.0902
      vertex -17.4323 25 -10.0337
    endloop
  endfacet
  facet normal 0 1 -0
    outer loop
      vertex -12.8645 25 -12.0674
      vertex -17.4323 25 -10.0337
      vertex -12.4894 25 -11.0902
    endloop
  endfacet
  facet normal 0 1 0
    outer loop
      vertex -17.4323 25 -10.0337
      vertex -12.8645 25 -12.0674
      vertex -17.6699 25 -10.5
    endloop
  endfacet
  facet normal 0 1 -0
    outer loop
      vertex -13.3397 25 -13
      vertex -17.6699 25 -10.5
      vertex -12.8645 25 -12.0674
    endloop
  endfacet
  facet normal 0 1 0
    outer loop
      vertex -17.6699 25 -10.5
      vertex -13.3397 25 -13
      vertex -17.9549 25 -10.9389
    endloop
  endfacet
  facet normal 0 1 -0
    outer loop
      vertex -13.9098 25 -13.8779
      vertex -17.9549 25 -10.9389
      vertex -13.3397 25 -13
    endloop
  endfacet
  facet normal 0 1 0
    outer loop
      vertex -17.9549 25 -10.9389
      vertex -13.9098 25 -13.8779
      vertex -18.2843 25 -11.3457
    endloop
  endfacet
  facet normal 0 1 -0
    outer loop
      vertex -14.5686 25 -14.6913
      vertex -18.2843 25 -11.3457
      vertex -13.9098 25 -13.8779
    endloop
  endfacet
  facet normal 0 1 0
    outer loop
      vertex -18.2843 25 -11.3457
      vertex -14.5686 25 -14.6913
      vertex -18.6543 25 -11.7157
    endloop
  endfacet
  facet normal 0 1 -0
    outer loop
      vertex -15.3087 25 -15.4314
      vertex -18.6543 25 -11.7157
      vertex -14.5686 25 -14.6913
    endloop
  endfacet
  facet normal 0 1 0
    outer loop
      vertex -18.6543 25 -11.7157
      vertex -15.3087 25 -15.4314
      vertex -19.0611 25 -12.0451
    endloop
  endfacet
  facet normal 0 1 -0
    outer loop
      vertex -16.1221 25 -16.0902
      vertex -19.0611 25 -12.0451
      vertex -15.3087 25 -15.4314
    endloop
  endfacet
  facet normal 0 1 0
    outer loop
      vertex -19.0611 25 -12.0451
      vertex -16.1221 25 -16.0902
      vertex -19.5 25 -12.3301
    endloop
  endfacet
  facet normal 0 1 -0
    outer loop
      vertex -17 25 -16.6603
      vertex -19.5 25 -12.3301
      vertex -16.1221 25 -16.0902
    endloop
  endfacet
  facet normal 0 1 0
    outer loop
      vertex -19.5 25 -12.3301
      vertex -17 25 -16.6603
      vertex -19.9663 25 -12.5677
    endloop
  endfacet
  facet normal 0 1 -0
    outer loop
      vertex -17.9326 25 -17.1355
      vertex -19.9663 25 -12.5677
      vertex -17 25 -16.6603
    endloop
  endfacet
  facet normal 0 1 0
    outer loop
      vertex -22 25 -13
      vertex -30.0902 25 -13.8779
      vertex -30.6603 25 -13
    endloop
  endfacet
  facet normal 0 1 0
    outer loop
      vertex -19.9663 25 -12.5677
      vertex -17.9326 25 -17.1355
      vertex -20.4549 25 -12.7553
    endloop
  endfacet
  facet normal 0 1 0
    outer loop
      vertex -22 25 -13
      vertex -29.4314 25 -14.6913
      vertex -30.0902 25 -13.8779
    endloop
  endfacet
  facet normal 0 1 -0
    outer loop
      vertex -18.9098 25 -17.5106
      vertex -20.4549 25 -12.7553
      vertex -17.9326 25 -17.1355
    endloop
  endfacet
  facet normal 0 1 0
    outer loop
      vertex -22 25 -13
      vertex -28.6913 25 -15.4314
      vertex -29.4314 25 -14.6913
    endloop
  endfacet
  facet normal 0 1 0
    outer loop
      vertex -20.4549 25 -12.7553
      vertex -18.9098 25 -17.5106
      vertex -20.9604 25 -12.8907
    endloop
  endfacet
  facet normal 0 1 0
    outer loop
      vertex -22 25 -13
      vertex -27.8779 25 -16.0902
      vertex -28.6913 25 -15.4314
    endloop
  endfacet
  facet normal 0 1 -0
    outer loop
      vertex -19.9209 25 -17.7815
      vertex -20.9604 25 -12.8907
      vertex -18.9098 25 -17.5106
    endloop
  endfacet
  facet normal 0 1 0
    outer loop
      vertex -22 25 -13
      vertex -27 25 -16.6603
      vertex -27.8779 25 -16.0902
    endloop
  endfacet
  facet normal 0 1 0
    outer loop
      vertex -20.9604 25 -12.8907
      vertex -19.9209 25 -17.7815
      vertex -21.4774 25 -12.9726
    endloop
  endfacet
  facet normal 0 1 0
    outer loop
      vertex -22 25 -13
      vertex -26.0674 25 -17.1355
      vertex -27 25 -16.6603
    endloop
  endfacet
  facet normal 0 1 -0
    outer loop
      vertex -20.9547 25 -17.9452
      vertex -21.4774 25 -12.9726
      vertex -19.9209 25 -17.7815
    endloop
  endfacet
  facet normal 0 1 0
    outer loop
      vertex -22 25 -13
      vertex -25.0902 25 -17.5106
      vertex -26.0674 25 -17.1355
    endloop
  endfacet
  facet normal 0 1 0
    outer loop
      vertex -21.4774 25 -12.9726
      vertex -20.9547 25 -17.9452
      vertex -22 25 -13
    endloop
  endfacet
  facet normal 0 1 0
    outer loop
      vertex -22 25 -13
      vertex -24.0791 25 -17.7815
      vertex -25.0902 25 -17.5106
    endloop
  endfacet
  facet normal 0 1 0
    outer loop
      vertex -22 25 -18
      vertex -22 25 -13
      vertex -20.9547 25 -17.9452
    endloop
  endfacet
  facet normal 0 1 0
    outer loop
      vertex -22 25 -13
      vertex -23.0453 25 -17.9452
      vertex -24.0791 25 -17.7815
    endloop
  endfacet
  facet normal 0 1 0
    outer loop
      vertex -22 25 -13
      vertex -22 25 -18
      vertex -23.0453 25 -17.9452
    endloop
  endfacet
  facet normal 0 1 0
    outer loop
      vertex -22 25 -3
      vertex -22 25 2
      vertex -20.9547 25 1.94522
    endloop
  endfacet
  facet normal 0 1 0
    outer loop
      vertex -21.4774 25 -3.02739
      vertex -20.9547 25 1.94522
      vertex -19.9209 25 1.78148
    endloop
  endfacet
  facet normal 0 1 0
    outer loop
      vertex -22 25 2
      vertex -22 25 -3
      vertex -23.0453 25 1.94522
    endloop
  endfacet
  facet normal 0 1 0
    outer loop
      vertex -21.4774 25 -3.02739
      vertex -19.9209 25 1.78148
      vertex -18.9098 25 1.51056
    endloop
  endfacet
  facet normal 0 1 -0
    outer loop
      vertex -22.5226 25 -3.02739
      vertex -23.0453 25 1.94522
      vertex -22 25 -3
    endloop
  endfacet
  facet normal 0 1 0
    outer loop
      vertex -21.4774 25 -3.02739
      vertex -18.9098 25 1.51056
      vertex -17.9326 25 1.13545
    endloop
  endfacet
  facet normal 0 1 0
    outer loop
      vertex -23.0453 25 1.94522
      vertex -22.5226 25 -3.02739
      vertex -24.0791 25 1.78148
    endloop
  endfacet
  facet normal 0 1 0
    outer loop
      vertex -21.4774 25 -3.02739
      vertex -17.9326 25 1.13545
      vertex -17 25 0.660254
    endloop
  endfacet
  facet normal 0 1 -0
    outer loop
      vertex -23.0396 25 -3.10926
      vertex -24.0791 25 1.78148
      vertex -22.5226 25 -3.02739
    endloop
  endfacet
  facet normal 0 1 0
    outer loop
      vertex -21.4774 25 -3.02739
      vertex -17 25 0.660254
      vertex -16.1221 25 0.0901699
    endloop
  endfacet
  facet normal 0 1 0
    outer loop
      vertex -24.0791 25 1.78148
      vertex -23.0396 25 -3.10926
      vertex -25.0902 25 1.51056
    endloop
  endfacet
  facet normal 0 1 0
    outer loop
      vertex -21.4774 25 -3.02739
      vertex -16.1221 25 0.0901699
      vertex -15.3087 25 -0.568552
    endloop
  endfacet
  facet normal 0 1 -0
    outer loop
      vertex -23.5451 25 -3.24472
      vertex -25.0902 25 1.51056
      vertex -23.0396 25 -3.10926
    endloop
  endfacet
  facet normal 0 1 0
    outer loop
      vertex -21.4774 25 -3.02739
      vertex -15.3087 25 -0.568552
      vertex -14.5686 25 -1.30869
    endloop
  endfacet
  facet normal 0 1 0
    outer loop
      vertex -25.0902 25 1.51056
      vertex -23.5451 25 -3.24472
      vertex -26.0674 25 1.13545
    endloop
  endfacet
  facet normal 0 1 0
    outer loop
      vertex -21.4774 25 -3.02739
      vertex -14.5686 25 -1.30869
      vertex -13.9098 25 -2.12215
    endloop
  endfacet
  facet normal 0 1 -0
    outer loop
      vertex -24.0337 25 -3.43227
      vertex -26.0674 25 1.13545
      vertex -23.5451 25 -3.24472
    endloop
  endfacet
  facet normal 0 1 0
    outer loop
      vertex -17.9549 25 -5.06107
      vertex -13.9098 25 -2.12215
      vertex -13.3397 25 -3
    endloop
  endfacet
  facet normal 0 1 0
    outer loop
      vertex -26.0674 25 1.13545
      vertex -24.0337 25 -3.43227
      vertex -27 25 0.660254
    endloop
  endfacet
  facet normal 0 1 -0
    outer loop
      vertex -24.5 25 -3.66987
      vertex -27 25 0.660254
      vertex -24.0337 25 -3.43227
    endloop
  endfacet
  facet normal 0 1 0
    outer loop
      vertex -27 25 0.660254
      vertex -24.5 25 -3.66987
      vertex -27.8779 25 0.0901699
    endloop
  endfacet
  facet normal 0 1 -0
    outer loop
      vertex -24.9389 25 -3.95492
      vertex -27.8779 25 0.0901699
      vertex -24.5 25 -3.66987
    endloop
  endfacet
  facet normal 0 1 0
    outer loop
      vertex -27.8779 25 0.0901699
      vertex -24.9389 25 -3.95492
      vertex -28.6913 25 -0.568552
    endloop
  endfacet
  facet normal 0 1 -0
    outer loop
      vertex -25.3457 25 -4.28428
      vertex -28.6913 25 -0.568552
      vertex -24.9389 25 -3.95492
    endloop
  endfacet
  facet normal 0 1 0
    outer loop
      vertex -28.6913 25 -0.568552
      vertex -25.3457 25 -4.28428
      vertex -29.4314 25 -1.30869
    endloop
  endfacet
  facet normal 0 1 -0
    outer loop
      vertex -25.7157 25 -4.65435
      vertex -29.4314 25 -1.30869
      vertex -25.3457 25 -4.28428
    endloop
  endfacet
  facet normal 0 1 0
    outer loop
      vertex -29.4314 25 -1.30869
      vertex -25.7157 25 -4.65435
      vertex -30.0902 25 -2.12215
    endloop
  endfacet
  facet normal 0 1 -0
    outer loop
      vertex -26.0451 25 -5.06107
      vertex -30.0902 25 -2.12215
      vertex -25.7157 25 -4.65435
    endloop
  endfacet
  facet normal 0 1 0
    outer loop
      vertex -30.0902 25 -2.12215
      vertex -26.0451 25 -5.06107
      vertex -30.6603 25 -3
    endloop
  endfacet
  facet normal 0 1 -0
    outer loop
      vertex -26.3301 25 -5.5
      vertex -30.6603 25 -3
      vertex -26.0451 25 -5.06107
    endloop
  endfacet
  facet normal 0 1 0
    outer loop
      vertex -30.6603 25 -3
      vertex -26.3301 25 -5.5
      vertex -31.1355 25 -3.93263
    endloop
  endfacet
  facet normal 0 1 -0
    outer loop
      vertex -26.5677 25 -5.96632
      vertex -31.1355 25 -3.93263
      vertex -26.3301 25 -5.5
    endloop
  endfacet
  facet normal 0 1 0
    outer loop
      vertex -31.1355 25 -3.93263
      vertex -26.5677 25 -5.96632
      vertex -31.5106 25 -4.90983
    endloop
  endfacet
  facet normal 0 1 -0
    outer loop
      vertex -26.7553 25 -6.45492
      vertex -31.5106 25 -4.90983
      vertex -26.5677 25 -5.96632
    endloop
  endfacet
  facet normal 0 1 0
    outer loop
      vertex -31.5106 25 -4.90983
      vertex -26.7553 25 -6.45492
      vertex -31.7815 25 -5.92088
    endloop
  endfacet
  facet normal 0 1 -0
    outer loop
      vertex -26.8907 25 -6.96044
      vertex -31.7815 25 -5.92088
      vertex -26.7553 25 -6.45492
    endloop
  endfacet
  facet normal 0 1 0
    outer loop
      vertex -31.7815 25 -5.92088
      vertex -26.8907 25 -6.96044
      vertex -31.9452 25 -6.95472
    endloop
  endfacet
  facet normal 0 1 -0
    outer loop
      vertex -26.9726 25 -7.47736
      vertex -31.9452 25 -6.95472
      vertex -26.8907 25 -6.96044
    endloop
  endfacet
  facet normal 0 1 -0
    outer loop
      vertex -27 25 -8
      vertex -31.9452 25 -6.95472
      vertex -26.9726 25 -7.47736
    endloop
  endfacet
  facet normal 0 1 0
    outer loop
      vertex -27 25 -8
      vertex -32 25 -8
      vertex -31.9452 25 -6.95472
    endloop
  endfacet
  facet normal 0 1 0
    outer loop
      vertex -26.9726 25 -8.52264
      vertex -32 25 -8
      vertex -27 25 -8
    endloop
  endfacet
  facet normal 0 1 0
    outer loop
      vertex -31.9452 25 -9.04528
      vertex -26.9726 25 -8.52264
      vertex -26.8907 25 -9.03956
    endloop
  endfacet
  facet normal 0 1 0
    outer loop
      vertex -26.9726 25 -8.52264
      vertex -31.9452 25 -9.04528
      vertex -32 25 -8
    endloop
  endfacet
  facet normal 0 1 0
    outer loop
      vertex -31.7815 25 -10.0791
      vertex -26.8907 25 -9.03956
      vertex -26.7553 25 -9.54508
    endloop
  endfacet
  facet normal 0 1 0
    outer loop
      vertex -31.5106 25 -11.0902
      vertex -26.7553 25 -9.54508
      vertex -26.5677 25 -10.0337
    endloop
  endfacet
  facet normal 0 1 0
    outer loop
      vertex -26.8907 25 -9.03956
      vertex -31.7815 25 -10.0791
      vertex -31.9452 25 -9.04528
    endloop
  endfacet
  facet normal 0 1 0
    outer loop
      vertex -31.1355 25 -12.0674
      vertex -26.5677 25 -10.0337
      vertex -26.3301 25 -10.5
    endloop
  endfacet
  facet normal 0 1 0
    outer loop
      vertex -30.6603 25 -13
      vertex -26.3301 25 -10.5
      vertex -26.0451 25 -10.9389
    endloop
  endfacet
  facet normal 0 1 0
    outer loop
      vertex -26.7553 25 -9.54508
      vertex -31.5106 25 -11.0902
      vertex -31.7815 25 -10.0791
    endloop
  endfacet
  facet normal 0 1 0
    outer loop
      vertex -30.6603 25 -13
      vertex -26.0451 25 -10.9389
      vertex -25.7157 25 -11.3457
    endloop
  endfacet
  facet normal 0 1 0
    outer loop
      vertex -30.6603 25 -13
      vertex -25.7157 25 -11.3457
      vertex -25.3457 25 -11.7157
    endloop
  endfacet
  facet normal 0 1 0
    outer loop
      vertex -30.6603 25 -13
      vertex -25.3457 25 -11.7157
      vertex -24.9389 25 -12.0451
    endloop
  endfacet
  facet normal 0 1 0
    outer loop
      vertex -26.5677 25 -10.0337
      vertex -31.1355 25 -12.0674
      vertex -31.5106 25 -11.0902
    endloop
  endfacet
  facet normal 0 1 0
    outer loop
      vertex -30.6603 25 -13
      vertex -24.9389 25 -12.0451
      vertex -24.5 25 -12.3301
    endloop
  endfacet
  facet normal 0 1 0
    outer loop
      vertex -30.6603 25 -13
      vertex -24.5 25 -12.3301
      vertex -24.0337 25 -12.5677
    endloop
  endfacet
  facet normal 0 1 0
    outer loop
      vertex -30.6603 25 -13
      vertex -24.0337 25 -12.5677
      vertex -23.5451 25 -12.7553
    endloop
  endfacet
  facet normal 0 1 0
    outer loop
      vertex -30.6603 25 -13
      vertex -23.5451 25 -12.7553
      vertex -23.0396 25 -12.8907
    endloop
  endfacet
  facet normal 0 1 0
    outer loop
      vertex -30.6603 25 -13
      vertex -23.0396 25 -12.8907
      vertex -22.5226 25 -12.9726
    endloop
  endfacet
  facet normal 0 1 0
    outer loop
      vertex -26.3301 25 -10.5
      vertex -30.6603 25 -13
      vertex -31.1355 25 -12.0674
    endloop
  endfacet
  facet normal 0 1 0
    outer loop
      vertex -30.6603 25 -13
      vertex -22.5226 25 -12.9726
      vertex -22 25 -13
    endloop
  endfacet
  facet normal -0.0523532 0 -0.998629
    outer loop
      vertex -23.0453 17 -17.9452
      vertex -22 25 -18
      vertex -22 17 -18
    endloop
  endfacet
  facet normal -0.0523532 0 -0.998629
    outer loop
      vertex -22 25 -18
      vertex -23.0453 17 -17.9452
      vertex -23.0453 25 -17.9452
    endloop
  endfacet
  facet normal -0.998629 0 0.0523542
    outer loop
      vertex -32 17 -8
      vertex -31.9452 25 -6.95472
      vertex -32 25 -8
    endloop
  endfacet
  facet normal -0.998629 0 0.0523542
    outer loop
      vertex -31.9452 25 -6.95472
      vertex -32 17 -8
      vertex -31.9452 17 -6.95472
    endloop
  endfacet
  facet normal -0.358358 0 -0.933584
    outer loop
      vertex -26.0674 17 -17.1355
      vertex -25.0902 25 -17.5106
      vertex -25.0902 17 -17.5106
    endloop
  endfacet
  facet normal -0.358358 0 -0.933584
    outer loop
      vertex -25.0902 25 -17.5106
      vertex -26.0674 17 -17.1355
      vertex -26.0674 25 -17.1355
    endloop
  endfacet
  facet normal -0.544629 0 -0.838677
    outer loop
      vertex -27.8779 17 -16.0902
      vertex -27 25 -16.6603
      vertex -27 17 -16.6603
    endloop
  endfacet
  facet normal -0.544629 0 -0.838677
    outer loop
      vertex -27 25 -16.6603
      vertex -27.8779 17 -16.0902
      vertex -27.8779 25 -16.0902
    endloop
  endfacet
  facet normal 0.707107 0 -0.707107
    outer loop
      vertex -14.5686 17 -14.6913
      vertex -15.3087 25 -15.4314
      vertex -14.5686 25 -14.6913
    endloop
  endfacet
  facet normal 0.707107 0 -0.707107
    outer loop
      vertex -15.3087 25 -15.4314
      vertex -14.5686 17 -14.6913
      vertex -15.3087 17 -15.4314
    endloop
  endfacet
  facet normal -0.156407 0 -0.987693
    outer loop
      vertex -21.4774 17 -3.02739
      vertex -20.9604 25 -3.10926
      vertex -20.9604 17 -3.10926
    endloop
  endfacet
  facet normal -0.156407 0 -0.987693
    outer loop
      vertex -20.9604 25 -3.10926
      vertex -21.4774 17 -3.02739
      vertex -21.4774 25 -3.02739
    endloop
  endfacet
  facet normal -0.98768 0 -0.156486
    outer loop
      vertex -17.0274 17 -7.47736
      vertex -17.1093 25 -6.96044
      vertex -17.0274 25 -7.47736
    endloop
  endfacet
  facet normal -0.98768 -0 -0.156486
    outer loop
      vertex -17.1093 25 -6.96044
      vertex -17.0274 17 -7.47736
      vertex -17.1093 17 -6.96044
    endloop
  endfacet
  facet normal -0.998629 0 -0.0523542
    outer loop
      vertex -17 17 -8
      vertex -17.0274 25 -7.47736
      vertex -17 25 -8
    endloop
  endfacet
  facet normal -0.998629 -0 -0.0523542
    outer loop
      vertex -17.0274 25 -7.47736
      vertex -17 17 -8
      vertex -17.0274 17 -7.47736
    endloop
  endfacet
  facet normal -0.965951 0 -0.258723
    outer loop
      vertex -17.1093 17 -6.96044
      vertex -17.2447 25 -6.45492
      vertex -17.1093 25 -6.96044
    endloop
  endfacet
  facet normal -0.965951 -0 -0.258723
    outer loop
      vertex -17.2447 25 -6.45492
      vertex -17.1093 17 -6.96044
      vertex -17.2447 17 -6.45492
    endloop
  endfacet
  facet normal 0.0523392 0 -0.998629
    outer loop
      vertex -22.5226 17 -3.02739
      vertex -22 25 -3
      vertex -22 17 -3
    endloop
  endfacet
  facet normal 0.0523392 0 -0.998629
    outer loop
      vertex -22 25 -3
      vertex -22.5226 17 -3.02739
      vertex -22.5226 25 -3.02739
    endloop
  endfacet
  facet normal -0.0523582 0 0.998628
    outer loop
      vertex -22 25 -13
      vertex -21.4774 17 -12.9726
      vertex -21.4774 25 -12.9726
    endloop
  endfacet
  facet normal -0.0523582 0 0.998628
    outer loop
      vertex -21.4774 17 -12.9726
      vertex -22 25 -13
      vertex -22 17 -13
    endloop
  endfacet
  facet normal 0.98768 -0 0.156486
    outer loop
      vertex -26.9726 17 -8.52264
      vertex -26.8907 25 -9.03956
      vertex -26.9726 25 -8.52264
    endloop
  endfacet
  facet normal 0.98768 0 0.156486
    outer loop
      vertex -26.8907 25 -9.03956
      vertex -26.9726 17 -8.52264
      vertex -26.8907 17 -9.03956
    endloop
  endfacet
  facet normal 0.891008 0 -0.453988
    outer loop
      vertex -26.3301 17 -5.5
      vertex -26.5677 25 -5.96632
      vertex -26.3301 25 -5.5
    endloop
  endfacet
  facet normal 0.891008 0 -0.453988
    outer loop
      vertex -26.5677 25 -5.96632
      vertex -26.3301 17 -5.5
      vertex -26.5677 17 -5.96632
    endloop
  endfacet
  facet normal 0.707174 0 -0.70704
    outer loop
      vertex -25.3457 17 -4.28428
      vertex -25.7157 25 -4.65435
      vertex -25.3457 25 -4.28428
    endloop
  endfacet
  facet normal 0.707174 0 -0.70704
    outer loop
      vertex -25.7157 25 -4.65435
      vertex -25.3457 17 -4.28428
      vertex -25.7157 17 -4.65435
    endloop
  endfacet
  facet normal -0.707174 0 -0.70704
    outer loop
      vertex -18.2843 17 -4.65435
      vertex -18.6543 25 -4.28428
      vertex -18.2843 25 -4.65435
    endloop
  endfacet
  facet normal -0.707174 -0 -0.70704
    outer loop
      vertex -18.6543 25 -4.28428
      vertex -18.2843 17 -4.65435
      vertex -18.6543 17 -4.28428
    endloop
  endfacet
  facet normal -0.156463 0 0.987684
    outer loop
      vertex -21.4774 25 -12.9726
      vertex -20.9604 17 -12.8907
      vertex -20.9604 25 -12.8907
    endloop
  endfacet
  facet normal -0.156463 0 0.987684
    outer loop
      vertex -20.9604 17 -12.8907
      vertex -21.4774 25 -12.9726
      vertex -21.4774 17 -12.9726
    endloop
  endfacet
  facet normal -0.358358 0 -0.933584
    outer loop
      vertex -20.4549 17 -3.24472
      vertex -19.9663 25 -3.43227
      vertex -19.9663 17 -3.43227
    endloop
  endfacet
  facet normal -0.358358 0 -0.933584
    outer loop
      vertex -19.9663 25 -3.43227
      vertex -20.4549 17 -3.24472
      vertex -20.4549 25 -3.24472
    endloop
  endfacet
  facet normal 0.965951 -0 0.258723
    outer loop
      vertex -26.8907 17 -9.03956
      vertex -26.7553 25 -9.54508
      vertex -26.8907 25 -9.03956
    endloop
  endfacet
  facet normal 0.965951 0 0.258723
    outer loop
      vertex -26.7553 25 -9.54508
      vertex -26.8907 17 -9.03956
      vertex -26.7553 17 -9.54508
    endloop
  endfacet
  facet normal -0.98768 0 0.156486
    outer loop
      vertex -17.1093 17 -9.03956
      vertex -17.0274 25 -8.52264
      vertex -17.1093 25 -9.03956
    endloop
  endfacet
  facet normal -0.98768 0 0.156486
    outer loop
      vertex -17.0274 25 -8.52264
      vertex -17.1093 17 -9.03956
      vertex -17.0274 17 -8.52264
    endloop
  endfacet
  facet normal -0.629251 0 -0.777202
    outer loop
      vertex -19.0611 17 -3.95492
      vertex -18.6543 25 -4.28428
      vertex -18.6543 17 -4.28428
    endloop
  endfacet
  facet normal -0.629251 0 -0.777202
    outer loop
      vertex -18.6543 25 -4.28428
      vertex -19.0611 17 -3.95492
      vertex -19.0611 25 -3.95492
    endloop
  endfacet
  facet normal -0.358441 0 0.933552
    outer loop
      vertex -20.4549 25 -12.7553
      vertex -19.9663 17 -12.5677
      vertex -19.9663 25 -12.5677
    endloop
  endfacet
  facet normal -0.358441 0 0.933552
    outer loop
      vertex -19.9663 17 -12.5677
      vertex -20.4549 25 -12.7553
      vertex -20.4549 17 -12.7553
    endloop
  endfacet
  facet normal -0.838709 0 -0.544579
    outer loop
      vertex -17.6699 17 -5.5
      vertex -17.9549 25 -5.06107
      vertex -17.6699 25 -5.5
    endloop
  endfacet
  facet normal -0.838709 -0 -0.544579
    outer loop
      vertex -17.9549 25 -5.06107
      vertex -17.6699 17 -5.5
      vertex -17.9549 17 -5.06107
    endloop
  endfacet
  facet normal 0.25884 0 -0.96592
    outer loop
      vertex -23.5451 17 -3.24472
      vertex -23.0396 25 -3.10926
      vertex -23.0396 17 -3.10926
    endloop
  endfacet
  facet normal 0.25884 0 -0.96592
    outer loop
      vertex -23.0396 25 -3.10926
      vertex -23.5451 17 -3.24472
      vertex -23.5451 25 -3.24472
    endloop
  endfacet
  facet normal -0.998629 0 0.0523542
    outer loop
      vertex -17.0274 17 -8.52264
      vertex -17 25 -8
      vertex -17.0274 25 -8.52264
    endloop
  endfacet
  facet normal -0.998629 0 0.0523542
    outer loop
      vertex -17 25 -8
      vertex -17.0274 17 -8.52264
      vertex -17 17 -8
    endloop
  endfacet
  facet normal -0.933557 0 0.358428
    outer loop
      vertex -17.4323 17 -10.0337
      vertex -17.2447 25 -9.54508
      vertex -17.4323 25 -10.0337
    endloop
  endfacet
  facet normal -0.933557 0 0.358428
    outer loop
      vertex -17.2447 25 -9.54508
      vertex -17.4323 17 -10.0337
      vertex -17.2447 17 -9.54508
    endloop
  endfacet
  facet normal -0.838692 0 0.544605
    outer loop
      vertex -17.9549 17 -10.9389
      vertex -17.6699 25 -10.5
      vertex -17.9549 25 -10.9389
    endloop
  endfacet
  facet normal -0.838692 0 0.544605
    outer loop
      vertex -17.6699 25 -10.5
      vertex -17.9549 17 -10.9389
      vertex -17.6699 17 -10.5
    endloop
  endfacet
  facet normal 0.544673 0 -0.838649
    outer loop
      vertex -24.9389 17 -3.95492
      vertex -24.5 25 -3.66987
      vertex -24.5 17 -3.66987
    endloop
  endfacet
  facet normal 0.544673 0 -0.838649
    outer loop
      vertex -24.5 25 -3.66987
      vertex -24.9389 17 -3.95492
      vertex -24.9389 25 -3.95492
    endloop
  endfacet
  facet normal -0.965951 0 0.258723
    outer loop
      vertex -17.2447 17 -9.54508
      vertex -17.1093 25 -9.03956
      vertex -17.2447 25 -9.54508
    endloop
  endfacet
  facet normal -0.965951 0 0.258723
    outer loop
      vertex -17.1093 25 -9.03956
      vertex -17.2447 17 -9.54508
      vertex -17.1093 17 -9.03956
    endloop
  endfacet
  facet normal 0.933552 0 -0.358441
    outer loop
      vertex -26.5677 17 -5.96632
      vertex -26.7553 25 -6.45492
      vertex -26.5677 25 -5.96632
    endloop
  endfacet
  facet normal 0.933552 0 -0.358441
    outer loop
      vertex -26.7553 25 -6.45492
      vertex -26.5677 17 -5.96632
      vertex -26.7553 17 -6.45492
    endloop
  endfacet
  facet normal 0.629251 0 -0.777202
    outer loop
      vertex -25.3457 17 -4.28428
      vertex -24.9389 25 -3.95492
      vertex -24.9389 17 -3.95492
    endloop
  endfacet
  facet normal 0.629251 0 -0.777202
    outer loop
      vertex -24.9389 25 -3.95492
      vertex -25.3457 17 -4.28428
      vertex -25.3457 25 -4.28428
    endloop
  endfacet
  facet normal 0.838692 -0 0.544605
    outer loop
      vertex -26.3301 17 -10.5
      vertex -26.0451 25 -10.9389
      vertex -26.3301 25 -10.5
    endloop
  endfacet
  facet normal 0.838692 0 0.544605
    outer loop
      vertex -26.0451 25 -10.9389
      vertex -26.3301 17 -10.5
      vertex -26.0451 17 -10.9389
    endloop
  endfacet
  facet normal 0.838709 0 -0.544579
    outer loop
      vertex -26.0451 17 -5.06107
      vertex -26.3301 25 -5.5
      vertex -26.0451 25 -5.06107
    endloop
  endfacet
  facet normal 0.838709 0 -0.544579
    outer loop
      vertex -26.3301 25 -5.5
      vertex -26.0451 17 -5.06107
      vertex -26.3301 17 -5.5
    endloop
  endfacet
  facet normal -0.454003 0 -0.891
    outer loop
      vertex -19.9663 17 -3.43227
      vertex -19.5 25 -3.66987
      vertex -19.5 17 -3.66987
    endloop
  endfacet
  facet normal -0.454003 0 -0.891
    outer loop
      vertex -19.5 25 -3.66987
      vertex -19.9663 17 -3.43227
      vertex -19.9663 25 -3.43227
    endloop
  endfacet
  facet normal -0.891 0 0.454003
    outer loop
      vertex -17.6699 17 -10.5
      vertex -17.4323 25 -10.0337
      vertex -17.6699 25 -10.5
    endloop
  endfacet
  facet normal -0.891 0 0.454003
    outer loop
      vertex -17.4323 25 -10.0337
      vertex -17.6699 17 -10.5
      vertex -17.4323 17 -10.0337
    endloop
  endfacet
  facet normal 0.629297 0 0.777165
    outer loop
      vertex -25.3457 25 -11.7157
      vertex -24.9389 17 -12.0451
      vertex -24.9389 25 -12.0451
    endloop
  endfacet
  facet normal 0.629297 0 0.777165
    outer loop
      vertex -24.9389 17 -12.0451
      vertex -25.3457 25 -11.7157
      vertex -25.3457 17 -11.7157
    endloop
  endfacet
  facet normal -0.454003 0 0.891
    outer loop
      vertex -19.9663 25 -12.5677
      vertex -19.5 17 -12.3301
      vertex -19.5 25 -12.3301
    endloop
  endfacet
  facet normal -0.454003 0 0.891
    outer loop
      vertex -19.5 17 -12.3301
      vertex -19.9663 25 -12.5677
      vertex -19.9663 17 -12.5677
    endloop
  endfacet
  facet normal -0.25884 0 -0.96592
    outer loop
      vertex -20.9604 17 -3.10926
      vertex -20.4549 25 -3.24472
      vertex -20.4549 17 -3.24472
    endloop
  endfacet
  facet normal -0.25884 0 -0.96592
    outer loop
      vertex -20.4549 25 -3.24472
      vertex -20.9604 17 -3.10926
      vertex -20.9604 25 -3.10926
    endloop
  endfacet
  facet normal -0.777165 0 0.629297
    outer loop
      vertex -18.2843 17 -11.3457
      vertex -17.9549 25 -10.9389
      vertex -18.2843 25 -11.3457
    endloop
  endfacet
  facet normal -0.777165 0 0.629297
    outer loop
      vertex -17.9549 25 -10.9389
      vertex -18.2843 17 -11.3457
      vertex -17.9549 17 -10.9389
    endloop
  endfacet
  facet normal -0.777104 0 -0.629372
    outer loop
      vertex -17.9549 17 -5.06107
      vertex -18.2843 25 -4.65435
      vertex -17.9549 25 -5.06107
    endloop
  endfacet
  facet normal -0.777104 -0 -0.629372
    outer loop
      vertex -18.2843 25 -4.65435
      vertex -17.9549 17 -5.06107
      vertex -18.2843 17 -4.65435
    endloop
  endfacet
  facet normal -0.544673 0 -0.838649
    outer loop
      vertex -19.5 17 -3.66987
      vertex -19.0611 25 -3.95492
      vertex -19.0611 17 -3.95492
    endloop
  endfacet
  facet normal -0.544673 0 -0.838649
    outer loop
      vertex -19.0611 25 -3.95492
      vertex -19.5 17 -3.66987
      vertex -19.5 25 -3.66987
    endloop
  endfacet
  facet normal 0.156407 0 -0.987693
    outer loop
      vertex -23.0396 17 -3.10926
      vertex -22.5226 25 -3.02739
      vertex -22.5226 17 -3.02739
    endloop
  endfacet
  facet normal 0.156407 0 -0.987693
    outer loop
      vertex -22.5226 25 -3.02739
      vertex -23.0396 17 -3.10926
      vertex -23.0396 25 -3.10926
    endloop
  endfacet
  facet normal -0.933552 0 -0.358441
    outer loop
      vertex -17.2447 17 -6.45492
      vertex -17.4323 25 -5.96632
      vertex -17.2447 25 -6.45492
    endloop
  endfacet
  facet normal -0.933552 -0 -0.358441
    outer loop
      vertex -17.4323 25 -5.96632
      vertex -17.2447 17 -6.45492
      vertex -17.4323 17 -5.96632
    endloop
  endfacet
  facet normal -0.0523392 0 -0.998629
    outer loop
      vertex -22 17 -3
      vertex -21.4774 25 -3.02739
      vertex -21.4774 17 -3.02739
    endloop
  endfacet
  facet normal -0.0523392 0 -0.998629
    outer loop
      vertex -21.4774 25 -3.02739
      vertex -22 17 -3
      vertex -22 25 -3
    endloop
  endfacet
  facet normal 0.98768 0 -0.156486
    outer loop
      vertex -26.8907 17 -6.96044
      vertex -26.9726 25 -7.47736
      vertex -26.8907 25 -6.96044
    endloop
  endfacet
  facet normal 0.98768 0 -0.156486
    outer loop
      vertex -26.9726 25 -7.47736
      vertex -26.8907 17 -6.96044
      vertex -26.9726 17 -7.47736
    endloop
  endfacet
  facet normal -0.891008 0 -0.453988
    outer loop
      vertex -17.4323 17 -5.96632
      vertex -17.6699 25 -5.5
      vertex -17.4323 25 -5.96632
    endloop
  endfacet
  facet normal -0.891008 -0 -0.453988
    outer loop
      vertex -17.6699 25 -5.5
      vertex -17.4323 17 -5.96632
      vertex -17.6699 17 -5.5
    endloop
  endfacet
  facet normal 0.454003 0 -0.891
    outer loop
      vertex -24.5 17 -3.66987
      vertex -24.0337 25 -3.43227
      vertex -24.0337 17 -3.43227
    endloop
  endfacet
  facet normal 0.454003 0 -0.891
    outer loop
      vertex -24.0337 25 -3.43227
      vertex -24.5 17 -3.66987
      vertex -24.5 25 -3.66987
    endloop
  endfacet
  facet normal -0.629297 0 0.777165
    outer loop
      vertex -19.0611 25 -12.0451
      vertex -18.6543 17 -11.7157
      vertex -18.6543 25 -11.7157
    endloop
  endfacet
  facet normal -0.629297 0 0.777165
    outer loop
      vertex -18.6543 17 -11.7157
      vertex -19.0611 25 -12.0451
      vertex -19.0611 17 -12.0451
    endloop
  endfacet
  facet normal 0.777104 0 -0.629372
    outer loop
      vertex -25.7157 17 -4.65435
      vertex -26.0451 25 -5.06107
      vertex -25.7157 25 -4.65435
    endloop
  endfacet
  facet normal 0.777104 0 -0.629372
    outer loop
      vertex -26.0451 25 -5.06107
      vertex -25.7157 17 -4.65435
      vertex -26.0451 17 -5.06107
    endloop
  endfacet
  facet normal 0.933557 -0 0.358428
    outer loop
      vertex -26.7553 17 -9.54508
      vertex -26.5677 25 -10.0337
      vertex -26.7553 25 -9.54508
    endloop
  endfacet
  facet normal 0.933557 0 0.358428
    outer loop
      vertex -26.5677 25 -10.0337
      vertex -26.7553 17 -9.54508
      vertex -26.5677 17 -10.0337
    endloop
  endfacet
  facet normal 0.965951 0 -0.258723
    outer loop
      vertex -26.7553 17 -6.45492
      vertex -26.8907 25 -6.96044
      vertex -26.7553 25 -6.45492
    endloop
  endfacet
  facet normal 0.965951 0 -0.258723
    outer loop
      vertex -26.8907 25 -6.96044
      vertex -26.7553 17 -6.45492
      vertex -26.8907 17 -6.96044
    endloop
  endfacet
  facet normal 0.891 -0 0.454003
    outer loop
      vertex -26.5677 17 -10.0337
      vertex -26.3301 25 -10.5
      vertex -26.5677 25 -10.0337
    endloop
  endfacet
  facet normal 0.891 0 0.454003
    outer loop
      vertex -26.3301 25 -10.5
      vertex -26.5677 17 -10.0337
      vertex -26.3301 17 -10.5
    endloop
  endfacet
  facet normal -0.258733 0 0.965949
    outer loop
      vertex -20.9604 25 -12.8907
      vertex -20.4549 17 -12.7553
      vertex -20.4549 25 -12.7553
    endloop
  endfacet
  facet normal -0.258733 0 0.965949
    outer loop
      vertex -20.4549 17 -12.7553
      vertex -20.9604 25 -12.8907
      vertex -20.9604 17 -12.8907
    endloop
  endfacet
  facet normal 0.258733 0 0.965949
    outer loop
      vertex -23.5451 25 -12.7553
      vertex -23.0396 17 -12.8907
      vertex -23.0396 25 -12.8907
    endloop
  endfacet
  facet normal 0.258733 0 0.965949
    outer loop
      vertex -23.0396 17 -12.8907
      vertex -23.5451 25 -12.7553
      vertex -23.5451 17 -12.7553
    endloop
  endfacet
  facet normal 0.454003 0 0.891
    outer loop
      vertex -24.5 25 -12.3301
      vertex -24.0337 17 -12.5677
      vertex -24.0337 25 -12.5677
    endloop
  endfacet
  facet normal 0.454003 0 0.891
    outer loop
      vertex -24.0337 17 -12.5677
      vertex -24.5 25 -12.3301
      vertex -24.5 17 -12.3301
    endloop
  endfacet
  facet normal 0.998629 -0 0.0523542
    outer loop
      vertex -27 17 -8
      vertex -26.9726 25 -8.52264
      vertex -27 25 -8
    endloop
  endfacet
  facet normal 0.998629 0 0.0523542
    outer loop
      vertex -26.9726 25 -8.52264
      vertex -27 17 -8
      vertex -26.9726 17 -8.52264
    endloop
  endfacet
  facet normal 0.358358 0 -0.933584
    outer loop
      vertex -24.0337 17 -3.43227
      vertex -23.5451 25 -3.24472
      vertex -23.5451 17 -3.24472
    endloop
  endfacet
  facet normal 0.358358 0 -0.933584
    outer loop
      vertex -23.5451 25 -3.24472
      vertex -24.0337 17 -3.43227
      vertex -24.0337 25 -3.43227
    endloop
  endfacet
  facet normal 0.777165 -0 0.629297
    outer loop
      vertex -26.0451 17 -10.9389
      vertex -25.7157 25 -11.3457
      vertex -26.0451 25 -10.9389
    endloop
  endfacet
  facet normal 0.777165 0 0.629297
    outer loop
      vertex -25.7157 25 -11.3457
      vertex -26.0451 17 -10.9389
      vertex -25.7157 17 -11.3457
    endloop
  endfacet
  facet normal 0.707107 -0 0.707107
    outer loop
      vertex -25.7157 17 -11.3457
      vertex -25.3457 25 -11.7157
      vertex -25.7157 25 -11.3457
    endloop
  endfacet
  facet normal 0.707107 0 0.707107
    outer loop
      vertex -25.3457 25 -11.7157
      vertex -25.7157 17 -11.3457
      vertex -25.3457 17 -11.7157
    endloop
  endfacet
  facet normal -0.544605 0 0.838692
    outer loop
      vertex -19.5 25 -12.3301
      vertex -19.0611 17 -12.0451
      vertex -19.0611 25 -12.0451
    endloop
  endfacet
  facet normal -0.544605 0 0.838692
    outer loop
      vertex -19.0611 17 -12.0451
      vertex -19.5 25 -12.3301
      vertex -19.5 17 -12.3301
    endloop
  endfacet
  facet normal 0.0523582 0 0.998628
    outer loop
      vertex -22.5226 25 -12.9726
      vertex -22 17 -13
      vertex -22 25 -13
    endloop
  endfacet
  facet normal 0.0523582 0 0.998628
    outer loop
      vertex -22 17 -13
      vertex -22.5226 25 -12.9726
      vertex -22.5226 17 -12.9726
    endloop
  endfacet
  facet normal 0.998629 0 -0.0523542
    outer loop
      vertex -26.9726 17 -7.47736
      vertex -27 25 -8
      vertex -26.9726 25 -7.47736
    endloop
  endfacet
  facet normal 0.998629 0 -0.0523542
    outer loop
      vertex -27 25 -8
      vertex -26.9726 17 -7.47736
      vertex -27 17 -8
    endloop
  endfacet
  facet normal 0.358441 0 0.933552
    outer loop
      vertex -24.0337 25 -12.5677
      vertex -23.5451 17 -12.7553
      vertex -23.5451 25 -12.7553
    endloop
  endfacet
  facet normal 0.358441 0 0.933552
    outer loop
      vertex -23.5451 17 -12.7553
      vertex -24.0337 25 -12.5677
      vertex -24.0337 17 -12.5677
    endloop
  endfacet
  facet normal 0.156463 0 0.987684
    outer loop
      vertex -23.0396 25 -12.8907
      vertex -22.5226 17 -12.9726
      vertex -22.5226 25 -12.9726
    endloop
  endfacet
  facet normal 0.156463 0 0.987684
    outer loop
      vertex -22.5226 17 -12.9726
      vertex -23.0396 25 -12.8907
      vertex -23.0396 17 -12.8907
    endloop
  endfacet
  facet normal 0.544605 0 0.838692
    outer loop
      vertex -24.9389 25 -12.0451
      vertex -24.5 17 -12.3301
      vertex -24.5 25 -12.3301
    endloop
  endfacet
  facet normal 0.544605 0 0.838692
    outer loop
      vertex -24.5 17 -12.3301
      vertex -24.9389 25 -12.0451
      vertex -24.9389 17 -12.0451
    endloop
  endfacet
  facet normal -0.707107 0 0.707107
    outer loop
      vertex -18.6543 17 -11.7157
      vertex -18.2843 25 -11.3457
      vertex -18.6543 25 -11.7157
    endloop
  endfacet
  facet normal -0.707107 0 0.707107
    outer loop
      vertex -18.2843 25 -11.3457
      vertex -18.6543 17 -11.7157
      vertex -18.2843 17 -11.3457
    endloop
  endfacet
  facet normal 0.987723 0 -0.156213
    outer loop
      vertex -20.011 15 -8.20906
      vertex -20.0437 27 -8.41582
      vertex -20.011 27 -8.20906
    endloop
  endfacet
  facet normal 0.987723 0 -0.156213
    outer loop
      vertex -20.0437 27 -8.41582
      vertex -20.011 15 -8.20906
      vertex -20.0437 15 -8.41582
    endloop
  endfacet
  facet normal 0.987723 -0 0.156213
    outer loop
      vertex -20.0437 15 -7.58418
      vertex -20.011 27 -7.79094
      vertex -20.0437 27 -7.58418
    endloop
  endfacet
  facet normal 0.987723 0 0.156213
    outer loop
      vertex -20.011 27 -7.79094
      vertex -20.0437 15 -7.58418
      vertex -20.011 15 -7.79094
    endloop
  endfacet
  facet normal 0.998619 -0 0.0525438
    outer loop
      vertex -20.011 15 -7.79094
      vertex -20 27 -8
      vertex -20.011 27 -7.79094
    endloop
  endfacet
  facet normal 0.998619 0 0.0525438
    outer loop
      vertex -20 27 -8
      vertex -20.011 15 -7.79094
      vertex -20 15 -8
    endloop
  endfacet
  facet normal 0.965904 -0 0.258899
    outer loop
      vertex -20.0979 15 -7.38197
      vertex -20.0437 27 -7.58418
      vertex -20.0979 27 -7.38197
    endloop
  endfacet
  facet normal 0.965904 0 0.258899
    outer loop
      vertex -20.0437 27 -7.58418
      vertex -20.0979 15 -7.38197
      vertex -20.0437 15 -7.58418
    endloop
  endfacet
  facet normal 0.838707 -0 0.544584
    outer loop
      vertex -20.382 15 -6.82443
      vertex -20.268 27 -7
      vertex -20.382 27 -6.82443
    endloop
  endfacet
  facet normal 0.838707 0 0.544584
    outer loop
      vertex -20.268 27 -7
      vertex -20.382 15 -6.82443
      vertex -20.268 15 -7
    endloop
  endfacet
  facet normal -0.0523433 0 0.998629
    outer loop
      vertex -22.2091 27 -6.01096
      vertex -22 15 -6
      vertex -22 27 -6
    endloop
  endfacet
  facet normal -0.0523433 0 0.998629
    outer loop
      vertex -22 15 -6
      vertex -22.2091 27 -6.01096
      vertex -22.2091 15 -6.01096
    endloop
  endfacet
  facet normal 0.998619 0 -0.0525438
    outer loop
      vertex -20 15 -8
      vertex -20.011 27 -8.20906
      vertex -20 27 -8
    endloop
  endfacet
  facet normal 0.998619 0 -0.0525438
    outer loop
      vertex -20.011 27 -8.20906
      vertex -20 15 -8
      vertex -20.011 15 -8.20906
    endloop
  endfacet
  facet normal 0.777248 -0 0.629194
    outer loop
      vertex -20.5137 15 -6.66174
      vertex -20.382 27 -6.82443
      vertex -20.5137 27 -6.66174
    endloop
  endfacet
  facet normal 0.777248 0 0.629194
    outer loop
      vertex -20.382 27 -6.82443
      vertex -20.5137 15 -6.66174
      vertex -20.382 15 -6.82443
    endloop
  endfacet
  facet normal -0.987723 0 -0.156213
    outer loop
      vertex -23.9563 15 -8.41582
      vertex -23.989 27 -8.20906
      vertex -23.9563 27 -8.41582
    endloop
  endfacet
  facet normal -0.987723 -0 -0.156213
    outer loop
      vertex -23.989 27 -8.20906
      vertex -23.9563 15 -8.41582
      vertex -23.989 15 -8.20906
    endloop
  endfacet
  facet normal -0.890894 0 0.454211
    outer loop
      vertex -23.8271 15 -7.18653
      vertex -23.732 27 -7
      vertex -23.8271 27 -7.18653
    endloop
  endfacet
  facet normal -0.890894 0 0.454211
    outer loop
      vertex -23.732 27 -7
      vertex -23.8271 15 -7.18653
      vertex -23.732 15 -7
    endloop
  endfacet
  facet normal 0.258867 0 0.965913
    outer loop
      vertex -21.5842 27 -6.0437
      vertex -21.382 15 -6.09789
      vertex -21.382 27 -6.09789
    endloop
  endfacet
  facet normal 0.258867 0 0.965913
    outer loop
      vertex -21.382 15 -6.09789
      vertex -21.5842 27 -6.0437
      vertex -21.5842 15 -6.0437
    endloop
  endfacet
  facet normal 0.358262 0 0.933621
    outer loop
      vertex -21.382 27 -6.09789
      vertex -21.1865 15 -6.17291
      vertex -21.1865 27 -6.17291
    endloop
  endfacet
  facet normal 0.358262 0 0.933621
    outer loop
      vertex -21.1865 15 -6.17291
      vertex -21.382 27 -6.09789
      vertex -21.382 15 -6.09789
    endloop
  endfacet
  facet normal -0.965904 0 -0.258899
    outer loop
      vertex -23.9021 15 -8.61803
      vertex -23.9563 27 -8.41582
      vertex -23.9021 27 -8.61803
    endloop
  endfacet
  facet normal -0.965904 -0 -0.258899
    outer loop
      vertex -23.9563 27 -8.41582
      vertex -23.9021 15 -8.61803
      vertex -23.9563 15 -8.41582
    endloop
  endfacet
  facet normal 0.629286 0 0.777174
    outer loop
      vertex -20.8244 27 -6.38197
      vertex -20.6617 15 -6.51371
      vertex -20.6617 27 -6.51371
    endloop
  endfacet
  facet normal 0.629286 0 0.777174
    outer loop
      vertex -20.6617 15 -6.51371
      vertex -20.8244 27 -6.38197
      vertex -20.8244 15 -6.38197
    endloop
  endfacet
  facet normal 0.358262 0 -0.933621
    outer loop
      vertex -21.382 15 -9.90211
      vertex -21.1865 27 -9.82709
      vertex -21.1865 15 -9.82709
    endloop
  endfacet
  facet normal 0.358262 0 -0.933621
    outer loop
      vertex -21.1865 27 -9.82709
      vertex -21.382 15 -9.90211
      vertex -21.382 27 -9.90211
    endloop
  endfacet
  facet normal -0.777248 0 0.629194
    outer loop
      vertex -23.618 15 -6.82443
      vertex -23.4863 27 -6.66174
      vertex -23.618 27 -6.82443
    endloop
  endfacet
  facet normal -0.777248 0 0.629194
    outer loop
      vertex -23.4863 27 -6.66174
      vertex -23.618 15 -6.82443
      vertex -23.4863 15 -6.66174
    endloop
  endfacet
  facet normal -0.258867 0 0.965913
    outer loop
      vertex -22.618 27 -6.09789
      vertex -22.4158 15 -6.0437
      vertex -22.4158 27 -6.0437
    endloop
  endfacet
  facet normal -0.258867 0 0.965913
    outer loop
      vertex -22.4158 15 -6.0437
      vertex -22.618 27 -6.09789
      vertex -22.618 15 -6.09789
    endloop
  endfacet
  facet normal -0.707178 0 0.707035
    outer loop
      vertex -23.4863 27 -6.66174
      vertex -23.3383 15 -6.51371
      vertex -23.3383 27 -6.51371
    endloop
  endfacet
  facet normal -0.707178 0 0.707035
    outer loop
      vertex -23.3383 15 -6.51371
      vertex -23.4863 27 -6.66174
      vertex -23.4863 15 -6.66174
    endloop
  endfacet
  facet normal -0.544585 0 0.838705
    outer loop
      vertex -23.1756 27 -6.38197
      vertex -23 15 -6.26795
      vertex -23 27 -6.26795
    endloop
  endfacet
  facet normal -0.544585 0 0.838705
    outer loop
      vertex -23 15 -6.26795
      vertex -23.1756 27 -6.38197
      vertex -23.1756 15 -6.38197
    endloop
  endfacet
  facet normal 0.965904 0 -0.258899
    outer loop
      vertex -20.0437 15 -8.41582
      vertex -20.0979 27 -8.61803
      vertex -20.0437 27 -8.41582
    endloop
  endfacet
  facet normal 0.965904 0 -0.258899
    outer loop
      vertex -20.0979 27 -8.61803
      vertex -20.0437 15 -8.41582
      vertex -20.0979 15 -8.61803
    endloop
  endfacet
  facet normal 0.0523433 0 -0.998629
    outer loop
      vertex -22 15 -10
      vertex -21.7909 27 -9.98904
      vertex -21.7909 15 -9.98904
    endloop
  endfacet
  facet normal 0.0523433 0 -0.998629
    outer loop
      vertex -21.7909 27 -9.98904
      vertex -22 15 -10
      vertex -22 27 -10
    endloop
  endfacet
  facet normal 0.544585 0 0.838705
    outer loop
      vertex -21 27 -6.26795
      vertex -20.8244 15 -6.38197
      vertex -20.8244 27 -6.38197
    endloop
  endfacet
  facet normal 0.544585 0 0.838705
    outer loop
      vertex -20.8244 15 -6.38197
      vertex -21 27 -6.26795
      vertex -21 15 -6.26795
    endloop
  endfacet
  facet normal -0.838707 0 -0.544584
    outer loop
      vertex -23.618 15 -9.17557
      vertex -23.732 27 -9
      vertex -23.618 27 -9.17557
    endloop
  endfacet
  facet normal -0.838707 -0 -0.544584
    outer loop
      vertex -23.732 27 -9
      vertex -23.618 15 -9.17557
      vertex -23.732 15 -9
    endloop
  endfacet
  facet normal 0.156443 0 -0.987687
    outer loop
      vertex -21.7909 15 -9.98904
      vertex -21.5842 27 -9.9563
      vertex -21.5842 15 -9.9563
    endloop
  endfacet
  facet normal 0.156443 0 -0.987687
    outer loop
      vertex -21.5842 27 -9.9563
      vertex -21.7909 15 -9.98904
      vertex -21.7909 27 -9.98904
    endloop
  endfacet
  facet normal -0.156443 0 -0.987687
    outer loop
      vertex -22.4158 15 -9.9563
      vertex -22.2091 27 -9.98904
      vertex -22.2091 15 -9.98904
    endloop
  endfacet
  facet normal -0.156443 0 -0.987687
    outer loop
      vertex -22.2091 27 -9.98904
      vertex -22.4158 15 -9.9563
      vertex -22.4158 27 -9.9563
    endloop
  endfacet
  facet normal -0.454042 0 -0.89098
    outer loop
      vertex -23 15 -9.73205
      vertex -22.8135 27 -9.82709
      vertex -22.8135 15 -9.82709
    endloop
  endfacet
  facet normal -0.454042 0 -0.89098
    outer loop
      vertex -22.8135 27 -9.82709
      vertex -23 15 -9.73205
      vertex -23 27 -9.73205
    endloop
  endfacet
  facet normal 0 -1 0
    outer loop
      vertex -22.2091 15 -6.01096
      vertex -21.7909 15 -6.01096
      vertex -22 15 -6
    endloop
  endfacet
  facet normal 0 -1 0
    outer loop
      vertex -22.4158 15 -6.0437
      vertex -21.7909 15 -6.01096
      vertex -22.2091 15 -6.01096
    endloop
  endfacet
  facet normal 0 -1 0
    outer loop
      vertex -22.4158 15 -6.0437
      vertex -21.5842 15 -6.0437
      vertex -21.7909 15 -6.01096
    endloop
  endfacet
  facet normal 0 -1 0
    outer loop
      vertex -22.618 15 -6.09789
      vertex -21.5842 15 -6.0437
      vertex -22.4158 15 -6.0437
    endloop
  endfacet
  facet normal 0 -1 0
    outer loop
      vertex -22.618 15 -6.09789
      vertex -21.382 15 -6.09789
      vertex -21.5842 15 -6.0437
    endloop
  endfacet
  facet normal 0 -1 0
    outer loop
      vertex -22.8135 15 -6.17291
      vertex -21.382 15 -6.09789
      vertex -22.618 15 -6.09789
    endloop
  endfacet
  facet normal 0 -1 0
    outer loop
      vertex -22.8135 15 -6.17291
      vertex -21.1865 15 -6.17291
      vertex -21.382 15 -6.09789
    endloop
  endfacet
  facet normal 0 -1 0
    outer loop
      vertex -23 15 -6.26795
      vertex -21.1865 15 -6.17291
      vertex -22.8135 15 -6.17291
    endloop
  endfacet
  facet normal 0 -1 0
    outer loop
      vertex -23 15 -6.26795
      vertex -21 15 -6.26795
      vertex -21.1865 15 -6.17291
    endloop
  endfacet
  facet normal 0 -1 0
    outer loop
      vertex -23.1756 15 -6.38197
      vertex -21 15 -6.26795
      vertex -23 15 -6.26795
    endloop
  endfacet
  facet normal 0 -1 0
    outer loop
      vertex -23.1756 15 -6.38197
      vertex -20.8244 15 -6.38197
      vertex -21 15 -6.26795
    endloop
  endfacet
  facet normal 0 -1 0
    outer loop
      vertex -23.3383 15 -6.51371
      vertex -20.8244 15 -6.38197
      vertex -23.1756 15 -6.38197
    endloop
  endfacet
  facet normal 0 -1 0
    outer loop
      vertex -23.3383 15 -6.51371
      vertex -20.6617 15 -6.51371
      vertex -20.8244 15 -6.38197
    endloop
  endfacet
  facet normal 0 -1 0
    outer loop
      vertex -23.4863 15 -6.66174
      vertex -20.6617 15 -6.51371
      vertex -23.3383 15 -6.51371
    endloop
  endfacet
  facet normal 0 -1 0
    outer loop
      vertex -23.4863 15 -6.66174
      vertex -20.5137 15 -6.66174
      vertex -20.6617 15 -6.51371
    endloop
  endfacet
  facet normal 0 -1 0
    outer loop
      vertex -23.618 15 -6.82443
      vertex -20.5137 15 -6.66174
      vertex -23.4863 15 -6.66174
    endloop
  endfacet
  facet normal 0 -1 0
    outer loop
      vertex -23.618 15 -6.82443
      vertex -20.382 15 -6.82443
      vertex -20.5137 15 -6.66174
    endloop
  endfacet
  facet normal 0 -1 0
    outer loop
      vertex -23.732 15 -7
      vertex -20.382 15 -6.82443
      vertex -23.618 15 -6.82443
    endloop
  endfacet
  facet normal 0 -1 0
    outer loop
      vertex -23.732 15 -7
      vertex -20.268 15 -7
      vertex -20.382 15 -6.82443
    endloop
  endfacet
  facet normal 0 -1 0
    outer loop
      vertex -23.8271 15 -7.18653
      vertex -20.268 15 -7
      vertex -23.732 15 -7
    endloop
  endfacet
  facet normal 0 -1 0
    outer loop
      vertex -23.8271 15 -7.18653
      vertex -20.1729 15 -7.18653
      vertex -20.268 15 -7
    endloop
  endfacet
  facet normal 0 -1 0
    outer loop
      vertex -23.9021 15 -7.38197
      vertex -20.1729 15 -7.18653
      vertex -23.8271 15 -7.18653
    endloop
  endfacet
  facet normal 0 -1 0
    outer loop
      vertex -23.9021 15 -7.38197
      vertex -20.0979 15 -7.38197
      vertex -20.1729 15 -7.18653
    endloop
  endfacet
  facet normal 0 -1 0
    outer loop
      vertex -23.9563 15 -7.58418
      vertex -20.0979 15 -7.38197
      vertex -23.9021 15 -7.38197
    endloop
  endfacet
  facet normal 0 -1 0
    outer loop
      vertex -23.9563 15 -7.58418
      vertex -20.0437 15 -7.58418
      vertex -20.0979 15 -7.38197
    endloop
  endfacet
  facet normal 0 -1 0
    outer loop
      vertex -23.989 15 -7.79094
      vertex -20.0437 15 -7.58418
      vertex -23.9563 15 -7.58418
    endloop
  endfacet
  facet normal 0 -1 0
    outer loop
      vertex -23.989 15 -7.79094
      vertex -20.011 15 -7.79094
      vertex -20.0437 15 -7.58418
    endloop
  endfacet
  facet normal 0 -1 0
    outer loop
      vertex -24 15 -8
      vertex -20.011 15 -7.79094
      vertex -23.989 15 -7.79094
    endloop
  endfacet
  facet normal 0 -1 0
    outer loop
      vertex -24 15 -8
      vertex -20 15 -8
      vertex -20.011 15 -7.79094
    endloop
  endfacet
  facet normal 0 -1 0
    outer loop
      vertex -23.989 15 -8.20906
      vertex -20 15 -8
      vertex -24 15 -8
    endloop
  endfacet
  facet normal 0 -1 0
    outer loop
      vertex -23.989 15 -8.20906
      vertex -20.011 15 -8.20906
      vertex -20 15 -8
    endloop
  endfacet
  facet normal 0 -1 0
    outer loop
      vertex -23.9563 15 -8.41582
      vertex -20.011 15 -8.20906
      vertex -23.989 15 -8.20906
    endloop
  endfacet
  facet normal 0 -1 0
    outer loop
      vertex -23.9563 15 -8.41582
      vertex -20.0437 15 -8.41582
      vertex -20.011 15 -8.20906
    endloop
  endfacet
  facet normal 0 -1 0
    outer loop
      vertex -23.9021 15 -8.61803
      vertex -20.0437 15 -8.41582
      vertex -23.9563 15 -8.41582
    endloop
  endfacet
  facet normal 0 -1 0
    outer loop
      vertex -23.9021 15 -8.61803
      vertex -20.0979 15 -8.61803
      vertex -20.0437 15 -8.41582
    endloop
  endfacet
  facet normal 0 -1 0
    outer loop
      vertex -23.8271 15 -8.81347
      vertex -20.0979 15 -8.61803
      vertex -23.9021 15 -8.61803
    endloop
  endfacet
  facet normal 0 -1 0
    outer loop
      vertex -23.8271 15 -8.81347
      vertex -20.1729 15 -8.81347
      vertex -20.0979 15 -8.61803
    endloop
  endfacet
  facet normal 0 -1 0
    outer loop
      vertex -23.732 15 -9
      vertex -20.1729 15 -8.81347
      vertex -23.8271 15 -8.81347
    endloop
  endfacet
  facet normal 0 -1 0
    outer loop
      vertex -23.732 15 -9
      vertex -20.268 15 -9
      vertex -20.1729 15 -8.81347
    endloop
  endfacet
  facet normal 0 -1 0
    outer loop
      vertex -23.618 15 -9.17557
      vertex -20.268 15 -9
      vertex -23.732 15 -9
    endloop
  endfacet
  facet normal 0 -1 0
    outer loop
      vertex -23.618 15 -9.17557
      vertex -20.382 15 -9.17557
      vertex -20.268 15 -9
    endloop
  endfacet
  facet normal 0 -1 0
    outer loop
      vertex -23.4863 15 -9.33826
      vertex -20.382 15 -9.17557
      vertex -23.618 15 -9.17557
    endloop
  endfacet
  facet normal 0 -1 0
    outer loop
      vertex -23.4863 15 -9.33826
      vertex -20.5137 15 -9.33826
      vertex -20.382 15 -9.17557
    endloop
  endfacet
  facet normal 0 -1 0
    outer loop
      vertex -23.3383 15 -9.48629
      vertex -20.5137 15 -9.33826
      vertex -23.4863 15 -9.33826
    endloop
  endfacet
  facet normal 0 -1 0
    outer loop
      vertex -23.3383 15 -9.48629
      vertex -20.6617 15 -9.48629
      vertex -20.5137 15 -9.33826
    endloop
  endfacet
  facet normal 0 -1 0
    outer loop
      vertex -23.1756 15 -9.61803
      vertex -20.6617 15 -9.48629
      vertex -23.3383 15 -9.48629
    endloop
  endfacet
  facet normal 0 -1 0
    outer loop
      vertex -23.1756 15 -9.61803
      vertex -20.8244 15 -9.61803
      vertex -20.6617 15 -9.48629
    endloop
  endfacet
  facet normal 0 -1 0
    outer loop
      vertex -23 15 -9.73205
      vertex -20.8244 15 -9.61803
      vertex -23.1756 15 -9.61803
    endloop
  endfacet
  facet normal 0 -1 0
    outer loop
      vertex -23 15 -9.73205
      vertex -21 15 -9.73205
      vertex -20.8244 15 -9.61803
    endloop
  endfacet
  facet normal 0 -1 0
    outer loop
      vertex -22.8135 15 -9.82709
      vertex -21 15 -9.73205
      vertex -23 15 -9.73205
    endloop
  endfacet
  facet normal 0 -1 0
    outer loop
      vertex -22.8135 15 -9.82709
      vertex -21.1865 15 -9.82709
      vertex -21 15 -9.73205
    endloop
  endfacet
  facet normal 0 -1 0
    outer loop
      vertex -22.618 15 -9.90211
      vertex -21.1865 15 -9.82709
      vertex -22.8135 15 -9.82709
    endloop
  endfacet
  facet normal 0 -1 0
    outer loop
      vertex -22.618 15 -9.90211
      vertex -21.382 15 -9.90211
      vertex -21.1865 15 -9.82709
    endloop
  endfacet
  facet normal 0 -1 0
    outer loop
      vertex -22.4158 15 -9.9563
      vertex -21.382 15 -9.90211
      vertex -22.618 15 -9.90211
    endloop
  endfacet
  facet normal 0 -1 0
    outer loop
      vertex -22.4158 15 -9.9563
      vertex -21.5842 15 -9.9563
      vertex -21.382 15 -9.90211
    endloop
  endfacet
  facet normal 0 -1 0
    outer loop
      vertex -22.2091 15 -9.98904
      vertex -21.5842 15 -9.9563
      vertex -22.4158 15 -9.9563
    endloop
  endfacet
  facet normal 0 -1 0
    outer loop
      vertex -22.2091 15 -9.98904
      vertex -21.7909 15 -9.98904
      vertex -21.5842 15 -9.9563
    endloop
  endfacet
  facet normal -0 -1 0
    outer loop
      vertex -21.7909 15 -9.98904
      vertex -22.2091 15 -9.98904
      vertex -22 15 -10
    endloop
  endfacet
  facet normal -0.358262 0 0.933621
    outer loop
      vertex -22.8135 27 -6.17291
      vertex -22.618 15 -6.09789
      vertex -22.618 27 -6.09789
    endloop
  endfacet
  facet normal -0.358262 0 0.933621
    outer loop
      vertex -22.618 15 -6.09789
      vertex -22.8135 27 -6.17291
      vertex -22.8135 15 -6.17291
    endloop
  endfacet
  facet normal 0.454042 0 0.89098
    outer loop
      vertex -21.1865 27 -6.17291
      vertex -21 15 -6.26795
      vertex -21 27 -6.26795
    endloop
  endfacet
  facet normal 0.454042 0 0.89098
    outer loop
      vertex -21 15 -6.26795
      vertex -21.1865 27 -6.17291
      vertex -21.1865 15 -6.17291
    endloop
  endfacet
  facet normal 0.890894 0 -0.454211
    outer loop
      vertex -20.1729 15 -8.81347
      vertex -20.268 27 -9
      vertex -20.1729 27 -8.81347
    endloop
  endfacet
  facet normal 0.890894 0 -0.454211
    outer loop
      vertex -20.268 27 -9
      vertex -20.1729 15 -8.81347
      vertex -20.268 15 -9
    endloop
  endfacet
  facet normal 0.707178 0 0.707035
    outer loop
      vertex -20.6617 27 -6.51371
      vertex -20.5137 15 -6.66174
      vertex -20.5137 27 -6.66174
    endloop
  endfacet
  facet normal 0.707178 0 0.707035
    outer loop
      vertex -20.5137 15 -6.66174
      vertex -20.6617 27 -6.51371
      vertex -20.6617 15 -6.51371
    endloop
  endfacet
  facet normal -0.629286 0 -0.777174
    outer loop
      vertex -23.3383 15 -9.48629
      vertex -23.1756 27 -9.61803
      vertex -23.1756 15 -9.61803
    endloop
  endfacet
  facet normal -0.629286 0 -0.777174
    outer loop
      vertex -23.1756 27 -9.61803
      vertex -23.3383 15 -9.48629
      vertex -23.3383 27 -9.48629
    endloop
  endfacet
  facet normal 0.838707 0 -0.544584
    outer loop
      vertex -20.268 15 -9
      vertex -20.382 27 -9.17557
      vertex -20.268 27 -9
    endloop
  endfacet
  facet normal 0.838707 0 -0.544584
    outer loop
      vertex -20.382 27 -9.17557
      vertex -20.268 15 -9
      vertex -20.382 15 -9.17557
    endloop
  endfacet
  facet normal 0.454042 0 -0.89098
    outer loop
      vertex -21.1865 15 -9.82709
      vertex -21 27 -9.73205
      vertex -21 15 -9.73205
    endloop
  endfacet
  facet normal 0.454042 0 -0.89098
    outer loop
      vertex -21 27 -9.73205
      vertex -21.1865 15 -9.82709
      vertex -21.1865 27 -9.82709
    endloop
  endfacet
  facet normal -0.156443 0 0.987687
    outer loop
      vertex -22.4158 27 -6.0437
      vertex -22.2091 15 -6.01096
      vertex -22.2091 27 -6.01096
    endloop
  endfacet
  facet normal -0.156443 0 0.987687
    outer loop
      vertex -22.2091 15 -6.01096
      vertex -22.4158 27 -6.0437
      vertex -22.4158 15 -6.0437
    endloop
  endfacet
  facet normal 0.933616 -0 0.358275
    outer loop
      vertex -20.1729 15 -7.18653
      vertex -20.0979 27 -7.38197
      vertex -20.1729 27 -7.18653
    endloop
  endfacet
  facet normal 0.933616 0 0.358275
    outer loop
      vertex -20.0979 27 -7.38197
      vertex -20.1729 15 -7.18653
      vertex -20.0979 15 -7.38197
    endloop
  endfacet
  facet normal 0.777248 0 -0.629194
    outer loop
      vertex -20.382 15 -9.17557
      vertex -20.5137 27 -9.33826
      vertex -20.382 27 -9.17557
    endloop
  endfacet
  facet normal 0.777248 0 -0.629194
    outer loop
      vertex -20.5137 27 -9.33826
      vertex -20.382 15 -9.17557
      vertex -20.5137 15 -9.33826
    endloop
  endfacet
  facet normal -0.933616 0 -0.358275
    outer loop
      vertex -23.8271 15 -8.81347
      vertex -23.9021 27 -8.61803
      vertex -23.8271 27 -8.81347
    endloop
  endfacet
  facet normal -0.933616 -0 -0.358275
    outer loop
      vertex -23.9021 27 -8.61803
      vertex -23.8271 15 -8.81347
      vertex -23.9021 15 -8.61803
    endloop
  endfacet
  facet normal -0.987723 0 0.156213
    outer loop
      vertex -23.989 15 -7.79094
      vertex -23.9563 27 -7.58418
      vertex -23.989 27 -7.79094
    endloop
  endfacet
  facet normal -0.987723 0 0.156213
    outer loop
      vertex -23.9563 27 -7.58418
      vertex -23.989 15 -7.79094
      vertex -23.9563 15 -7.58418
    endloop
  endfacet
  facet normal 0.0523433 0 0.998629
    outer loop
      vertex -22 27 -6
      vertex -21.7909 15 -6.01096
      vertex -21.7909 27 -6.01096
    endloop
  endfacet
  facet normal 0.0523433 0 0.998629
    outer loop
      vertex -21.7909 15 -6.01096
      vertex -22 27 -6
      vertex -22 15 -6
    endloop
  endfacet
  facet normal 0.890894 -0 0.454211
    outer loop
      vertex -20.268 15 -7
      vertex -20.1729 27 -7.18653
      vertex -20.268 27 -7
    endloop
  endfacet
  facet normal 0.890894 0 0.454211
    outer loop
      vertex -20.1729 27 -7.18653
      vertex -20.268 15 -7
      vertex -20.1729 15 -7.18653
    endloop
  endfacet
  facet normal -0.838707 0 0.544584
    outer loop
      vertex -23.732 15 -7
      vertex -23.618 27 -6.82443
      vertex -23.732 27 -7
    endloop
  endfacet
  facet normal -0.838707 0 0.544584
    outer loop
      vertex -23.618 27 -6.82443
      vertex -23.732 15 -7
      vertex -23.618 15 -6.82443
    endloop
  endfacet
  facet normal -0.629286 0 0.777174
    outer loop
      vertex -23.3383 27 -6.51371
      vertex -23.1756 15 -6.38197
      vertex -23.1756 27 -6.38197
    endloop
  endfacet
  facet normal -0.629286 0 0.777174
    outer loop
      vertex -23.1756 15 -6.38197
      vertex -23.3383 27 -6.51371
      vertex -23.3383 15 -6.51371
    endloop
  endfacet
  facet normal -0.933616 0 0.358275
    outer loop
      vertex -23.9021 15 -7.38197
      vertex -23.8271 27 -7.18653
      vertex -23.9021 27 -7.38197
    endloop
  endfacet
  facet normal -0.933616 0 0.358275
    outer loop
      vertex -23.8271 27 -7.18653
      vertex -23.9021 15 -7.38197
      vertex -23.8271 15 -7.18653
    endloop
  endfacet
  facet normal -0.890894 0 -0.454211
    outer loop
      vertex -23.732 15 -9
      vertex -23.8271 27 -8.81347
      vertex -23.732 27 -9
    endloop
  endfacet
  facet normal -0.890894 -0 -0.454211
    outer loop
      vertex -23.8271 27 -8.81347
      vertex -23.732 15 -9
      vertex -23.8271 15 -8.81347
    endloop
  endfacet
  facet normal 0.258867 0 -0.965913
    outer loop
      vertex -21.5842 15 -9.9563
      vertex -21.382 27 -9.90211
      vertex -21.382 15 -9.90211
    endloop
  endfacet
  facet normal 0.258867 0 -0.965913
    outer loop
      vertex -21.382 27 -9.90211
      vertex -21.5842 15 -9.9563
      vertex -21.5842 27 -9.9563
    endloop
  endfacet
  facet normal 0.629286 0 -0.777174
    outer loop
      vertex -20.8244 15 -9.61803
      vertex -20.6617 27 -9.48629
      vertex -20.6617 15 -9.48629
    endloop
  endfacet
  facet normal 0.629286 0 -0.777174
    outer loop
      vertex -20.6617 27 -9.48629
      vertex -20.8244 15 -9.61803
      vertex -20.8244 27 -9.61803
    endloop
  endfacet
  facet normal -0.258867 0 -0.965913
    outer loop
      vertex -22.618 15 -9.90211
      vertex -22.4158 27 -9.9563
      vertex -22.4158 15 -9.9563
    endloop
  endfacet
  facet normal -0.258867 0 -0.965913
    outer loop
      vertex -22.4158 27 -9.9563
      vertex -22.618 15 -9.90211
      vertex -22.618 27 -9.90211
    endloop
  endfacet
  facet normal -0.998619 0 -0.0525438
    outer loop
      vertex -23.989 15 -8.20906
      vertex -24 27 -8
      vertex -23.989 27 -8.20906
    endloop
  endfacet
  facet normal -0.998619 -0 -0.0525438
    outer loop
      vertex -24 27 -8
      vertex -23.989 15 -8.20906
      vertex -24 15 -8
    endloop
  endfacet
  facet normal 0.156443 0 0.987687
    outer loop
      vertex -21.7909 27 -6.01096
      vertex -21.5842 15 -6.0437
      vertex -21.5842 27 -6.0437
    endloop
  endfacet
  facet normal 0.156443 0 0.987687
    outer loop
      vertex -21.5842 15 -6.0437
      vertex -21.7909 27 -6.01096
      vertex -21.7909 15 -6.01096
    endloop
  endfacet
  facet normal -0.777248 0 -0.629194
    outer loop
      vertex -23.4863 15 -9.33826
      vertex -23.618 27 -9.17557
      vertex -23.4863 27 -9.33826
    endloop
  endfacet
  facet normal -0.777248 -0 -0.629194
    outer loop
      vertex -23.618 27 -9.17557
      vertex -23.4863 15 -9.33826
      vertex -23.618 15 -9.17557
    endloop
  endfacet
  facet normal -0.454042 0 0.89098
    outer loop
      vertex -23 27 -6.26795
      vertex -22.8135 15 -6.17291
      vertex -22.8135 27 -6.17291
    endloop
  endfacet
  facet normal -0.454042 0 0.89098
    outer loop
      vertex -22.8135 15 -6.17291
      vertex -23 27 -6.26795
      vertex -23 15 -6.26795
    endloop
  endfacet
  facet normal -0.965904 0 0.258899
    outer loop
      vertex -23.9563 15 -7.58418
      vertex -23.9021 27 -7.38197
      vertex -23.9563 27 -7.58418
    endloop
  endfacet
  facet normal -0.965904 0 0.258899
    outer loop
      vertex -23.9021 27 -7.38197
      vertex -23.9563 15 -7.58418
      vertex -23.9021 15 -7.38197
    endloop
  endfacet
  facet normal -0.707178 0 -0.707035
    outer loop
      vertex -23.4863 15 -9.33826
      vertex -23.3383 27 -9.48629
      vertex -23.3383 15 -9.48629
    endloop
  endfacet
  facet normal -0.707178 0 -0.707035
    outer loop
      vertex -23.3383 27 -9.48629
      vertex -23.4863 15 -9.33826
      vertex -23.4863 27 -9.33826
    endloop
  endfacet
  facet normal 0.544585 0 -0.838705
    outer loop
      vertex -21 15 -9.73205
      vertex -20.8244 27 -9.61803
      vertex -20.8244 15 -9.61803
    endloop
  endfacet
  facet normal 0.544585 0 -0.838705
    outer loop
      vertex -20.8244 27 -9.61803
      vertex -21 15 -9.73205
      vertex -21 27 -9.73205
    endloop
  endfacet
  facet normal 0.933616 0 -0.358275
    outer loop
      vertex -20.0979 15 -8.61803
      vertex -20.1729 27 -8.81347
      vertex -20.0979 27 -8.61803
    endloop
  endfacet
  facet normal 0.933616 0 -0.358275
    outer loop
      vertex -20.1729 27 -8.81347
      vertex -20.0979 15 -8.61803
      vertex -20.1729 15 -8.81347
    endloop
  endfacet
  facet normal 0 1 0
    outer loop
      vertex -21.7909 27 -6.01096
      vertex -22.2091 27 -6.01096
      vertex -22 27 -6
    endloop
  endfacet
  facet normal 0 1 0
    outer loop
      vertex -21.5842 27 -6.0437
      vertex -22.2091 27 -6.01096
      vertex -21.7909 27 -6.01096
    endloop
  endfacet
  facet normal 0 1 0
    outer loop
      vertex -21.5842 27 -6.0437
      vertex -22.4158 27 -6.0437
      vertex -22.2091 27 -6.01096
    endloop
  endfacet
  facet normal 0 1 0
    outer loop
      vertex -21.382 27 -6.09789
      vertex -22.4158 27 -6.0437
      vertex -21.5842 27 -6.0437
    endloop
  endfacet
  facet normal 0 1 0
    outer loop
      vertex -21.382 27 -6.09789
      vertex -22.618 27 -6.09789
      vertex -22.4158 27 -6.0437
    endloop
  endfacet
  facet normal 0 1 0
    outer loop
      vertex -21.1865 27 -6.17291
      vertex -22.618 27 -6.09789
      vertex -21.382 27 -6.09789
    endloop
  endfacet
  facet normal 0 1 0
    outer loop
      vertex -21.1865 27 -6.17291
      vertex -22.8135 27 -6.17291
      vertex -22.618 27 -6.09789
    endloop
  endfacet
  facet normal 0 1 0
    outer loop
      vertex -21 27 -6.26795
      vertex -22.8135 27 -6.17291
      vertex -21.1865 27 -6.17291
    endloop
  endfacet
  facet normal 0 1 0
    outer loop
      vertex -21 27 -6.26795
      vertex -23 27 -6.26795
      vertex -22.8135 27 -6.17291
    endloop
  endfacet
  facet normal 0 1 0
    outer loop
      vertex -20.8244 27 -6.38197
      vertex -23 27 -6.26795
      vertex -21 27 -6.26795
    endloop
  endfacet
  facet normal 0 1 0
    outer loop
      vertex -20.8244 27 -6.38197
      vertex -23.1756 27 -6.38197
      vertex -23 27 -6.26795
    endloop
  endfacet
  facet normal 0 1 0
    outer loop
      vertex -20.6617 27 -6.51371
      vertex -23.1756 27 -6.38197
      vertex -20.8244 27 -6.38197
    endloop
  endfacet
  facet normal 0 1 0
    outer loop
      vertex -20.6617 27 -6.51371
      vertex -23.3383 27 -6.51371
      vertex -23.1756 27 -6.38197
    endloop
  endfacet
  facet normal 0 1 0
    outer loop
      vertex -20.5137 27 -6.66174
      vertex -23.3383 27 -6.51371
      vertex -20.6617 27 -6.51371
    endloop
  endfacet
  facet normal 0 1 0
    outer loop
      vertex -20.5137 27 -6.66174
      vertex -23.4863 27 -6.66174
      vertex -23.3383 27 -6.51371
    endloop
  endfacet
  facet normal 0 1 0
    outer loop
      vertex -20.382 27 -6.82443
      vertex -23.4863 27 -6.66174
      vertex -20.5137 27 -6.66174
    endloop
  endfacet
  facet normal 0 1 0
    outer loop
      vertex -20.382 27 -6.82443
      vertex -23.618 27 -6.82443
      vertex -23.4863 27 -6.66174
    endloop
  endfacet
  facet normal 0 1 0
    outer loop
      vertex -20.268 27 -7
      vertex -23.618 27 -6.82443
      vertex -20.382 27 -6.82443
    endloop
  endfacet
  facet normal 0 1 0
    outer loop
      vertex -20.268 27 -7
      vertex -23.732 27 -7
      vertex -23.618 27 -6.82443
    endloop
  endfacet
  facet normal 0 1 0
    outer loop
      vertex -20.1729 27 -7.18653
      vertex -23.732 27 -7
      vertex -20.268 27 -7
    endloop
  endfacet
  facet normal 0 1 0
    outer loop
      vertex -20.1729 27 -7.18653
      vertex -23.8271 27 -7.18653
      vertex -23.732 27 -7
    endloop
  endfacet
  facet normal 0 1 0
    outer loop
      vertex -20.0979 27 -7.38197
      vertex -23.8271 27 -7.18653
      vertex -20.1729 27 -7.18653
    endloop
  endfacet
  facet normal 0 1 0
    outer loop
      vertex -20.0979 27 -7.38197
      vertex -23.9021 27 -7.38197
      vertex -23.8271 27 -7.18653
    endloop
  endfacet
  facet normal 0 1 0
    outer loop
      vertex -20.0437 27 -7.58418
      vertex -23.9021 27 -7.38197
      vertex -20.0979 27 -7.38197
    endloop
  endfacet
  facet normal 0 1 0
    outer loop
      vertex -20.0437 27 -7.58418
      vertex -23.9563 27 -7.58418
      vertex -23.9021 27 -7.38197
    endloop
  endfacet
  facet normal 0 1 0
    outer loop
      vertex -20.011 27 -7.79094
      vertex -23.9563 27 -7.58418
      vertex -20.0437 27 -7.58418
    endloop
  endfacet
  facet normal 0 1 0
    outer loop
      vertex -20.011 27 -7.79094
      vertex -23.989 27 -7.79094
      vertex -23.9563 27 -7.58418
    endloop
  endfacet
  facet normal 0 1 0
    outer loop
      vertex -20 27 -8
      vertex -23.989 27 -7.79094
      vertex -20.011 27 -7.79094
    endloop
  endfacet
  facet normal 0 1 0
    outer loop
      vertex -20 27 -8
      vertex -24 27 -8
      vertex -23.989 27 -7.79094
    endloop
  endfacet
  facet normal 0 1 -0
    outer loop
      vertex -20.011 27 -8.20906
      vertex -24 27 -8
      vertex -20 27 -8
    endloop
  endfacet
  facet normal 0 1 0
    outer loop
      vertex -20.011 27 -8.20906
      vertex -23.989 27 -8.20906
      vertex -24 27 -8
    endloop
  endfacet
  facet normal 0 1 -0
    outer loop
      vertex -20.0437 27 -8.41582
      vertex -23.989 27 -8.20906
      vertex -20.011 27 -8.20906
    endloop
  endfacet
  facet normal 0 1 0
    outer loop
      vertex -20.0437 27 -8.41582
      vertex -23.9563 27 -8.41582
      vertex -23.989 27 -8.20906
    endloop
  endfacet
  facet normal 0 1 -0
    outer loop
      vertex -20.0979 27 -8.61803
      vertex -23.9563 27 -8.41582
      vertex -20.0437 27 -8.41582
    endloop
  endfacet
  facet normal 0 1 0
    outer loop
      vertex -20.0979 27 -8.61803
      vertex -23.9021 27 -8.61803
      vertex -23.9563 27 -8.41582
    endloop
  endfacet
  facet normal 0 1 -0
    outer loop
      vertex -20.1729 27 -8.81347
      vertex -23.9021 27 -8.61803
      vertex -20.0979 27 -8.61803
    endloop
  endfacet
  facet normal 0 1 0
    outer loop
      vertex -20.1729 27 -8.81347
      vertex -23.8271 27 -8.81347
      vertex -23.9021 27 -8.61803
    endloop
  endfacet
  facet normal 0 1 -0
    outer loop
      vertex -20.268 27 -9
      vertex -23.8271 27 -8.81347
      vertex -20.1729 27 -8.81347
    endloop
  endfacet
  facet normal 0 1 0
    outer loop
      vertex -20.268 27 -9
      vertex -23.732 27 -9
      vertex -23.8271 27 -8.81347
    endloop
  endfacet
  facet normal 0 1 -0
    outer loop
      vertex -20.382 27 -9.17557
      vertex -23.732 27 -9
      vertex -20.268 27 -9
    endloop
  endfacet
  facet normal 0 1 0
    outer loop
      vertex -20.382 27 -9.17557
      vertex -23.618 27 -9.17557
      vertex -23.732 27 -9
    endloop
  endfacet
  facet normal 0 1 -0
    outer loop
      vertex -20.5137 27 -9.33826
      vertex -23.618 27 -9.17557
      vertex -20.382 27 -9.17557
    endloop
  endfacet
  facet normal 0 1 0
    outer loop
      vertex -20.5137 27 -9.33826
      vertex -23.4863 27 -9.33826
      vertex -23.618 27 -9.17557
    endloop
  endfacet
  facet normal 0 1 -0
    outer loop
      vertex -20.6617 27 -9.48629
      vertex -23.4863 27 -9.33826
      vertex -20.5137 27 -9.33826
    endloop
  endfacet
  facet normal 0 1 0
    outer loop
      vertex -20.6617 27 -9.48629
      vertex -23.3383 27 -9.48629
      vertex -23.4863 27 -9.33826
    endloop
  endfacet
  facet normal 0 1 -0
    outer loop
      vertex -20.8244 27 -9.61803
      vertex -23.3383 27 -9.48629
      vertex -20.6617 27 -9.48629
    endloop
  endfacet
  facet normal 0 1 0
    outer loop
      vertex -20.8244 27 -9.61803
      vertex -23.1756 27 -9.61803
      vertex -23.3383 27 -9.48629
    endloop
  endfacet
  facet normal 0 1 -0
    outer loop
      vertex -21 27 -9.73205
      vertex -23.1756 27 -9.61803
      vertex -20.8244 27 -9.61803
    endloop
  endfacet
  facet normal 0 1 0
    outer loop
      vertex -21 27 -9.73205
      vertex -23 27 -9.73205
      vertex -23.1756 27 -9.61803
    endloop
  endfacet
  facet normal 0 1 -0
    outer loop
      vertex -21.1865 27 -9.82709
      vertex -23 27 -9.73205
      vertex -21 27 -9.73205
    endloop
  endfacet
  facet normal 0 1 0
    outer loop
      vertex -21.1865 27 -9.82709
      vertex -22.8135 27 -9.82709
      vertex -23 27 -9.73205
    endloop
  endfacet
  facet normal 0 1 -0
    outer loop
      vertex -21.382 27 -9.90211
      vertex -22.8135 27 -9.82709
      vertex -21.1865 27 -9.82709
    endloop
  endfacet
  facet normal 0 1 0
    outer loop
      vertex -21.382 27 -9.90211
      vertex -22.618 27 -9.90211
      vertex -22.8135 27 -9.82709
    endloop
  endfacet
  facet normal 0 1 -0
    outer loop
      vertex -21.5842 27 -9.9563
      vertex -22.618 27 -9.90211
      vertex -21.382 27 -9.90211
    endloop
  endfacet
  facet normal 0 1 0
    outer loop
      vertex -21.5842 27 -9.9563
      vertex -22.4158 27 -9.9563
      vertex -22.618 27 -9.90211
    endloop
  endfacet
  facet normal 0 1 -0
    outer loop
      vertex -21.7909 27 -9.98904
      vertex -22.4158 27 -9.9563
      vertex -21.5842 27 -9.9563
    endloop
  endfacet
  facet normal 0 1 0
    outer loop
      vertex -21.7909 27 -9.98904
      vertex -22.2091 27 -9.98904
      vertex -22.4158 27 -9.9563
    endloop
  endfacet
  facet normal -0 1 0
    outer loop
      vertex -22.2091 27 -9.98904
      vertex -21.7909 27 -9.98904
      vertex -22 27 -10
    endloop
  endfacet
  facet normal -0.0523433 0 -0.998629
    outer loop
      vertex -22.2091 15 -9.98904
      vertex -22 27 -10
      vertex -22 15 -10
    endloop
  endfacet
  facet normal -0.0523433 0 -0.998629
    outer loop
      vertex -22 27 -10
      vertex -22.2091 15 -9.98904
      vertex -22.2091 27 -9.98904
    endloop
  endfacet
  facet normal -0.998619 0 0.0525438
    outer loop
      vertex -24 15 -8
      vertex -23.989 27 -7.79094
      vertex -24 27 -8
    endloop
  endfacet
  facet normal -0.998619 0 0.0525438
    outer loop
      vertex -23.989 27 -7.79094
      vertex -24 15 -8
      vertex -23.989 15 -7.79094
    endloop
  endfacet
  facet normal -0.358262 0 -0.933621
    outer loop
      vertex -22.8135 15 -9.82709
      vertex -22.618 27 -9.90211
      vertex -22.618 15 -9.90211
    endloop
  endfacet
  facet normal -0.358262 0 -0.933621
    outer loop
      vertex -22.618 27 -9.90211
      vertex -22.8135 15 -9.82709
      vertex -22.8135 27 -9.82709
    endloop
  endfacet
  facet normal -0.544585 0 -0.838705
    outer loop
      vertex -23.1756 15 -9.61803
      vertex -23 27 -9.73205
      vertex -23 15 -9.73205
    endloop
  endfacet
  facet normal -0.544585 0 -0.838705
    outer loop
      vertex -23 27 -9.73205
      vertex -23.1756 15 -9.61803
      vertex -23.1756 27 -9.61803
    endloop
  endfacet
  facet normal 0.707178 0 -0.707035
    outer loop
      vertex -20.6617 15 -9.48629
      vertex -20.5137 27 -9.33826
      vertex -20.5137 15 -9.33826
    endloop
  endfacet
  facet normal 0.707178 0 -0.707035
    outer loop
      vertex -20.5137 27 -9.33826
      vertex -20.6617 15 -9.48629
      vertex -20.6617 27 -9.48629
    endloop
  endfacet
  facet normal 0.987694 0 -0.156396
    outer loop
      vertex 31.9452 -25 -9.04528
      vertex 31.7815 -17 -10.0791
      vertex 31.9452 -17 -9.04528
    endloop
  endfacet
  facet normal 0.987694 0 -0.156396
    outer loop
      vertex 31.7815 -17 -10.0791
      vertex 31.9452 -25 -9.04528
      vertex 31.7815 -25 -10.0791
    endloop
  endfacet
  facet normal 0.987695 -0 0.156393
    outer loop
      vertex 31.7815 -25 -5.92088
      vertex 31.9452 -17 -6.95472
      vertex 31.7815 -17 -5.92088
    endloop
  endfacet
  facet normal 0.987695 0 0.156393
    outer loop
      vertex 31.9452 -17 -6.95472
      vertex 31.7815 -25 -5.92088
      vertex 31.9452 -25 -6.95472
    endloop
  endfacet
  facet normal 0.998629 -0 0.0523542
    outer loop
      vertex 31.9452 -25 -6.95472
      vertex 32 -17 -8
      vertex 31.9452 -17 -6.95472
    endloop
  endfacet
  facet normal 0.998629 0 0.0523542
    outer loop
      vertex 32 -17 -8
      vertex 31.9452 -25 -6.95472
      vertex 32 -25 -8
    endloop
  endfacet
  facet normal 0.965928 -0 0.25881
    outer loop
      vertex 31.5106 -25 -4.90983
      vertex 31.7815 -17 -5.92088
      vertex 31.5106 -17 -4.90983
    endloop
  endfacet
  facet normal 0.965928 0 0.25881
    outer loop
      vertex 31.7815 -17 -5.92088
      vertex 31.5106 -25 -4.90983
      vertex 31.7815 -25 -5.92088
    endloop
  endfacet
  facet normal 0.838663 -0 0.544651
    outer loop
      vertex 30.0902 -25 -2.12215
      vertex 30.6603 -17 -3
      vertex 30.0902 -17 -2.12215
    endloop
  endfacet
  facet normal 0.838663 0 0.544651
    outer loop
      vertex 30.6603 -17 -3
      vertex 30.0902 -25 -2.12215
      vertex 30.6603 -25 -3
    endloop
  endfacet
  facet normal -0.0523342 0 0.99863
    outer loop
      vertex 20.9547 -17 1.94522
      vertex 22 -25 2
      vertex 22 -17 2
    endloop
  endfacet
  facet normal -0.0523342 0 0.99863
    outer loop
      vertex 22 -25 2
      vertex 20.9547 -17 1.94522
      vertex 20.9547 -25 1.94522
    endloop
  endfacet
  facet normal 0.998629 0 -0.0523542
    outer loop
      vertex 32 -25 -8
      vertex 31.9452 -17 -9.04528
      vertex 32 -17 -8
    endloop
  endfacet
  facet normal 0.998629 0 -0.0523542
    outer loop
      vertex 31.9452 -17 -9.04528
      vertex 32 -25 -8
      vertex 31.9452 -25 -9.04528
    endloop
  endfacet
  facet normal 0.777112 -0 0.629363
    outer loop
      vertex 29.4314 -25 -1.30869
      vertex 30.0902 -17 -2.12215
      vertex 29.4314 -17 -1.30869
    endloop
  endfacet
  facet normal 0.777112 0 0.629363
    outer loop
      vertex 30.0902 -17 -2.12215
      vertex 29.4314 -25 -1.30869
      vertex 30.0902 -25 -2.12215
    endloop
  endfacet
  facet normal -0.987694 0 -0.156396
    outer loop
      vertex 12.2185 -25 -10.0791
      vertex 12.0548 -17 -9.04528
      vertex 12.2185 -17 -10.0791
    endloop
  endfacet
  facet normal -0.987694 -0 -0.156396
    outer loop
      vertex 12.0548 -17 -9.04528
      vertex 12.2185 -25 -10.0791
      vertex 12.0548 -25 -9.04528
    endloop
  endfacet
  facet normal -0.891006 0 0.453991
    outer loop
      vertex 12.8645 -25 -3.93263
      vertex 13.3397 -17 -3
      vertex 12.8645 -17 -3.93263
    endloop
  endfacet
  facet normal -0.891006 0 0.453991
    outer loop
      vertex 13.3397 -17 -3
      vertex 12.8645 -25 -3.93263
      vertex 13.3397 -25 -3
    endloop
  endfacet
  facet normal 0.258816 0 0.965927
    outer loop
      vertex 24.0791 -17 1.78148
      vertex 25.0902 -25 1.51056
      vertex 25.0902 -17 1.51056
    endloop
  endfacet
  facet normal 0.258816 0 0.965927
    outer loop
      vertex 25.0902 -25 1.51056
      vertex 24.0791 -17 1.78148
      vertex 24.0791 -25 1.78148
    endloop
  endfacet
  facet normal 0.358366 0 0.933581
    outer loop
      vertex 25.0902 -17 1.51056
      vertex 26.0674 -25 1.13545
      vertex 26.0674 -17 1.13545
    endloop
  endfacet
  facet normal 0.358366 0 0.933581
    outer loop
      vertex 26.0674 -25 1.13545
      vertex 25.0902 -17 1.51056
      vertex 25.0902 -25 1.51056
    endloop
  endfacet
  facet normal -0.965931 0 -0.258798
    outer loop
      vertex 12.4894 -25 -11.0902
      vertex 12.2185 -17 -10.0791
      vertex 12.4894 -17 -11.0902
    endloop
  endfacet
  facet normal -0.965931 -0 -0.258798
    outer loop
      vertex 12.2185 -17 -10.0791
      vertex 12.4894 -25 -11.0902
      vertex 12.2185 -25 -10.0791
    endloop
  endfacet
  facet normal 0.629346 0 0.777126
    outer loop
      vertex 27.8779 -17 0.0901699
      vertex 28.6913 -25 -0.568552
      vertex 28.6913 -17 -0.568552
    endloop
  endfacet
  facet normal 0.629346 0 0.777126
    outer loop
      vertex 28.6913 -25 -0.568552
      vertex 27.8779 -17 0.0901699
      vertex 27.8779 -25 0.0901699
    endloop
  endfacet
  facet normal 0.358358 0 -0.933584
    outer loop
      vertex 25.0902 -25 -17.5106
      vertex 26.0674 -17 -17.1355
      vertex 26.0674 -25 -17.1355
    endloop
  endfacet
  facet normal 0.358358 0 -0.933584
    outer loop
      vertex 26.0674 -17 -17.1355
      vertex 25.0902 -25 -17.5106
      vertex 25.0902 -17 -17.5106
    endloop
  endfacet
  facet normal -0.777112 0 0.629363
    outer loop
      vertex 13.9098 -25 -2.12215
      vertex 14.5686 -17 -1.30869
      vertex 13.9098 -17 -2.12215
    endloop
  endfacet
  facet normal -0.777112 0 0.629363
    outer loop
      vertex 14.5686 -17 -1.30869
      vertex 13.9098 -25 -2.12215
      vertex 14.5686 -25 -1.30869
    endloop
  endfacet
  facet normal -0.258816 0 0.965927
    outer loop
      vertex 18.9098 -17 1.51056
      vertex 19.9209 -25 1.78148
      vertex 19.9209 -17 1.78148
    endloop
  endfacet
  facet normal -0.258816 0 0.965927
    outer loop
      vertex 19.9209 -25 1.78148
      vertex 18.9098 -17 1.51056
      vertex 18.9098 -25 1.51056
    endloop
  endfacet
  facet normal -0.707125 0 0.707089
    outer loop
      vertex 14.5686 -25 -1.30869
      vertex 15.3087 -17 -0.568552
      vertex 14.5686 -17 -1.30869
    endloop
  endfacet
  facet normal -0.707125 0 0.707089
    outer loop
      vertex 15.3087 -17 -0.568552
      vertex 14.5686 -25 -1.30869
      vertex 15.3087 -25 -0.568552
    endloop
  endfacet
  facet normal -0.544618 0 0.838684
    outer loop
      vertex 16.1221 -17 0.0901699
      vertex 17 -25 0.660254
      vertex 17 -17 0.660254
    endloop
  endfacet
  facet normal -0.544618 0 0.838684
    outer loop
      vertex 17 -25 0.660254
      vertex 16.1221 -17 0.0901699
      vertex 16.1221 -25 0.0901699
    endloop
  endfacet
  facet normal 0.965931 0 -0.258798
    outer loop
      vertex 31.7815 -25 -10.0791
      vertex 31.5106 -17 -11.0902
      vertex 31.7815 -17 -10.0791
    endloop
  endfacet
  facet normal 0.965931 0 -0.258798
    outer loop
      vertex 31.5106 -17 -11.0902
      vertex 31.7815 -25 -10.0791
      vertex 31.5106 -25 -11.0902
    endloop
  endfacet
  facet normal 0.0523532 0 -0.998629
    outer loop
      vertex 22 -25 -18
      vertex 23.0453 -17 -17.9452
      vertex 23.0453 -25 -17.9452
    endloop
  endfacet
  facet normal 0.0523532 0 -0.998629
    outer loop
      vertex 23.0453 -17 -17.9452
      vertex 22 -25 -18
      vertex 22 -17 -18
    endloop
  endfacet
  facet normal 0.544618 0 0.838684
    outer loop
      vertex 27 -17 0.660254
      vertex 27.8779 -25 0.0901699
      vertex 27.8779 -17 0.0901699
    endloop
  endfacet
  facet normal 0.544618 0 0.838684
    outer loop
      vertex 27.8779 -25 0.0901699
      vertex 27 -17 0.660254
      vertex 27 -25 0.660254
    endloop
  endfacet
  facet normal -0.838677 0 -0.544629
    outer loop
      vertex 13.9098 -25 -13.8779
      vertex 13.3397 -17 -13
      vertex 13.9098 -17 -13.8779
    endloop
  endfacet
  facet normal -0.838677 -0 -0.544629
    outer loop
      vertex 13.3397 -17 -13
      vertex 13.9098 -25 -13.8779
      vertex 13.3397 -25 -13
    endloop
  endfacet
  facet normal 0.156399 0 -0.987694
    outer loop
      vertex 23.0453 -25 -17.9452
      vertex 24.0791 -17 -17.7815
      vertex 24.0791 -25 -17.7815
    endloop
  endfacet
  facet normal 0.156399 0 -0.987694
    outer loop
      vertex 24.0791 -17 -17.7815
      vertex 23.0453 -25 -17.9452
      vertex 23.0453 -17 -17.9452
    endloop
  endfacet
  facet normal -0.156399 0 -0.987694
    outer loop
      vertex 19.9209 -25 -17.7815
      vertex 20.9547 -17 -17.9452
      vertex 20.9547 -25 -17.9452
    endloop
  endfacet
  facet normal -0.156399 0 -0.987694
    outer loop
      vertex 20.9547 -17 -17.9452
      vertex 19.9209 -25 -17.7815
      vertex 19.9209 -17 -17.7815
    endloop
  endfacet
  facet normal -0.454003 0 -0.891
    outer loop
      vertex 17 -25 -16.6603
      vertex 17.9326 -17 -17.1355
      vertex 17.9326 -25 -17.1355
    endloop
  endfacet
  facet normal -0.454003 0 -0.891
    outer loop
      vertex 17.9326 -17 -17.1355
      vertex 17 -25 -16.6603
      vertex 17 -17 -16.6603
    endloop
  endfacet
  facet normal 0 -1 0
    outer loop
      vertex 20.9547 -25 1.94522
      vertex 21.4774 -25 -3.02739
      vertex 22 -25 -3
    endloop
  endfacet
  facet normal 0 -1 0
    outer loop
      vertex 13.9098 -25 -2.12215
      vertex 20.9604 -25 -3.10926
      vertex 21.4774 -25 -3.02739
    endloop
  endfacet
  facet normal 0 -1 0
    outer loop
      vertex 13.9098 -25 -2.12215
      vertex 20.4549 -25 -3.24472
      vertex 20.9604 -25 -3.10926
    endloop
  endfacet
  facet normal 0 -1 0
    outer loop
      vertex 13.9098 -25 -2.12215
      vertex 19.9663 -25 -3.43227
      vertex 20.4549 -25 -3.24472
    endloop
  endfacet
  facet normal 0 -1 0
    outer loop
      vertex 13.9098 -25 -2.12215
      vertex 19.5 -25 -3.66987
      vertex 19.9663 -25 -3.43227
    endloop
  endfacet
  facet normal 0 -1 0
    outer loop
      vertex 17.6699 -25 -5.5
      vertex 13.3397 -25 -3
      vertex 12.8645 -25 -3.93263
    endloop
  endfacet
  facet normal 0 -1 0
    outer loop
      vertex 13.9098 -25 -2.12215
      vertex 19.0611 -25 -3.95492
      vertex 19.5 -25 -3.66987
    endloop
  endfacet
  facet normal 0 -1 0
    outer loop
      vertex 13.9098 -25 -2.12215
      vertex 18.6543 -25 -4.28428
      vertex 19.0611 -25 -3.95492
    endloop
  endfacet
  facet normal 0 -1 0
    outer loop
      vertex 13.9098 -25 -2.12215
      vertex 18.2843 -25 -4.65435
      vertex 18.6543 -25 -4.28428
    endloop
  endfacet
  facet normal 0 -1 0
    outer loop
      vertex 17.4323 -25 -5.96632
      vertex 12.8645 -25 -3.93263
      vertex 12.4894 -25 -4.90983
    endloop
  endfacet
  facet normal 0 -1 0
    outer loop
      vertex 13.9098 -25 -2.12215
      vertex 17.9549 -25 -5.06107
      vertex 18.2843 -25 -4.65435
    endloop
  endfacet
  facet normal 0 -1 0
    outer loop
      vertex 13.3397 -25 -3
      vertex 17.6699 -25 -5.5
      vertex 17.9549 -25 -5.06107
    endloop
  endfacet
  facet normal 0 -1 0
    outer loop
      vertex 17.2447 -25 -6.45492
      vertex 12.4894 -25 -4.90983
      vertex 12.2185 -25 -5.92088
    endloop
  endfacet
  facet normal 0 -1 0
    outer loop
      vertex 12.8645 -25 -3.93263
      vertex 17.4323 -25 -5.96632
      vertex 17.6699 -25 -5.5
    endloop
  endfacet
  facet normal 0 -1 0
    outer loop
      vertex 12.4894 -25 -4.90983
      vertex 17.2447 -25 -6.45492
      vertex 17.4323 -25 -5.96632
    endloop
  endfacet
  facet normal 0 -1 0
    outer loop
      vertex 17.1093 -25 -6.96044
      vertex 12.2185 -25 -5.92088
      vertex 12.0548 -25 -6.95472
    endloop
  endfacet
  facet normal 0 -1 0
    outer loop
      vertex 12.2185 -25 -5.92088
      vertex 17.1093 -25 -6.96044
      vertex 17.2447 -25 -6.45492
    endloop
  endfacet
  facet normal 0 -1 0
    outer loop
      vertex 12.0548 -25 -6.95472
      vertex 17.0274 -25 -7.47736
      vertex 17.1093 -25 -6.96044
    endloop
  endfacet
  facet normal 0 -1 0
    outer loop
      vertex 12 -25 -8
      vertex 17.0274 -25 -7.47736
      vertex 12.0548 -25 -6.95472
    endloop
  endfacet
  facet normal 0 -1 0
    outer loop
      vertex 12 -25 -8
      vertex 17 -25 -8
      vertex 17.0274 -25 -7.47736
    endloop
  endfacet
  facet normal 0 -1 0
    outer loop
      vertex 12 -25 -8
      vertex 17.0274 -25 -8.52264
      vertex 17 -25 -8
    endloop
  endfacet
  facet normal 0 -1 0
    outer loop
      vertex 12.0548 -25 -9.04528
      vertex 17.0274 -25 -8.52264
      vertex 12 -25 -8
    endloop
  endfacet
  facet normal 0 -1 -0
    outer loop
      vertex 17.0274 -25 -8.52264
      vertex 12.0548 -25 -9.04528
      vertex 17.1093 -25 -9.03956
    endloop
  endfacet
  facet normal 0 -1 0
    outer loop
      vertex 12.2185 -25 -10.0791
      vertex 17.1093 -25 -9.03956
      vertex 12.0548 -25 -9.04528
    endloop
  endfacet
  facet normal 0 -1 -0
    outer loop
      vertex 17.1093 -25 -9.03956
      vertex 12.2185 -25 -10.0791
      vertex 17.2447 -25 -9.54508
    endloop
  endfacet
  facet normal 0 -1 0
    outer loop
      vertex 12.4894 -25 -11.0902
      vertex 17.2447 -25 -9.54508
      vertex 12.2185 -25 -10.0791
    endloop
  endfacet
  facet normal 0 -1 -0
    outer loop
      vertex 17.2447 -25 -9.54508
      vertex 12.4894 -25 -11.0902
      vertex 17.4323 -25 -10.0337
    endloop
  endfacet
  facet normal 0 -1 0
    outer loop
      vertex 12.8645 -25 -12.0674
      vertex 17.4323 -25 -10.0337
      vertex 12.4894 -25 -11.0902
    endloop
  endfacet
  facet normal 0 -1 -0
    outer loop
      vertex 17.4323 -25 -10.0337
      vertex 12.8645 -25 -12.0674
      vertex 17.6699 -25 -10.5
    endloop
  endfacet
  facet normal 0 -1 0
    outer loop
      vertex 13.3397 -25 -13
      vertex 17.6699 -25 -10.5
      vertex 12.8645 -25 -12.0674
    endloop
  endfacet
  facet normal 0 -1 -0
    outer loop
      vertex 17.6699 -25 -10.5
      vertex 13.3397 -25 -13
      vertex 17.9549 -25 -10.9389
    endloop
  endfacet
  facet normal 0 -1 0
    outer loop
      vertex 13.9098 -25 -13.8779
      vertex 17.9549 -25 -10.9389
      vertex 13.3397 -25 -13
    endloop
  endfacet
  facet normal 0 -1 -0
    outer loop
      vertex 17.9549 -25 -10.9389
      vertex 13.9098 -25 -13.8779
      vertex 18.2843 -25 -11.3457
    endloop
  endfacet
  facet normal 0 -1 0
    outer loop
      vertex 14.5686 -25 -14.6913
      vertex 18.2843 -25 -11.3457
      vertex 13.9098 -25 -13.8779
    endloop
  endfacet
  facet normal 0 -1 -0
    outer loop
      vertex 18.2843 -25 -11.3457
      vertex 14.5686 -25 -14.6913
      vertex 18.6543 -25 -11.7157
    endloop
  endfacet
  facet normal 0 -1 0
    outer loop
      vertex 15.3087 -25 -15.4314
      vertex 18.6543 -25 -11.7157
      vertex 14.5686 -25 -14.6913
    endloop
  endfacet
  facet normal 0 -1 -0
    outer loop
      vertex 18.6543 -25 -11.7157
      vertex 15.3087 -25 -15.4314
      vertex 19.0611 -25 -12.0451
    endloop
  endfacet
  facet normal 0 -1 0
    outer loop
      vertex 16.1221 -25 -16.0902
      vertex 19.0611 -25 -12.0451
      vertex 15.3087 -25 -15.4314
    endloop
  endfacet
  facet normal 0 -1 -0
    outer loop
      vertex 19.0611 -25 -12.0451
      vertex 16.1221 -25 -16.0902
      vertex 19.5 -25 -12.3301
    endloop
  endfacet
  facet normal 0 -1 0
    outer loop
      vertex 17 -25 -16.6603
      vertex 19.5 -25 -12.3301
      vertex 16.1221 -25 -16.0902
    endloop
  endfacet
  facet normal 0 -1 -0
    outer loop
      vertex 19.5 -25 -12.3301
      vertex 17 -25 -16.6603
      vertex 19.9663 -25 -12.5677
    endloop
  endfacet
  facet normal 0 -1 0
    outer loop
      vertex 17.9326 -25 -17.1355
      vertex 19.9663 -25 -12.5677
      vertex 17 -25 -16.6603
    endloop
  endfacet
  facet normal 0 -1 0
    outer loop
      vertex 22 -25 -13
      vertex 30.0902 -25 -13.8779
      vertex 30.6603 -25 -13
    endloop
  endfacet
  facet normal 0 -1 -0
    outer loop
      vertex 19.9663 -25 -12.5677
      vertex 17.9326 -25 -17.1355
      vertex 20.4549 -25 -12.7553
    endloop
  endfacet
  facet normal 0 -1 0
    outer loop
      vertex 22 -25 -13
      vertex 29.4314 -25 -14.6913
      vertex 30.0902 -25 -13.8779
    endloop
  endfacet
  facet normal 0 -1 0
    outer loop
      vertex 18.9098 -25 -17.5106
      vertex 20.4549 -25 -12.7553
      vertex 17.9326 -25 -17.1355
    endloop
  endfacet
  facet normal 0 -1 0
    outer loop
      vertex 22 -25 -13
      vertex 28.6913 -25 -15.4314
      vertex 29.4314 -25 -14.6913
    endloop
  endfacet
  facet normal 0 -1 -0
    outer loop
      vertex 20.4549 -25 -12.7553
      vertex 18.9098 -25 -17.5106
      vertex 20.9604 -25 -12.8907
    endloop
  endfacet
  facet normal 0 -1 0
    outer loop
      vertex 22 -25 -13
      vertex 27.8779 -25 -16.0902
      vertex 28.6913 -25 -15.4314
    endloop
  endfacet
  facet normal 0 -1 0
    outer loop
      vertex 19.9209 -25 -17.7815
      vertex 20.9604 -25 -12.8907
      vertex 18.9098 -25 -17.5106
    endloop
  endfacet
  facet normal 0 -1 0
    outer loop
      vertex 22 -25 -13
      vertex 27 -25 -16.6603
      vertex 27.8779 -25 -16.0902
    endloop
  endfacet
  facet normal 0 -1 -0
    outer loop
      vertex 20.9604 -25 -12.8907
      vertex 19.9209 -25 -17.7815
      vertex 21.4774 -25 -12.9726
    endloop
  endfacet
  facet normal 0 -1 0
    outer loop
      vertex 22 -25 -13
      vertex 26.0674 -25 -17.1355
      vertex 27 -25 -16.6603
    endloop
  endfacet
  facet normal 0 -1 0
    outer loop
      vertex 20.9547 -25 -17.9452
      vertex 21.4774 -25 -12.9726
      vertex 19.9209 -25 -17.7815
    endloop
  endfacet
  facet normal 0 -1 0
    outer loop
      vertex 22 -25 -13
      vertex 25.0902 -25 -17.5106
      vertex 26.0674 -25 -17.1355
    endloop
  endfacet
  facet normal 0 -1 -0
    outer loop
      vertex 21.4774 -25 -12.9726
      vertex 20.9547 -25 -17.9452
      vertex 22 -25 -13
    endloop
  endfacet
  facet normal 0 -1 0
    outer loop
      vertex 22 -25 -13
      vertex 24.0791 -25 -17.7815
      vertex 25.0902 -25 -17.5106
    endloop
  endfacet
  facet normal 0 -1 0
    outer loop
      vertex 22 -25 -18
      vertex 22 -25 -13
      vertex 20.9547 -25 -17.9452
    endloop
  endfacet
  facet normal 0 -1 0
    outer loop
      vertex 22 -25 -13
      vertex 23.0453 -25 -17.9452
      vertex 24.0791 -25 -17.7815
    endloop
  endfacet
  facet normal 0 -1 0
    outer loop
      vertex 22 -25 -13
      vertex 22 -25 -18
      vertex 23.0453 -25 -17.9452
    endloop
  endfacet
  facet normal 0 -1 0
    outer loop
      vertex 22 -25 -3
      vertex 22 -25 2
      vertex 20.9547 -25 1.94522
    endloop
  endfacet
  facet normal 0 -1 0
    outer loop
      vertex 21.4774 -25 -3.02739
      vertex 20.9547 -25 1.94522
      vertex 19.9209 -25 1.78148
    endloop
  endfacet
  facet normal 0 -1 0
    outer loop
      vertex 22 -25 2
      vertex 22 -25 -3
      vertex 23.0453 -25 1.94522
    endloop
  endfacet
  facet normal 0 -1 0
    outer loop
      vertex 21.4774 -25 -3.02739
      vertex 19.9209 -25 1.78148
      vertex 18.9098 -25 1.51056
    endloop
  endfacet
  facet normal 0 -1 0
    outer loop
      vertex 22.5226 -25 -3.02739
      vertex 23.0453 -25 1.94522
      vertex 22 -25 -3
    endloop
  endfacet
  facet normal 0 -1 0
    outer loop
      vertex 21.4774 -25 -3.02739
      vertex 18.9098 -25 1.51056
      vertex 17.9326 -25 1.13545
    endloop
  endfacet
  facet normal 0 -1 -0
    outer loop
      vertex 23.0453 -25 1.94522
      vertex 22.5226 -25 -3.02739
      vertex 24.0791 -25 1.78148
    endloop
  endfacet
  facet normal 0 -1 0
    outer loop
      vertex 21.4774 -25 -3.02739
      vertex 17.9326 -25 1.13545
      vertex 17 -25 0.660254
    endloop
  endfacet
  facet normal 0 -1 0
    outer loop
      vertex 23.0396 -25 -3.10926
      vertex 24.0791 -25 1.78148
      vertex 22.5226 -25 -3.02739
    endloop
  endfacet
  facet normal 0 -1 0
    outer loop
      vertex 21.4774 -25 -3.02739
      vertex 17 -25 0.660254
      vertex 16.1221 -25 0.0901699
    endloop
  endfacet
  facet normal 0 -1 -0
    outer loop
      vertex 24.0791 -25 1.78148
      vertex 23.0396 -25 -3.10926
      vertex 25.0902 -25 1.51056
    endloop
  endfacet
  facet normal 0 -1 0
    outer loop
      vertex 21.4774 -25 -3.02739
      vertex 16.1221 -25 0.0901699
      vertex 15.3087 -25 -0.568552
    endloop
  endfacet
  facet normal 0 -1 0
    outer loop
      vertex 23.5451 -25 -3.24472
      vertex 25.0902 -25 1.51056
      vertex 23.0396 -25 -3.10926
    endloop
  endfacet
  facet normal 0 -1 0
    outer loop
      vertex 21.4774 -25 -3.02739
      vertex 15.3087 -25 -0.568552
      vertex 14.5686 -25 -1.30869
    endloop
  endfacet
  facet normal 0 -1 -0
    outer loop
      vertex 25.0902 -25 1.51056
      vertex 23.5451 -25 -3.24472
      vertex 26.0674 -25 1.13545
    endloop
  endfacet
  facet normal 0 -1 0
    outer loop
      vertex 21.4774 -25 -3.02739
      vertex 14.5686 -25 -1.30869
      vertex 13.9098 -25 -2.12215
    endloop
  endfacet
  facet normal 0 -1 0
    outer loop
      vertex 24.0337 -25 -3.43227
      vertex 26.0674 -25 1.13545
      vertex 23.5451 -25 -3.24472
    endloop
  endfacet
  facet normal 0 -1 0
    outer loop
      vertex 17.9549 -25 -5.06107
      vertex 13.9098 -25 -2.12215
      vertex 13.3397 -25 -3
    endloop
  endfacet
  facet normal 0 -1 -0
    outer loop
      vertex 26.0674 -25 1.13545
      vertex 24.0337 -25 -3.43227
      vertex 27 -25 0.660254
    endloop
  endfacet
  facet normal 0 -1 0
    outer loop
      vertex 24.5 -25 -3.66987
      vertex 27 -25 0.660254
      vertex 24.0337 -25 -3.43227
    endloop
  endfacet
  facet normal 0 -1 -0
    outer loop
      vertex 27 -25 0.660254
      vertex 24.5 -25 -3.66987
      vertex 27.8779 -25 0.0901699
    endloop
  endfacet
  facet normal 0 -1 0
    outer loop
      vertex 24.9389 -25 -3.95492
      vertex 27.8779 -25 0.0901699
      vertex 24.5 -25 -3.66987
    endloop
  endfacet
  facet normal 0 -1 -0
    outer loop
      vertex 27.8779 -25 0.0901699
      vertex 24.9389 -25 -3.95492
      vertex 28.6913 -25 -0.568552
    endloop
  endfacet
  facet normal 0 -1 0
    outer loop
      vertex 25.3457 -25 -4.28428
      vertex 28.6913 -25 -0.568552
      vertex 24.9389 -25 -3.95492
    endloop
  endfacet
  facet normal 0 -1 -0
    outer loop
      vertex 28.6913 -25 -0.568552
      vertex 25.3457 -25 -4.28428
      vertex 29.4314 -25 -1.30869
    endloop
  endfacet
  facet normal 0 -1 0
    outer loop
      vertex 25.7157 -25 -4.65435
      vertex 29.4314 -25 -1.30869
      vertex 25.3457 -25 -4.28428
    endloop
  endfacet
  facet normal 0 -1 -0
    outer loop
      vertex 29.4314 -25 -1.30869
      vertex 25.7157 -25 -4.65435
      vertex 30.0902 -25 -2.12215
    endloop
  endfacet
  facet normal 0 -1 0
    outer loop
      vertex 26.0451 -25 -5.06107
      vertex 30.0902 -25 -2.12215
      vertex 25.7157 -25 -4.65435
    endloop
  endfacet
  facet normal 0 -1 -0
    outer loop
      vertex 30.0902 -25 -2.12215
      vertex 26.0451 -25 -5.06107
      vertex 30.6603 -25 -3
    endloop
  endfacet
  facet normal 0 -1 0
    outer loop
      vertex 26.3301 -25 -5.5
      vertex 30.6603 -25 -3
      vertex 26.0451 -25 -5.06107
    endloop
  endfacet
  facet normal 0 -1 -0
    outer loop
      vertex 30.6603 -25 -3
      vertex 26.3301 -25 -5.5
      vertex 31.1355 -25 -3.93263
    endloop
  endfacet
  facet normal 0 -1 0
    outer loop
      vertex 26.5677 -25 -5.96632
      vertex 31.1355 -25 -3.93263
      vertex 26.3301 -25 -5.5
    endloop
  endfacet
  facet normal 0 -1 -0
    outer loop
      vertex 31.1355 -25 -3.93263
      vertex 26.5677 -25 -5.96632
      vertex 31.5106 -25 -4.90983
    endloop
  endfacet
  facet normal 0 -1 0
    outer loop
      vertex 26.7553 -25 -6.45492
      vertex 31.5106 -25 -4.90983
      vertex 26.5677 -25 -5.96632
    endloop
  endfacet
  facet normal 0 -1 -0
    outer loop
      vertex 31.5106 -25 -4.90983
      vertex 26.7553 -25 -6.45492
      vertex 31.7815 -25 -5.92088
    endloop
  endfacet
  facet normal 0 -1 0
    outer loop
      vertex 26.8907 -25 -6.96044
      vertex 31.7815 -25 -5.92088
      vertex 26.7553 -25 -6.45492
    endloop
  endfacet
  facet normal 0 -1 -0
    outer loop
      vertex 31.7815 -25 -5.92088
      vertex 26.8907 -25 -6.96044
      vertex 31.9452 -25 -6.95472
    endloop
  endfacet
  facet normal 0 -1 0
    outer loop
      vertex 26.9726 -25 -7.47736
      vertex 31.9452 -25 -6.95472
      vertex 26.8907 -25 -6.96044
    endloop
  endfacet
  facet normal 0 -1 0
    outer loop
      vertex 27 -25 -8
      vertex 31.9452 -25 -6.95472
      vertex 26.9726 -25 -7.47736
    endloop
  endfacet
  facet normal 0 -1 0
    outer loop
      vertex 27 -25 -8
      vertex 32 -25 -8
      vertex 31.9452 -25 -6.95472
    endloop
  endfacet
  facet normal 0 -1 0
    outer loop
      vertex 26.9726 -25 -8.52264
      vertex 32 -25 -8
      vertex 27 -25 -8
    endloop
  endfacet
  facet normal 0 -1 0
    outer loop
      vertex 31.9452 -25 -9.04528
      vertex 26.9726 -25 -8.52264
      vertex 26.8907 -25 -9.03956
    endloop
  endfacet
  facet normal 0 -1 0
    outer loop
      vertex 26.9726 -25 -8.52264
      vertex 31.9452 -25 -9.04528
      vertex 32 -25 -8
    endloop
  endfacet
  facet normal 0 -1 0
    outer loop
      vertex 31.7815 -25 -10.0791
      vertex 26.8907 -25 -9.03956
      vertex 26.7553 -25 -9.54508
    endloop
  endfacet
  facet normal 0 -1 0
    outer loop
      vertex 31.5106 -25 -11.0902
      vertex 26.7553 -25 -9.54508
      vertex 26.5677 -25 -10.0337
    endloop
  endfacet
  facet normal 0 -1 0
    outer loop
      vertex 26.8907 -25 -9.03956
      vertex 31.7815 -25 -10.0791
      vertex 31.9452 -25 -9.04528
    endloop
  endfacet
  facet normal 0 -1 0
    outer loop
      vertex 31.1355 -25 -12.0674
      vertex 26.5677 -25 -10.0337
      vertex 26.3301 -25 -10.5
    endloop
  endfacet
  facet normal 0 -1 0
    outer loop
      vertex 30.6603 -25 -13
      vertex 26.3301 -25 -10.5
      vertex 26.0451 -25 -10.9389
    endloop
  endfacet
  facet normal 0 -1 0
    outer loop
      vertex 26.7553 -25 -9.54508
      vertex 31.5106 -25 -11.0902
      vertex 31.7815 -25 -10.0791
    endloop
  endfacet
  facet normal 0 -1 0
    outer loop
      vertex 30.6603 -25 -13
      vertex 26.0451 -25 -10.9389
      vertex 25.7157 -25 -11.3457
    endloop
  endfacet
  facet normal 0 -1 0
    outer loop
      vertex 30.6603 -25 -13
      vertex 25.7157 -25 -11.3457
      vertex 25.3457 -25 -11.7157
    endloop
  endfacet
  facet normal 0 -1 0
    outer loop
      vertex 30.6603 -25 -13
      vertex 25.3457 -25 -11.7157
      vertex 24.9389 -25 -12.0451
    endloop
  endfacet
  facet normal 0 -1 0
    outer loop
      vertex 26.5677 -25 -10.0337
      vertex 31.1355 -25 -12.0674
      vertex 31.5106 -25 -11.0902
    endloop
  endfacet
  facet normal 0 -1 0
    outer loop
      vertex 30.6603 -25 -13
      vertex 24.9389 -25 -12.0451
      vertex 24.5 -25 -12.3301
    endloop
  endfacet
  facet normal 0 -1 0
    outer loop
      vertex 30.6603 -25 -13
      vertex 24.5 -25 -12.3301
      vertex 24.0337 -25 -12.5677
    endloop
  endfacet
  facet normal 0 -1 0
    outer loop
      vertex 30.6603 -25 -13
      vertex 24.0337 -25 -12.5677
      vertex 23.5451 -25 -12.7553
    endloop
  endfacet
  facet normal 0 -1 0
    outer loop
      vertex 30.6603 -25 -13
      vertex 23.5451 -25 -12.7553
      vertex 23.0396 -25 -12.8907
    endloop
  endfacet
  facet normal 0 -1 0
    outer loop
      vertex 30.6603 -25 -13
      vertex 23.0396 -25 -12.8907
      vertex 22.5226 -25 -12.9726
    endloop
  endfacet
  facet normal 0 -1 0
    outer loop
      vertex 26.3301 -25 -10.5
      vertex 30.6603 -25 -13
      vertex 31.1355 -25 -12.0674
    endloop
  endfacet
  facet normal 0 -1 0
    outer loop
      vertex 30.6603 -25 -13
      vertex 22.5226 -25 -12.9726
      vertex 22 -25 -13
    endloop
  endfacet
  facet normal -0.358366 0 0.933581
    outer loop
      vertex 17.9326 -17 1.13545
      vertex 18.9098 -25 1.51056
      vertex 18.9098 -17 1.51056
    endloop
  endfacet
  facet normal -0.358366 0 0.933581
    outer loop
      vertex 18.9098 -25 1.51056
      vertex 17.9326 -17 1.13545
      vertex 17.9326 -25 1.13545
    endloop
  endfacet
  facet normal 0.454 0 0.891002
    outer loop
      vertex 26.0674 -17 1.13545
      vertex 27 -25 0.660254
      vertex 27 -17 0.660254
    endloop
  endfacet
  facet normal 0.454 0 0.891002
    outer loop
      vertex 27 -25 0.660254
      vertex 26.0674 -17 1.13545
      vertex 26.0674 -25 1.13545
    endloop
  endfacet
  facet normal 0.891 0 -0.454003
    outer loop
      vertex 31.1355 -25 -12.0674
      vertex 30.6603 -17 -13
      vertex 31.1355 -17 -12.0674
    endloop
  endfacet
  facet normal 0.891 0 -0.454003
    outer loop
      vertex 30.6603 -17 -13
      vertex 31.1355 -25 -12.0674
      vertex 30.6603 -25 -13
    endloop
  endfacet
  facet normal 0.707125 -0 0.707089
    outer loop
      vertex 28.6913 -25 -0.568552
      vertex 29.4314 -17 -1.30869
      vertex 28.6913 -17 -0.568552
    endloop
  endfacet
  facet normal 0.707125 0 0.707089
    outer loop
      vertex 29.4314 -17 -1.30869
      vertex 28.6913 -25 -0.568552
      vertex 29.4314 -25 -1.30869
    endloop
  endfacet
  facet normal -0.629391 0 -0.777089
    outer loop
      vertex 15.3087 -25 -15.4314
      vertex 16.1221 -17 -16.0902
      vertex 16.1221 -25 -16.0902
    endloop
  endfacet
  facet normal -0.629391 0 -0.777089
    outer loop
      vertex 16.1221 -17 -16.0902
      vertex 15.3087 -25 -15.4314
      vertex 15.3087 -17 -15.4314
    endloop
  endfacet
  facet normal 0.838677 0 -0.544629
    outer loop
      vertex 30.6603 -25 -13
      vertex 30.0902 -17 -13.8779
      vertex 30.6603 -17 -13
    endloop
  endfacet
  facet normal 0.838677 0 -0.544629
    outer loop
      vertex 30.0902 -17 -13.8779
      vertex 30.6603 -25 -13
      vertex 30.0902 -25 -13.8779
    endloop
  endfacet
  facet normal 0.454003 0 -0.891
    outer loop
      vertex 26.0674 -25 -17.1355
      vertex 27 -17 -16.6603
      vertex 27 -25 -16.6603
    endloop
  endfacet
  facet normal 0.454003 0 -0.891
    outer loop
      vertex 27 -17 -16.6603
      vertex 26.0674 -25 -17.1355
      vertex 26.0674 -17 -17.1355
    endloop
  endfacet
  facet normal -0.156436 0 0.987688
    outer loop
      vertex 19.9209 -17 1.78148
      vertex 20.9547 -25 1.94522
      vertex 20.9547 -17 1.94522
    endloop
  endfacet
  facet normal -0.156436 0 0.987688
    outer loop
      vertex 20.9547 -25 1.94522
      vertex 19.9209 -17 1.78148
      vertex 19.9209 -25 1.78148
    endloop
  endfacet
  facet normal 0.933584 -0 0.358358
    outer loop
      vertex 31.1355 -25 -3.93263
      vertex 31.5106 -17 -4.90983
      vertex 31.1355 -17 -3.93263
    endloop
  endfacet
  facet normal 0.933584 0 0.358358
    outer loop
      vertex 31.5106 -17 -4.90983
      vertex 31.1355 -25 -3.93263
      vertex 31.5106 -25 -4.90983
    endloop
  endfacet
  facet normal 0.777089 0 -0.629391
    outer loop
      vertex 30.0902 -25 -13.8779
      vertex 29.4314 -17 -14.6913
      vertex 30.0902 -17 -13.8779
    endloop
  endfacet
  facet normal 0.777089 0 -0.629391
    outer loop
      vertex 29.4314 -17 -14.6913
      vertex 30.0902 -25 -13.8779
      vertex 29.4314 -25 -14.6913
    endloop
  endfacet
  facet normal 0.933584 0 -0.358358
    outer loop
      vertex 31.5106 -25 -11.0902
      vertex 31.1355 -17 -12.0674
      vertex 31.5106 -17 -11.0902
    endloop
  endfacet
  facet normal 0.933584 0 -0.358358
    outer loop
      vertex 31.1355 -17 -12.0674
      vertex 31.5106 -25 -11.0902
      vertex 31.1355 -25 -12.0674
    endloop
  endfacet
  facet normal -0.933584 0 -0.358358
    outer loop
      vertex 12.8645 -25 -12.0674
      vertex 12.4894 -17 -11.0902
      vertex 12.8645 -17 -12.0674
    endloop
  endfacet
  facet normal -0.933584 -0 -0.358358
    outer loop
      vertex 12.4894 -17 -11.0902
      vertex 12.8645 -25 -12.0674
      vertex 12.4894 -25 -11.0902
    endloop
  endfacet
  facet normal -0.987695 0 0.156393
    outer loop
      vertex 12.0548 -25 -6.95472
      vertex 12.2185 -17 -5.92088
      vertex 12.0548 -17 -6.95472
    endloop
  endfacet
  facet normal -0.987695 0 0.156393
    outer loop
      vertex 12.2185 -17 -5.92088
      vertex 12.0548 -25 -6.95472
      vertex 12.2185 -25 -5.92088
    endloop
  endfacet
  facet normal 0.0523342 0 0.99863
    outer loop
      vertex 22 -17 2
      vertex 23.0453 -25 1.94522
      vertex 23.0453 -17 1.94522
    endloop
  endfacet
  facet normal 0.0523342 0 0.99863
    outer loop
      vertex 23.0453 -25 1.94522
      vertex 22 -17 2
      vertex 22 -25 2
    endloop
  endfacet
  facet normal 0.891006 -0 0.453991
    outer loop
      vertex 30.6603 -25 -3
      vertex 31.1355 -17 -3.93263
      vertex 30.6603 -17 -3
    endloop
  endfacet
  facet normal 0.891006 0 0.453991
    outer loop
      vertex 31.1355 -17 -3.93263
      vertex 30.6603 -25 -3
      vertex 31.1355 -25 -3.93263
    endloop
  endfacet
  facet normal -0.838663 0 0.544651
    outer loop
      vertex 13.3397 -25 -3
      vertex 13.9098 -17 -2.12215
      vertex 13.3397 -17 -3
    endloop
  endfacet
  facet normal -0.838663 0 0.544651
    outer loop
      vertex 13.9098 -17 -2.12215
      vertex 13.3397 -25 -3
      vertex 13.9098 -25 -2.12215
    endloop
  endfacet
  facet normal -0.629346 0 0.777126
    outer loop
      vertex 15.3087 -17 -0.568552
      vertex 16.1221 -25 0.0901699
      vertex 16.1221 -17 0.0901699
    endloop
  endfacet
  facet normal -0.629346 0 0.777126
    outer loop
      vertex 16.1221 -25 0.0901699
      vertex 15.3087 -17 -0.568552
      vertex 15.3087 -25 -0.568552
    endloop
  endfacet
  facet normal -0.933584 0 0.358358
    outer loop
      vertex 12.4894 -25 -4.90983
      vertex 12.8645 -17 -3.93263
      vertex 12.4894 -17 -4.90983
    endloop
  endfacet
  facet normal -0.933584 0 0.358358
    outer loop
      vertex 12.8645 -17 -3.93263
      vertex 12.4894 -25 -4.90983
      vertex 12.8645 -25 -3.93263
    endloop
  endfacet
  facet normal -0.891 0 -0.454003
    outer loop
      vertex 13.3397 -25 -13
      vertex 12.8645 -17 -12.0674
      vertex 13.3397 -17 -13
    endloop
  endfacet
  facet normal -0.891 -0 -0.454003
    outer loop
      vertex 12.8645 -17 -12.0674
      vertex 13.3397 -25 -13
      vertex 12.8645 -25 -12.0674
    endloop
  endfacet
  facet normal 0.258798 0 -0.965931
    outer loop
      vertex 24.0791 -25 -17.7815
      vertex 25.0902 -17 -17.5106
      vertex 25.0902 -25 -17.5106
    endloop
  endfacet
  facet normal 0.258798 0 -0.965931
    outer loop
      vertex 25.0902 -17 -17.5106
      vertex 24.0791 -25 -17.7815
      vertex 24.0791 -17 -17.7815
    endloop
  endfacet
  facet normal 0.629391 0 -0.777089
    outer loop
      vertex 27.8779 -25 -16.0902
      vertex 28.6913 -17 -15.4314
      vertex 28.6913 -25 -15.4314
    endloop
  endfacet
  facet normal 0.629391 0 -0.777089
    outer loop
      vertex 28.6913 -17 -15.4314
      vertex 27.8779 -25 -16.0902
      vertex 27.8779 -17 -16.0902
    endloop
  endfacet
  facet normal -0.258798 0 -0.965931
    outer loop
      vertex 18.9098 -25 -17.5106
      vertex 19.9209 -17 -17.7815
      vertex 19.9209 -25 -17.7815
    endloop
  endfacet
  facet normal -0.258798 0 -0.965931
    outer loop
      vertex 19.9209 -17 -17.7815
      vertex 18.9098 -25 -17.5106
      vertex 18.9098 -17 -17.5106
    endloop
  endfacet
  facet normal -0.998629 0 -0.0523542
    outer loop
      vertex 12.0548 -25 -9.04528
      vertex 12 -17 -8
      vertex 12.0548 -17 -9.04528
    endloop
  endfacet
  facet normal -0.998629 -0 -0.0523542
    outer loop
      vertex 12 -17 -8
      vertex 12.0548 -25 -9.04528
      vertex 12 -25 -8
    endloop
  endfacet
  facet normal 0.156436 0 0.987688
    outer loop
      vertex 23.0453 -17 1.94522
      vertex 24.0791 -25 1.78148
      vertex 24.0791 -17 1.78148
    endloop
  endfacet
  facet normal 0.156436 0 0.987688
    outer loop
      vertex 24.0791 -25 1.78148
      vertex 23.0453 -17 1.94522
      vertex 23.0453 -25 1.94522
    endloop
  endfacet
  facet normal -0.777089 0 -0.629391
    outer loop
      vertex 14.5686 -25 -14.6913
      vertex 13.9098 -17 -13.8779
      vertex 14.5686 -17 -14.6913
    endloop
  endfacet
  facet normal -0.777089 -0 -0.629391
    outer loop
      vertex 13.9098 -17 -13.8779
      vertex 14.5686 -25 -14.6913
      vertex 13.9098 -25 -13.8779
    endloop
  endfacet
  facet normal -0.454 0 0.891002
    outer loop
      vertex 17 -17 0.660254
      vertex 17.9326 -25 1.13545
      vertex 17.9326 -17 1.13545
    endloop
  endfacet
  facet normal -0.454 0 0.891002
    outer loop
      vertex 17.9326 -25 1.13545
      vertex 17 -17 0.660254
      vertex 17 -25 0.660254
    endloop
  endfacet
  facet normal -0.965928 0 0.25881
    outer loop
      vertex 12.2185 -25 -5.92088
      vertex 12.4894 -17 -4.90983
      vertex 12.2185 -17 -5.92088
    endloop
  endfacet
  facet normal -0.965928 0 0.25881
    outer loop
      vertex 12.4894 -17 -4.90983
      vertex 12.2185 -25 -5.92088
      vertex 12.4894 -25 -4.90983
    endloop
  endfacet
  facet normal -0.707107 0 -0.707107
    outer loop
      vertex 15.3087 -25 -15.4314
      vertex 14.5686 -17 -14.6913
      vertex 15.3087 -17 -15.4314
    endloop
  endfacet
  facet normal -0.707107 -0 -0.707107
    outer loop
      vertex 14.5686 -17 -14.6913
      vertex 15.3087 -25 -15.4314
      vertex 14.5686 -25 -14.6913
    endloop
  endfacet
  facet normal 0.544629 0 -0.838677
    outer loop
      vertex 27 -25 -16.6603
      vertex 27.8779 -17 -16.0902
      vertex 27.8779 -25 -16.0902
    endloop
  endfacet
  facet normal 0.544629 0 -0.838677
    outer loop
      vertex 27.8779 -17 -16.0902
      vertex 27 -25 -16.6603
      vertex 27 -17 -16.6603
    endloop
  endfacet
  facet normal 0 1 0
    outer loop
      vertex 23.0453 -17 1.94522
      vertex 22.5226 -17 -3.02739
      vertex 22 -17 -3
    endloop
  endfacet
  facet normal 0 1 0
    outer loop
      vertex 30.0902 -17 -2.12215
      vertex 23.0396 -17 -3.10926
      vertex 22.5226 -17 -3.02739
    endloop
  endfacet
  facet normal 0 1 0
    outer loop
      vertex 30.0902 -17 -2.12215
      vertex 23.5451 -17 -3.24472
      vertex 23.0396 -17 -3.10926
    endloop
  endfacet
  facet normal 0 1 0
    outer loop
      vertex 30.0902 -17 -2.12215
      vertex 24.0337 -17 -3.43227
      vertex 23.5451 -17 -3.24472
    endloop
  endfacet
  facet normal 0 1 0
    outer loop
      vertex 30.0902 -17 -2.12215
      vertex 24.5 -17 -3.66987
      vertex 24.0337 -17 -3.43227
    endloop
  endfacet
  facet normal 0 1 0
    outer loop
      vertex 26.3301 -17 -5.5
      vertex 30.6603 -17 -3
      vertex 31.1355 -17 -3.93263
    endloop
  endfacet
  facet normal 0 1 0
    outer loop
      vertex 30.0902 -17 -2.12215
      vertex 24.9389 -17 -3.95492
      vertex 24.5 -17 -3.66987
    endloop
  endfacet
  facet normal 0 1 0
    outer loop
      vertex 30.0902 -17 -2.12215
      vertex 25.3457 -17 -4.28428
      vertex 24.9389 -17 -3.95492
    endloop
  endfacet
  facet normal 0 1 0
    outer loop
      vertex 30.0902 -17 -2.12215
      vertex 25.7157 -17 -4.65435
      vertex 25.3457 -17 -4.28428
    endloop
  endfacet
  facet normal 0 1 0
    outer loop
      vertex 26.5677 -17 -5.96632
      vertex 31.1355 -17 -3.93263
      vertex 31.5106 -17 -4.90983
    endloop
  endfacet
  facet normal 0 1 0
    outer loop
      vertex 30.0902 -17 -2.12215
      vertex 26.0451 -17 -5.06107
      vertex 25.7157 -17 -4.65435
    endloop
  endfacet
  facet normal 0 1 0
    outer loop
      vertex 30.6603 -17 -3
      vertex 26.3301 -17 -5.5
      vertex 26.0451 -17 -5.06107
    endloop
  endfacet
  facet normal 0 1 0
    outer loop
      vertex 26.7553 -17 -6.45492
      vertex 31.5106 -17 -4.90983
      vertex 31.7815 -17 -5.92088
    endloop
  endfacet
  facet normal 0 1 0
    outer loop
      vertex 31.1355 -17 -3.93263
      vertex 26.5677 -17 -5.96632
      vertex 26.3301 -17 -5.5
    endloop
  endfacet
  facet normal 0 1 0
    outer loop
      vertex 31.5106 -17 -4.90983
      vertex 26.7553 -17 -6.45492
      vertex 26.5677 -17 -5.96632
    endloop
  endfacet
  facet normal 0 1 0
    outer loop
      vertex 26.8907 -17 -6.96044
      vertex 31.7815 -17 -5.92088
      vertex 31.9452 -17 -6.95472
    endloop
  endfacet
  facet normal 0 1 0
    outer loop
      vertex 31.7815 -17 -5.92088
      vertex 26.8907 -17 -6.96044
      vertex 26.7553 -17 -6.45492
    endloop
  endfacet
  facet normal 0 1 0
    outer loop
      vertex 31.9452 -17 -6.95472
      vertex 26.9726 -17 -7.47736
      vertex 26.8907 -17 -6.96044
    endloop
  endfacet
  facet normal 0 1 0
    outer loop
      vertex 32 -17 -8
      vertex 26.9726 -17 -7.47736
      vertex 31.9452 -17 -6.95472
    endloop
  endfacet
  facet normal 0 1 0
    outer loop
      vertex 32 -17 -8
      vertex 27 -17 -8
      vertex 26.9726 -17 -7.47736
    endloop
  endfacet
  facet normal 0 1 0
    outer loop
      vertex 32 -17 -8
      vertex 26.9726 -17 -8.52264
      vertex 27 -17 -8
    endloop
  endfacet
  facet normal 0 1 -0
    outer loop
      vertex 31.9452 -17 -9.04528
      vertex 26.9726 -17 -8.52264
      vertex 32 -17 -8
    endloop
  endfacet
  facet normal 0 1 0
    outer loop
      vertex 26.9726 -17 -8.52264
      vertex 31.9452 -17 -9.04528
      vertex 26.8907 -17 -9.03956
    endloop
  endfacet
  facet normal 0 1 -0
    outer loop
      vertex 31.7815 -17 -10.0791
      vertex 26.8907 -17 -9.03956
      vertex 31.9452 -17 -9.04528
    endloop
  endfacet
  facet normal 0 1 0
    outer loop
      vertex 26.8907 -17 -9.03956
      vertex 31.7815 -17 -10.0791
      vertex 26.7553 -17 -9.54508
    endloop
  endfacet
  facet normal 0 1 -0
    outer loop
      vertex 31.5106 -17 -11.0902
      vertex 26.7553 -17 -9.54508
      vertex 31.7815 -17 -10.0791
    endloop
  endfacet
  facet normal 0 1 0
    outer loop
      vertex 26.7553 -17 -9.54508
      vertex 31.5106 -17 -11.0902
      vertex 26.5677 -17 -10.0337
    endloop
  endfacet
  facet normal 0 1 -0
    outer loop
      vertex 31.1355 -17 -12.0674
      vertex 26.5677 -17 -10.0337
      vertex 31.5106 -17 -11.0902
    endloop
  endfacet
  facet normal 0 1 0
    outer loop
      vertex 26.5677 -17 -10.0337
      vertex 31.1355 -17 -12.0674
      vertex 26.3301 -17 -10.5
    endloop
  endfacet
  facet normal 0 1 -0
    outer loop
      vertex 30.6603 -17 -13
      vertex 26.3301 -17 -10.5
      vertex 31.1355 -17 -12.0674
    endloop
  endfacet
  facet normal 0 1 0
    outer loop
      vertex 26.3301 -17 -10.5
      vertex 30.6603 -17 -13
      vertex 26.0451 -17 -10.9389
    endloop
  endfacet
  facet normal 0 1 -0
    outer loop
      vertex 30.0902 -17 -13.8779
      vertex 26.0451 -17 -10.9389
      vertex 30.6603 -17 -13
    endloop
  endfacet
  facet normal 0 1 0
    outer loop
      vertex 26.0451 -17 -10.9389
      vertex 30.0902 -17 -13.8779
      vertex 25.7157 -17 -11.3457
    endloop
  endfacet
  facet normal 0 1 -0
    outer loop
      vertex 29.4314 -17 -14.6913
      vertex 25.7157 -17 -11.3457
      vertex 30.0902 -17 -13.8779
    endloop
  endfacet
  facet normal 0 1 0
    outer loop
      vertex 25.7157 -17 -11.3457
      vertex 29.4314 -17 -14.6913
      vertex 25.3457 -17 -11.7157
    endloop
  endfacet
  facet normal 0 1 -0
    outer loop
      vertex 28.6913 -17 -15.4314
      vertex 25.3457 -17 -11.7157
      vertex 29.4314 -17 -14.6913
    endloop
  endfacet
  facet normal 0 1 0
    outer loop
      vertex 25.3457 -17 -11.7157
      vertex 28.6913 -17 -15.4314
      vertex 24.9389 -17 -12.0451
    endloop
  endfacet
  facet normal 0 1 -0
    outer loop
      vertex 27.8779 -17 -16.0902
      vertex 24.9389 -17 -12.0451
      vertex 28.6913 -17 -15.4314
    endloop
  endfacet
  facet normal 0 1 0
    outer loop
      vertex 24.9389 -17 -12.0451
      vertex 27.8779 -17 -16.0902
      vertex 24.5 -17 -12.3301
    endloop
  endfacet
  facet normal 0 1 -0
    outer loop
      vertex 27 -17 -16.6603
      vertex 24.5 -17 -12.3301
      vertex 27.8779 -17 -16.0902
    endloop
  endfacet
  facet normal 0 1 0
    outer loop
      vertex 24.5 -17 -12.3301
      vertex 27 -17 -16.6603
      vertex 24.0337 -17 -12.5677
    endloop
  endfacet
  facet normal 0 1 -0
    outer loop
      vertex 26.0674 -17 -17.1355
      vertex 24.0337 -17 -12.5677
      vertex 27 -17 -16.6603
    endloop
  endfacet
  facet normal 0 1 0
    outer loop
      vertex 22 -17 -13
      vertex 13.9098 -17 -13.8779
      vertex 13.3397 -17 -13
    endloop
  endfacet
  facet normal 0 1 0
    outer loop
      vertex 24.0337 -17 -12.5677
      vertex 26.0674 -17 -17.1355
      vertex 23.5451 -17 -12.7553
    endloop
  endfacet
  facet normal 0 1 0
    outer loop
      vertex 22 -17 -13
      vertex 14.5686 -17 -14.6913
      vertex 13.9098 -17 -13.8779
    endloop
  endfacet
  facet normal 0 1 -0
    outer loop
      vertex 25.0902 -17 -17.5106
      vertex 23.5451 -17 -12.7553
      vertex 26.0674 -17 -17.1355
    endloop
  endfacet
  facet normal 0 1 0
    outer loop
      vertex 22 -17 -13
      vertex 15.3087 -17 -15.4314
      vertex 14.5686 -17 -14.6913
    endloop
  endfacet
  facet normal 0 1 0
    outer loop
      vertex 23.5451 -17 -12.7553
      vertex 25.0902 -17 -17.5106
      vertex 23.0396 -17 -12.8907
    endloop
  endfacet
  facet normal 0 1 0
    outer loop
      vertex 22 -17 -13
      vertex 16.1221 -17 -16.0902
      vertex 15.3087 -17 -15.4314
    endloop
  endfacet
  facet normal 0 1 -0
    outer loop
      vertex 24.0791 -17 -17.7815
      vertex 23.0396 -17 -12.8907
      vertex 25.0902 -17 -17.5106
    endloop
  endfacet
  facet normal 0 1 0
    outer loop
      vertex 22 -17 -13
      vertex 17 -17 -16.6603
      vertex 16.1221 -17 -16.0902
    endloop
  endfacet
  facet normal 0 1 0
    outer loop
      vertex 23.0396 -17 -12.8907
      vertex 24.0791 -17 -17.7815
      vertex 22.5226 -17 -12.9726
    endloop
  endfacet
  facet normal 0 1 0
    outer loop
      vertex 22 -17 -13
      vertex 17.9326 -17 -17.1355
      vertex 17 -17 -16.6603
    endloop
  endfacet
  facet normal 0 1 -0
    outer loop
      vertex 23.0453 -17 -17.9452
      vertex 22.5226 -17 -12.9726
      vertex 24.0791 -17 -17.7815
    endloop
  endfacet
  facet normal 0 1 0
    outer loop
      vertex 22 -17 -13
      vertex 18.9098 -17 -17.5106
      vertex 17.9326 -17 -17.1355
    endloop
  endfacet
  facet normal 0 1 0
    outer loop
      vertex 22.5226 -17 -12.9726
      vertex 23.0453 -17 -17.9452
      vertex 22 -17 -13
    endloop
  endfacet
  facet normal 0 1 0
    outer loop
      vertex 22 -17 -13
      vertex 19.9209 -17 -17.7815
      vertex 18.9098 -17 -17.5106
    endloop
  endfacet
  facet normal 0 1 0
    outer loop
      vertex 22 -17 -18
      vertex 22 -17 -13
      vertex 23.0453 -17 -17.9452
    endloop
  endfacet
  facet normal 0 1 0
    outer loop
      vertex 22 -17 -13
      vertex 20.9547 -17 -17.9452
      vertex 19.9209 -17 -17.7815
    endloop
  endfacet
  facet normal 0 1 0
    outer loop
      vertex 22 -17 -13
      vertex 22 -17 -18
      vertex 20.9547 -17 -17.9452
    endloop
  endfacet
  facet normal 0 1 0
    outer loop
      vertex 22 -17 -3
      vertex 22 -17 2
      vertex 23.0453 -17 1.94522
    endloop
  endfacet
  facet normal 0 1 0
    outer loop
      vertex 22.5226 -17 -3.02739
      vertex 23.0453 -17 1.94522
      vertex 24.0791 -17 1.78148
    endloop
  endfacet
  facet normal 0 1 0
    outer loop
      vertex 22 -17 2
      vertex 22 -17 -3
      vertex 20.9547 -17 1.94522
    endloop
  endfacet
  facet normal 0 1 0
    outer loop
      vertex 22.5226 -17 -3.02739
      vertex 24.0791 -17 1.78148
      vertex 25.0902 -17 1.51056
    endloop
  endfacet
  facet normal 0 1 -0
    outer loop
      vertex 21.4774 -17 -3.02739
      vertex 20.9547 -17 1.94522
      vertex 22 -17 -3
    endloop
  endfacet
  facet normal 0 1 0
    outer loop
      vertex 22.5226 -17 -3.02739
      vertex 25.0902 -17 1.51056
      vertex 26.0674 -17 1.13545
    endloop
  endfacet
  facet normal 0 1 0
    outer loop
      vertex 20.9547 -17 1.94522
      vertex 21.4774 -17 -3.02739
      vertex 19.9209 -17 1.78148
    endloop
  endfacet
  facet normal 0 1 0
    outer loop
      vertex 22.5226 -17 -3.02739
      vertex 26.0674 -17 1.13545
      vertex 27 -17 0.660254
    endloop
  endfacet
  facet normal 0 1 -0
    outer loop
      vertex 20.9604 -17 -3.10926
      vertex 19.9209 -17 1.78148
      vertex 21.4774 -17 -3.02739
    endloop
  endfacet
  facet normal 0 1 0
    outer loop
      vertex 22.5226 -17 -3.02739
      vertex 27 -17 0.660254
      vertex 27.8779 -17 0.0901699
    endloop
  endfacet
  facet normal 0 1 0
    outer loop
      vertex 19.9209 -17 1.78148
      vertex 20.9604 -17 -3.10926
      vertex 18.9098 -17 1.51056
    endloop
  endfacet
  facet normal 0 1 0
    outer loop
      vertex 22.5226 -17 -3.02739
      vertex 27.8779 -17 0.0901699
      vertex 28.6913 -17 -0.568552
    endloop
  endfacet
  facet normal 0 1 -0
    outer loop
      vertex 20.4549 -17 -3.24472
      vertex 18.9098 -17 1.51056
      vertex 20.9604 -17 -3.10926
    endloop
  endfacet
  facet normal 0 1 0
    outer loop
      vertex 22.5226 -17 -3.02739
      vertex 28.6913 -17 -0.568552
      vertex 29.4314 -17 -1.30869
    endloop
  endfacet
  facet normal 0 1 0
    outer loop
      vertex 18.9098 -17 1.51056
      vertex 20.4549 -17 -3.24472
      vertex 17.9326 -17 1.13545
    endloop
  endfacet
  facet normal 0 1 0
    outer loop
      vertex 22.5226 -17 -3.02739
      vertex 29.4314 -17 -1.30869
      vertex 30.0902 -17 -2.12215
    endloop
  endfacet
  facet normal 0 1 -0
    outer loop
      vertex 19.9663 -17 -3.43227
      vertex 17.9326 -17 1.13545
      vertex 20.4549 -17 -3.24472
    endloop
  endfacet
  facet normal 0 1 0
    outer loop
      vertex 26.0451 -17 -5.06107
      vertex 30.0902 -17 -2.12215
      vertex 30.6603 -17 -3
    endloop
  endfacet
  facet normal 0 1 0
    outer loop
      vertex 17.9326 -17 1.13545
      vertex 19.9663 -17 -3.43227
      vertex 17 -17 0.660254
    endloop
  endfacet
  facet normal 0 1 -0
    outer loop
      vertex 19.5 -17 -3.66987
      vertex 17 -17 0.660254
      vertex 19.9663 -17 -3.43227
    endloop
  endfacet
  facet normal 0 1 0
    outer loop
      vertex 17 -17 0.660254
      vertex 19.5 -17 -3.66987
      vertex 16.1221 -17 0.0901699
    endloop
  endfacet
  facet normal 0 1 -0
    outer loop
      vertex 19.0611 -17 -3.95492
      vertex 16.1221 -17 0.0901699
      vertex 19.5 -17 -3.66987
    endloop
  endfacet
  facet normal 0 1 0
    outer loop
      vertex 16.1221 -17 0.0901699
      vertex 19.0611 -17 -3.95492
      vertex 15.3087 -17 -0.568552
    endloop
  endfacet
  facet normal 0 1 -0
    outer loop
      vertex 18.6543 -17 -4.28428
      vertex 15.3087 -17 -0.568552
      vertex 19.0611 -17 -3.95492
    endloop
  endfacet
  facet normal 0 1 0
    outer loop
      vertex 15.3087 -17 -0.568552
      vertex 18.6543 -17 -4.28428
      vertex 14.5686 -17 -1.30869
    endloop
  endfacet
  facet normal 0 1 -0
    outer loop
      vertex 18.2843 -17 -4.65435
      vertex 14.5686 -17 -1.30869
      vertex 18.6543 -17 -4.28428
    endloop
  endfacet
  facet normal 0 1 0
    outer loop
      vertex 14.5686 -17 -1.30869
      vertex 18.2843 -17 -4.65435
      vertex 13.9098 -17 -2.12215
    endloop
  endfacet
  facet normal 0 1 -0
    outer loop
      vertex 17.9549 -17 -5.06107
      vertex 13.9098 -17 -2.12215
      vertex 18.2843 -17 -4.65435
    endloop
  endfacet
  facet normal 0 1 0
    outer loop
      vertex 13.9098 -17 -2.12215
      vertex 17.9549 -17 -5.06107
      vertex 13.3397 -17 -3
    endloop
  endfacet
  facet normal 0 1 -0
    outer loop
      vertex 17.6699 -17 -5.5
      vertex 13.3397 -17 -3
      vertex 17.9549 -17 -5.06107
    endloop
  endfacet
  facet normal 0 1 0
    outer loop
      vertex 13.3397 -17 -3
      vertex 17.6699 -17 -5.5
      vertex 12.8645 -17 -3.93263
    endloop
  endfacet
  facet normal 0 1 -0
    outer loop
      vertex 17.4323 -17 -5.96632
      vertex 12.8645 -17 -3.93263
      vertex 17.6699 -17 -5.5
    endloop
  endfacet
  facet normal 0 1 0
    outer loop
      vertex 12.8645 -17 -3.93263
      vertex 17.4323 -17 -5.96632
      vertex 12.4894 -17 -4.90983
    endloop
  endfacet
  facet normal 0 1 -0
    outer loop
      vertex 17.2447 -17 -6.45492
      vertex 12.4894 -17 -4.90983
      vertex 17.4323 -17 -5.96632
    endloop
  endfacet
  facet normal 0 1 0
    outer loop
      vertex 12.4894 -17 -4.90983
      vertex 17.2447 -17 -6.45492
      vertex 12.2185 -17 -5.92088
    endloop
  endfacet
  facet normal 0 1 -0
    outer loop
      vertex 17.1093 -17 -6.96044
      vertex 12.2185 -17 -5.92088
      vertex 17.2447 -17 -6.45492
    endloop
  endfacet
  facet normal 0 1 0
    outer loop
      vertex 12.2185 -17 -5.92088
      vertex 17.1093 -17 -6.96044
      vertex 12.0548 -17 -6.95472
    endloop
  endfacet
  facet normal 0 1 -0
    outer loop
      vertex 17.0274 -17 -7.47736
      vertex 12.0548 -17 -6.95472
      vertex 17.1093 -17 -6.96044
    endloop
  endfacet
  facet normal 0 1 -0
    outer loop
      vertex 17 -17 -8
      vertex 12.0548 -17 -6.95472
      vertex 17.0274 -17 -7.47736
    endloop
  endfacet
  facet normal 0 1 0
    outer loop
      vertex 17 -17 -8
      vertex 12 -17 -8
      vertex 12.0548 -17 -6.95472
    endloop
  endfacet
  facet normal 0 1 0
    outer loop
      vertex 17.0274 -17 -8.52264
      vertex 12 -17 -8
      vertex 17 -17 -8
    endloop
  endfacet
  facet normal 0 1 0
    outer loop
      vertex 12.0548 -17 -9.04528
      vertex 17.0274 -17 -8.52264
      vertex 17.1093 -17 -9.03956
    endloop
  endfacet
  facet normal 0 1 0
    outer loop
      vertex 17.0274 -17 -8.52264
      vertex 12.0548 -17 -9.04528
      vertex 12 -17 -8
    endloop
  endfacet
  facet normal 0 1 0
    outer loop
      vertex 12.2185 -17 -10.0791
      vertex 17.1093 -17 -9.03956
      vertex 17.2447 -17 -9.54508
    endloop
  endfacet
  facet normal 0 1 0
    outer loop
      vertex 12.4894 -17 -11.0902
      vertex 17.2447 -17 -9.54508
      vertex 17.4323 -17 -10.0337
    endloop
  endfacet
  facet normal 0 1 0
    outer loop
      vertex 17.1093 -17 -9.03956
      vertex 12.2185 -17 -10.0791
      vertex 12.0548 -17 -9.04528
    endloop
  endfacet
  facet normal 0 1 0
    outer loop
      vertex 12.8645 -17 -12.0674
      vertex 17.4323 -17 -10.0337
      vertex 17.6699 -17 -10.5
    endloop
  endfacet
  facet normal 0 1 0
    outer loop
      vertex 13.3397 -17 -13
      vertex 17.6699 -17 -10.5
      vertex 17.9549 -17 -10.9389
    endloop
  endfacet
  facet normal 0 1 0
    outer loop
      vertex 17.2447 -17 -9.54508
      vertex 12.4894 -17 -11.0902
      vertex 12.2185 -17 -10.0791
    endloop
  endfacet
  facet normal 0 1 0
    outer loop
      vertex 13.3397 -17 -13
      vertex 17.9549 -17 -10.9389
      vertex 18.2843 -17 -11.3457
    endloop
  endfacet
  facet normal 0 1 0
    outer loop
      vertex 13.3397 -17 -13
      vertex 18.2843 -17 -11.3457
      vertex 18.6543 -17 -11.7157
    endloop
  endfacet
  facet normal 0 1 0
    outer loop
      vertex 13.3397 -17 -13
      vertex 18.6543 -17 -11.7157
      vertex 19.0611 -17 -12.0451
    endloop
  endfacet
  facet normal 0 1 0
    outer loop
      vertex 17.4323 -17 -10.0337
      vertex 12.8645 -17 -12.0674
      vertex 12.4894 -17 -11.0902
    endloop
  endfacet
  facet normal 0 1 0
    outer loop
      vertex 13.3397 -17 -13
      vertex 19.0611 -17 -12.0451
      vertex 19.5 -17 -12.3301
    endloop
  endfacet
  facet normal 0 1 0
    outer loop
      vertex 13.3397 -17 -13
      vertex 19.5 -17 -12.3301
      vertex 19.9663 -17 -12.5677
    endloop
  endfacet
  facet normal 0 1 0
    outer loop
      vertex 13.3397 -17 -13
      vertex 19.9663 -17 -12.5677
      vertex 20.4549 -17 -12.7553
    endloop
  endfacet
  facet normal 0 1 0
    outer loop
      vertex 13.3397 -17 -13
      vertex 20.4549 -17 -12.7553
      vertex 20.9604 -17 -12.8907
    endloop
  endfacet
  facet normal 0 1 0
    outer loop
      vertex 13.3397 -17 -13
      vertex 20.9604 -17 -12.8907
      vertex 21.4774 -17 -12.9726
    endloop
  endfacet
  facet normal 0 1 0
    outer loop
      vertex 17.6699 -17 -10.5
      vertex 13.3397 -17 -13
      vertex 12.8645 -17 -12.0674
    endloop
  endfacet
  facet normal 0 1 0
    outer loop
      vertex 13.3397 -17 -13
      vertex 21.4774 -17 -12.9726
      vertex 22 -17 -13
    endloop
  endfacet
  facet normal -0.0523532 0 -0.998629
    outer loop
      vertex 20.9547 -25 -17.9452
      vertex 22 -17 -18
      vertex 22 -25 -18
    endloop
  endfacet
  facet normal -0.0523532 0 -0.998629
    outer loop
      vertex 22 -17 -18
      vertex 20.9547 -25 -17.9452
      vertex 20.9547 -17 -17.9452
    endloop
  endfacet
  facet normal -0.998629 0 0.0523542
    outer loop
      vertex 12 -25 -8
      vertex 12.0548 -17 -6.95472
      vertex 12 -17 -8
    endloop
  endfacet
  facet normal -0.998629 0 0.0523542
    outer loop
      vertex 12.0548 -17 -6.95472
      vertex 12 -25 -8
      vertex 12.0548 -25 -6.95472
    endloop
  endfacet
  facet normal -0.358358 0 -0.933584
    outer loop
      vertex 17.9326 -25 -17.1355
      vertex 18.9098 -17 -17.5106
      vertex 18.9098 -25 -17.5106
    endloop
  endfacet
  facet normal -0.358358 0 -0.933584
    outer loop
      vertex 18.9098 -17 -17.5106
      vertex 17.9326 -25 -17.1355
      vertex 17.9326 -17 -17.1355
    endloop
  endfacet
  facet normal -0.544629 0 -0.838677
    outer loop
      vertex 16.1221 -25 -16.0902
      vertex 17 -17 -16.6603
      vertex 17 -25 -16.6603
    endloop
  endfacet
  facet normal -0.544629 0 -0.838677
    outer loop
      vertex 17 -17 -16.6603
      vertex 16.1221 -25 -16.0902
      vertex 16.1221 -17 -16.0902
    endloop
  endfacet
  facet normal 0.707107 0 -0.707107
    outer loop
      vertex 29.4314 -25 -14.6913
      vertex 28.6913 -17 -15.4314
      vertex 29.4314 -17 -14.6913
    endloop
  endfacet
  facet normal 0.707107 0 -0.707107
    outer loop
      vertex 28.6913 -17 -15.4314
      vertex 29.4314 -25 -14.6913
      vertex 28.6913 -25 -15.4314
    endloop
  endfacet
  facet normal -0.156407 0 -0.987693
    outer loop
      vertex 22.5226 -25 -3.02739
      vertex 23.0396 -17 -3.10926
      vertex 23.0396 -25 -3.10926
    endloop
  endfacet
  facet normal -0.156407 0 -0.987693
    outer loop
      vertex 23.0396 -17 -3.10926
      vertex 22.5226 -25 -3.02739
      vertex 22.5226 -17 -3.02739
    endloop
  endfacet
  facet normal -0.98768 0 -0.156486
    outer loop
      vertex 26.9726 -25 -7.47736
      vertex 26.8907 -17 -6.96044
      vertex 26.9726 -17 -7.47736
    endloop
  endfacet
  facet normal -0.98768 -0 -0.156486
    outer loop
      vertex 26.8907 -17 -6.96044
      vertex 26.9726 -25 -7.47736
      vertex 26.8907 -25 -6.96044
    endloop
  endfacet
  facet normal -0.998629 0 -0.0523542
    outer loop
      vertex 27 -25 -8
      vertex 26.9726 -17 -7.47736
      vertex 27 -17 -8
    endloop
  endfacet
  facet normal -0.998629 -0 -0.0523542
    outer loop
      vertex 26.9726 -17 -7.47736
      vertex 27 -25 -8
      vertex 26.9726 -25 -7.47736
    endloop
  endfacet
  facet normal -0.965951 0 -0.258723
    outer loop
      vertex 26.8907 -25 -6.96044
      vertex 26.7553 -17 -6.45492
      vertex 26.8907 -17 -6.96044
    endloop
  endfacet
  facet normal -0.965951 -0 -0.258723
    outer loop
      vertex 26.7553 -17 -6.45492
      vertex 26.8907 -25 -6.96044
      vertex 26.7553 -25 -6.45492
    endloop
  endfacet
  facet normal 0.0523392 0 -0.998629
    outer loop
      vertex 21.4774 -25 -3.02739
      vertex 22 -17 -3
      vertex 22 -25 -3
    endloop
  endfacet
  facet normal 0.0523392 0 -0.998629
    outer loop
      vertex 22 -17 -3
      vertex 21.4774 -25 -3.02739
      vertex 21.4774 -17 -3.02739
    endloop
  endfacet
  facet normal -0.0523582 0 0.998628
    outer loop
      vertex 22 -17 -13
      vertex 22.5226 -25 -12.9726
      vertex 22.5226 -17 -12.9726
    endloop
  endfacet
  facet normal -0.0523582 0 0.998628
    outer loop
      vertex 22.5226 -25 -12.9726
      vertex 22 -17 -13
      vertex 22 -25 -13
    endloop
  endfacet
  facet normal 0.98768 -0 0.156486
    outer loop
      vertex 17.0274 -25 -8.52264
      vertex 17.1093 -17 -9.03956
      vertex 17.0274 -17 -8.52264
    endloop
  endfacet
  facet normal 0.98768 0 0.156486
    outer loop
      vertex 17.1093 -17 -9.03956
      vertex 17.0274 -25 -8.52264
      vertex 17.1093 -25 -9.03956
    endloop
  endfacet
  facet normal 0.891008 0 -0.453988
    outer loop
      vertex 17.6699 -25 -5.5
      vertex 17.4323 -17 -5.96632
      vertex 17.6699 -17 -5.5
    endloop
  endfacet
  facet normal 0.891008 0 -0.453988
    outer loop
      vertex 17.4323 -17 -5.96632
      vertex 17.6699 -25 -5.5
      vertex 17.4323 -25 -5.96632
    endloop
  endfacet
  facet normal 0.707174 0 -0.70704
    outer loop
      vertex 18.6543 -25 -4.28428
      vertex 18.2843 -17 -4.65435
      vertex 18.6543 -17 -4.28428
    endloop
  endfacet
  facet normal 0.707174 0 -0.70704
    outer loop
      vertex 18.2843 -17 -4.65435
      vertex 18.6543 -25 -4.28428
      vertex 18.2843 -25 -4.65435
    endloop
  endfacet
  facet normal -0.707174 0 -0.70704
    outer loop
      vertex 25.7157 -25 -4.65435
      vertex 25.3457 -17 -4.28428
      vertex 25.7157 -17 -4.65435
    endloop
  endfacet
  facet normal -0.707174 -0 -0.70704
    outer loop
      vertex 25.3457 -17 -4.28428
      vertex 25.7157 -25 -4.65435
      vertex 25.3457 -25 -4.28428
    endloop
  endfacet
  facet normal -0.156463 0 0.987684
    outer loop
      vertex 22.5226 -17 -12.9726
      vertex 23.0396 -25 -12.8907
      vertex 23.0396 -17 -12.8907
    endloop
  endfacet
  facet normal -0.156463 0 0.987684
    outer loop
      vertex 23.0396 -25 -12.8907
      vertex 22.5226 -17 -12.9726
      vertex 22.5226 -25 -12.9726
    endloop
  endfacet
  facet normal -0.358358 0 -0.933584
    outer loop
      vertex 23.5451 -25 -3.24472
      vertex 24.0337 -17 -3.43227
      vertex 24.0337 -25 -3.43227
    endloop
  endfacet
  facet normal -0.358358 0 -0.933584
    outer loop
      vertex 24.0337 -17 -3.43227
      vertex 23.5451 -25 -3.24472
      vertex 23.5451 -17 -3.24472
    endloop
  endfacet
  facet normal 0.965951 -0 0.258723
    outer loop
      vertex 17.1093 -25 -9.03956
      vertex 17.2447 -17 -9.54508
      vertex 17.1093 -17 -9.03956
    endloop
  endfacet
  facet normal 0.965951 0 0.258723
    outer loop
      vertex 17.2447 -17 -9.54508
      vertex 17.1093 -25 -9.03956
      vertex 17.2447 -25 -9.54508
    endloop
  endfacet
  facet normal -0.98768 0 0.156486
    outer loop
      vertex 26.8907 -25 -9.03956
      vertex 26.9726 -17 -8.52264
      vertex 26.8907 -17 -9.03956
    endloop
  endfacet
  facet normal -0.98768 0 0.156486
    outer loop
      vertex 26.9726 -17 -8.52264
      vertex 26.8907 -25 -9.03956
      vertex 26.9726 -25 -8.52264
    endloop
  endfacet
  facet normal -0.629251 0 -0.777202
    outer loop
      vertex 24.9389 -25 -3.95492
      vertex 25.3457 -17 -4.28428
      vertex 25.3457 -25 -4.28428
    endloop
  endfacet
  facet normal -0.629251 0 -0.777202
    outer loop
      vertex 25.3457 -17 -4.28428
      vertex 24.9389 -25 -3.95492
      vertex 24.9389 -17 -3.95492
    endloop
  endfacet
  facet normal -0.358441 0 0.933552
    outer loop
      vertex 23.5451 -17 -12.7553
      vertex 24.0337 -25 -12.5677
      vertex 24.0337 -17 -12.5677
    endloop
  endfacet
  facet normal -0.358441 0 0.933552
    outer loop
      vertex 24.0337 -25 -12.5677
      vertex 23.5451 -17 -12.7553
      vertex 23.5451 -25 -12.7553
    endloop
  endfacet
  facet normal -0.838709 0 -0.544579
    outer loop
      vertex 26.3301 -25 -5.5
      vertex 26.0451 -17 -5.06107
      vertex 26.3301 -17 -5.5
    endloop
  endfacet
  facet normal -0.838709 -0 -0.544579
    outer loop
      vertex 26.0451 -17 -5.06107
      vertex 26.3301 -25 -5.5
      vertex 26.0451 -25 -5.06107
    endloop
  endfacet
  facet normal 0.25884 0 -0.96592
    outer loop
      vertex 20.4549 -25 -3.24472
      vertex 20.9604 -17 -3.10926
      vertex 20.9604 -25 -3.10926
    endloop
  endfacet
  facet normal 0.25884 0 -0.96592
    outer loop
      vertex 20.9604 -17 -3.10926
      vertex 20.4549 -25 -3.24472
      vertex 20.4549 -17 -3.24472
    endloop
  endfacet
  facet normal -0.998629 0 0.0523542
    outer loop
      vertex 26.9726 -25 -8.52264
      vertex 27 -17 -8
      vertex 26.9726 -17 -8.52264
    endloop
  endfacet
  facet normal -0.998629 0 0.0523542
    outer loop
      vertex 27 -17 -8
      vertex 26.9726 -25 -8.52264
      vertex 27 -25 -8
    endloop
  endfacet
  facet normal -0.933557 0 0.358428
    outer loop
      vertex 26.5677 -25 -10.0337
      vertex 26.7553 -17 -9.54508
      vertex 26.5677 -17 -10.0337
    endloop
  endfacet
  facet normal -0.933557 0 0.358428
    outer loop
      vertex 26.7553 -17 -9.54508
      vertex 26.5677 -25 -10.0337
      vertex 26.7553 -25 -9.54508
    endloop
  endfacet
  facet normal -0.838692 0 0.544605
    outer loop
      vertex 26.0451 -25 -10.9389
      vertex 26.3301 -17 -10.5
      vertex 26.0451 -17 -10.9389
    endloop
  endfacet
  facet normal -0.838692 0 0.544605
    outer loop
      vertex 26.3301 -17 -10.5
      vertex 26.0451 -25 -10.9389
      vertex 26.3301 -25 -10.5
    endloop
  endfacet
  facet normal 0.544673 0 -0.838649
    outer loop
      vertex 19.0611 -25 -3.95492
      vertex 19.5 -17 -3.66987
      vertex 19.5 -25 -3.66987
    endloop
  endfacet
  facet normal 0.544673 0 -0.838649
    outer loop
      vertex 19.5 -17 -3.66987
      vertex 19.0611 -25 -3.95492
      vertex 19.0611 -17 -3.95492
    endloop
  endfacet
  facet normal -0.965951 0 0.258723
    outer loop
      vertex 26.7553 -25 -9.54508
      vertex 26.8907 -17 -9.03956
      vertex 26.7553 -17 -9.54508
    endloop
  endfacet
  facet normal -0.965951 0 0.258723
    outer loop
      vertex 26.8907 -17 -9.03956
      vertex 26.7553 -25 -9.54508
      vertex 26.8907 -25 -9.03956
    endloop
  endfacet
  facet normal 0.933552 0 -0.358441
    outer loop
      vertex 17.4323 -25 -5.96632
      vertex 17.2447 -17 -6.45492
      vertex 17.4323 -17 -5.96632
    endloop
  endfacet
  facet normal 0.933552 0 -0.358441
    outer loop
      vertex 17.2447 -17 -6.45492
      vertex 17.4323 -25 -5.96632
      vertex 17.2447 -25 -6.45492
    endloop
  endfacet
  facet normal 0.629251 0 -0.777202
    outer loop
      vertex 18.6543 -25 -4.28428
      vertex 19.0611 -17 -3.95492
      vertex 19.0611 -25 -3.95492
    endloop
  endfacet
  facet normal 0.629251 0 -0.777202
    outer loop
      vertex 19.0611 -17 -3.95492
      vertex 18.6543 -25 -4.28428
      vertex 18.6543 -17 -4.28428
    endloop
  endfacet
  facet normal 0.838692 -0 0.544605
    outer loop
      vertex 17.6699 -25 -10.5
      vertex 17.9549 -17 -10.9389
      vertex 17.6699 -17 -10.5
    endloop
  endfacet
  facet normal 0.838692 0 0.544605
    outer loop
      vertex 17.9549 -17 -10.9389
      vertex 17.6699 -25 -10.5
      vertex 17.9549 -25 -10.9389
    endloop
  endfacet
  facet normal 0.838709 0 -0.544579
    outer loop
      vertex 17.9549 -25 -5.06107
      vertex 17.6699 -17 -5.5
      vertex 17.9549 -17 -5.06107
    endloop
  endfacet
  facet normal 0.838709 0 -0.544579
    outer loop
      vertex 17.6699 -17 -5.5
      vertex 17.9549 -25 -5.06107
      vertex 17.6699 -25 -5.5
    endloop
  endfacet
  facet normal -0.454003 0 -0.891
    outer loop
      vertex 24.0337 -25 -3.43227
      vertex 24.5 -17 -3.66987
      vertex 24.5 -25 -3.66987
    endloop
  endfacet
  facet normal -0.454003 0 -0.891
    outer loop
      vertex 24.5 -17 -3.66987
      vertex 24.0337 -25 -3.43227
      vertex 24.0337 -17 -3.43227
    endloop
  endfacet
  facet normal -0.891 0 0.454003
    outer loop
      vertex 26.3301 -25 -10.5
      vertex 26.5677 -17 -10.0337
      vertex 26.3301 -17 -10.5
    endloop
  endfacet
  facet normal -0.891 0 0.454003
    outer loop
      vertex 26.5677 -17 -10.0337
      vertex 26.3301 -25 -10.5
      vertex 26.5677 -25 -10.0337
    endloop
  endfacet
  facet normal 0.629297 0 0.777165
    outer loop
      vertex 18.6543 -17 -11.7157
      vertex 19.0611 -25 -12.0451
      vertex 19.0611 -17 -12.0451
    endloop
  endfacet
  facet normal 0.629297 0 0.777165
    outer loop
      vertex 19.0611 -25 -12.0451
      vertex 18.6543 -17 -11.7157
      vertex 18.6543 -25 -11.7157
    endloop
  endfacet
  facet normal -0.454003 0 0.891
    outer loop
      vertex 24.0337 -17 -12.5677
      vertex 24.5 -25 -12.3301
      vertex 24.5 -17 -12.3301
    endloop
  endfacet
  facet normal -0.454003 0 0.891
    outer loop
      vertex 24.5 -25 -12.3301
      vertex 24.0337 -17 -12.5677
      vertex 24.0337 -25 -12.5677
    endloop
  endfacet
  facet normal -0.25884 0 -0.96592
    outer loop
      vertex 23.0396 -25 -3.10926
      vertex 23.5451 -17 -3.24472
      vertex 23.5451 -25 -3.24472
    endloop
  endfacet
  facet normal -0.25884 0 -0.96592
    outer loop
      vertex 23.5451 -17 -3.24472
      vertex 23.0396 -25 -3.10926
      vertex 23.0396 -17 -3.10926
    endloop
  endfacet
  facet normal -0.777165 0 0.629297
    outer loop
      vertex 25.7157 -25 -11.3457
      vertex 26.0451 -17 -10.9389
      vertex 25.7157 -17 -11.3457
    endloop
  endfacet
  facet normal -0.777165 0 0.629297
    outer loop
      vertex 26.0451 -17 -10.9389
      vertex 25.7157 -25 -11.3457
      vertex 26.0451 -25 -10.9389
    endloop
  endfacet
  facet normal -0.777104 0 -0.629372
    outer loop
      vertex 26.0451 -25 -5.06107
      vertex 25.7157 -17 -4.65435
      vertex 26.0451 -17 -5.06107
    endloop
  endfacet
  facet normal -0.777104 -0 -0.629372
    outer loop
      vertex 25.7157 -17 -4.65435
      vertex 26.0451 -25 -5.06107
      vertex 25.7157 -25 -4.65435
    endloop
  endfacet
  facet normal -0.544673 0 -0.838649
    outer loop
      vertex 24.5 -25 -3.66987
      vertex 24.9389 -17 -3.95492
      vertex 24.9389 -25 -3.95492
    endloop
  endfacet
  facet normal -0.544673 0 -0.838649
    outer loop
      vertex 24.9389 -17 -3.95492
      vertex 24.5 -25 -3.66987
      vertex 24.5 -17 -3.66987
    endloop
  endfacet
  facet normal 0.156407 0 -0.987693
    outer loop
      vertex 20.9604 -25 -3.10926
      vertex 21.4774 -17 -3.02739
      vertex 21.4774 -25 -3.02739
    endloop
  endfacet
  facet normal 0.156407 0 -0.987693
    outer loop
      vertex 21.4774 -17 -3.02739
      vertex 20.9604 -25 -3.10926
      vertex 20.9604 -17 -3.10926
    endloop
  endfacet
  facet normal -0.933552 0 -0.358441
    outer loop
      vertex 26.7553 -25 -6.45492
      vertex 26.5677 -17 -5.96632
      vertex 26.7553 -17 -6.45492
    endloop
  endfacet
  facet normal -0.933552 -0 -0.358441
    outer loop
      vertex 26.5677 -17 -5.96632
      vertex 26.7553 -25 -6.45492
      vertex 26.5677 -25 -5.96632
    endloop
  endfacet
  facet normal -0.0523392 0 -0.998629
    outer loop
      vertex 22 -25 -3
      vertex 22.5226 -17 -3.02739
      vertex 22.5226 -25 -3.02739
    endloop
  endfacet
  facet normal -0.0523392 0 -0.998629
    outer loop
      vertex 22.5226 -17 -3.02739
      vertex 22 -25 -3
      vertex 22 -17 -3
    endloop
  endfacet
  facet normal 0.98768 0 -0.156486
    outer loop
      vertex 17.1093 -25 -6.96044
      vertex 17.0274 -17 -7.47736
      vertex 17.1093 -17 -6.96044
    endloop
  endfacet
  facet normal 0.98768 0 -0.156486
    outer loop
      vertex 17.0274 -17 -7.47736
      vertex 17.1093 -25 -6.96044
      vertex 17.0274 -25 -7.47736
    endloop
  endfacet
  facet normal -0.891008 0 -0.453988
    outer loop
      vertex 26.5677 -25 -5.96632
      vertex 26.3301 -17 -5.5
      vertex 26.5677 -17 -5.96632
    endloop
  endfacet
  facet normal -0.891008 -0 -0.453988
    outer loop
      vertex 26.3301 -17 -5.5
      vertex 26.5677 -25 -5.96632
      vertex 26.3301 -25 -5.5
    endloop
  endfacet
  facet normal 0.454003 0 -0.891
    outer loop
      vertex 19.5 -25 -3.66987
      vertex 19.9663 -17 -3.43227
      vertex 19.9663 -25 -3.43227
    endloop
  endfacet
  facet normal 0.454003 0 -0.891
    outer loop
      vertex 19.9663 -17 -3.43227
      vertex 19.5 -25 -3.66987
      vertex 19.5 -17 -3.66987
    endloop
  endfacet
  facet normal -0.629297 0 0.777165
    outer loop
      vertex 24.9389 -17 -12.0451
      vertex 25.3457 -25 -11.7157
      vertex 25.3457 -17 -11.7157
    endloop
  endfacet
  facet normal -0.629297 0 0.777165
    outer loop
      vertex 25.3457 -25 -11.7157
      vertex 24.9389 -17 -12.0451
      vertex 24.9389 -25 -12.0451
    endloop
  endfacet
  facet normal 0.777104 0 -0.629372
    outer loop
      vertex 18.2843 -25 -4.65435
      vertex 17.9549 -17 -5.06107
      vertex 18.2843 -17 -4.65435
    endloop
  endfacet
  facet normal 0.777104 0 -0.629372
    outer loop
      vertex 17.9549 -17 -5.06107
      vertex 18.2843 -25 -4.65435
      vertex 17.9549 -25 -5.06107
    endloop
  endfacet
  facet normal 0.933557 -0 0.358428
    outer loop
      vertex 17.2447 -25 -9.54508
      vertex 17.4323 -17 -10.0337
      vertex 17.2447 -17 -9.54508
    endloop
  endfacet
  facet normal 0.933557 0 0.358428
    outer loop
      vertex 17.4323 -17 -10.0337
      vertex 17.2447 -25 -9.54508
      vertex 17.4323 -25 -10.0337
    endloop
  endfacet
  facet normal 0.965951 0 -0.258723
    outer loop
      vertex 17.2447 -25 -6.45492
      vertex 17.1093 -17 -6.96044
      vertex 17.2447 -17 -6.45492
    endloop
  endfacet
  facet normal 0.965951 0 -0.258723
    outer loop
      vertex 17.1093 -17 -6.96044
      vertex 17.2447 -25 -6.45492
      vertex 17.1093 -25 -6.96044
    endloop
  endfacet
  facet normal 0.891 -0 0.454003
    outer loop
      vertex 17.4323 -25 -10.0337
      vertex 17.6699 -17 -10.5
      vertex 17.4323 -17 -10.0337
    endloop
  endfacet
  facet normal 0.891 0 0.454003
    outer loop
      vertex 17.6699 -17 -10.5
      vertex 17.4323 -25 -10.0337
      vertex 17.6699 -25 -10.5
    endloop
  endfacet
  facet normal -0.258733 0 0.965949
    outer loop
      vertex 23.0396 -17 -12.8907
      vertex 23.5451 -25 -12.7553
      vertex 23.5451 -17 -12.7553
    endloop
  endfacet
  facet normal -0.258733 0 0.965949
    outer loop
      vertex 23.5451 -25 -12.7553
      vertex 23.0396 -17 -12.8907
      vertex 23.0396 -25 -12.8907
    endloop
  endfacet
  facet normal 0.258733 0 0.965949
    outer loop
      vertex 20.4549 -17 -12.7553
      vertex 20.9604 -25 -12.8907
      vertex 20.9604 -17 -12.8907
    endloop
  endfacet
  facet normal 0.258733 0 0.965949
    outer loop
      vertex 20.9604 -25 -12.8907
      vertex 20.4549 -17 -12.7553
      vertex 20.4549 -25 -12.7553
    endloop
  endfacet
  facet normal 0.454003 0 0.891
    outer loop
      vertex 19.5 -17 -12.3301
      vertex 19.9663 -25 -12.5677
      vertex 19.9663 -17 -12.5677
    endloop
  endfacet
  facet normal 0.454003 0 0.891
    outer loop
      vertex 19.9663 -25 -12.5677
      vertex 19.5 -17 -12.3301
      vertex 19.5 -25 -12.3301
    endloop
  endfacet
  facet normal 0.998629 -0 0.0523542
    outer loop
      vertex 17 -25 -8
      vertex 17.0274 -17 -8.52264
      vertex 17 -17 -8
    endloop
  endfacet
  facet normal 0.998629 0 0.0523542
    outer loop
      vertex 17.0274 -17 -8.52264
      vertex 17 -25 -8
      vertex 17.0274 -25 -8.52264
    endloop
  endfacet
  facet normal 0.358358 0 -0.933584
    outer loop
      vertex 19.9663 -25 -3.43227
      vertex 20.4549 -17 -3.24472
      vertex 20.4549 -25 -3.24472
    endloop
  endfacet
  facet normal 0.358358 0 -0.933584
    outer loop
      vertex 20.4549 -17 -3.24472
      vertex 19.9663 -25 -3.43227
      vertex 19.9663 -17 -3.43227
    endloop
  endfacet
  facet normal 0.777165 -0 0.629297
    outer loop
      vertex 17.9549 -25 -10.9389
      vertex 18.2843 -17 -11.3457
      vertex 17.9549 -17 -10.9389
    endloop
  endfacet
  facet normal 0.777165 0 0.629297
    outer loop
      vertex 18.2843 -17 -11.3457
      vertex 17.9549 -25 -10.9389
      vertex 18.2843 -25 -11.3457
    endloop
  endfacet
  facet normal 0.707107 -0 0.707107
    outer loop
      vertex 18.2843 -25 -11.3457
      vertex 18.6543 -17 -11.7157
      vertex 18.2843 -17 -11.3457
    endloop
  endfacet
  facet normal 0.707107 0 0.707107
    outer loop
      vertex 18.6543 -17 -11.7157
      vertex 18.2843 -25 -11.3457
      vertex 18.6543 -25 -11.7157
    endloop
  endfacet
  facet normal -0.544605 0 0.838692
    outer loop
      vertex 24.5 -17 -12.3301
      vertex 24.9389 -25 -12.0451
      vertex 24.9389 -17 -12.0451
    endloop
  endfacet
  facet normal -0.544605 0 0.838692
    outer loop
      vertex 24.9389 -25 -12.0451
      vertex 24.5 -17 -12.3301
      vertex 24.5 -25 -12.3301
    endloop
  endfacet
  facet normal 0.0523582 0 0.998628
    outer loop
      vertex 21.4774 -17 -12.9726
      vertex 22 -25 -13
      vertex 22 -17 -13
    endloop
  endfacet
  facet normal 0.0523582 0 0.998628
    outer loop
      vertex 22 -25 -13
      vertex 21.4774 -17 -12.9726
      vertex 21.4774 -25 -12.9726
    endloop
  endfacet
  facet normal 0.998629 0 -0.0523542
    outer loop
      vertex 17.0274 -25 -7.47736
      vertex 17 -17 -8
      vertex 17.0274 -17 -7.47736
    endloop
  endfacet
  facet normal 0.998629 0 -0.0523542
    outer loop
      vertex 17 -17 -8
      vertex 17.0274 -25 -7.47736
      vertex 17 -25 -8
    endloop
  endfacet
  facet normal 0.358441 0 0.933552
    outer loop
      vertex 19.9663 -17 -12.5677
      vertex 20.4549 -25 -12.7553
      vertex 20.4549 -17 -12.7553
    endloop
  endfacet
  facet normal 0.358441 0 0.933552
    outer loop
      vertex 20.4549 -25 -12.7553
      vertex 19.9663 -17 -12.5677
      vertex 19.9663 -25 -12.5677
    endloop
  endfacet
  facet normal 0.156463 0 0.987684
    outer loop
      vertex 20.9604 -17 -12.8907
      vertex 21.4774 -25 -12.9726
      vertex 21.4774 -17 -12.9726
    endloop
  endfacet
  facet normal 0.156463 0 0.987684
    outer loop
      vertex 21.4774 -25 -12.9726
      vertex 20.9604 -17 -12.8907
      vertex 20.9604 -25 -12.8907
    endloop
  endfacet
  facet normal 0.544605 0 0.838692
    outer loop
      vertex 19.0611 -17 -12.0451
      vertex 19.5 -25 -12.3301
      vertex 19.5 -17 -12.3301
    endloop
  endfacet
  facet normal 0.544605 0 0.838692
    outer loop
      vertex 19.5 -25 -12.3301
      vertex 19.0611 -17 -12.0451
      vertex 19.0611 -25 -12.0451
    endloop
  endfacet
  facet normal -0.707107 0 0.707107
    outer loop
      vertex 25.3457 -25 -11.7157
      vertex 25.7157 -17 -11.3457
      vertex 25.3457 -17 -11.7157
    endloop
  endfacet
  facet normal -0.707107 0 0.707107
    outer loop
      vertex 25.7157 -17 -11.3457
      vertex 25.3457 -25 -11.7157
      vertex 25.7157 -25 -11.3457
    endloop
  endfacet
  facet normal 0.987723 0 -0.156213
    outer loop
      vertex 23.989 -27 -8.20906
      vertex 23.9563 -15 -8.41582
      vertex 23.989 -15 -8.20906
    endloop
  endfacet
  facet normal 0.987723 0 -0.156213
    outer loop
      vertex 23.9563 -15 -8.41582
      vertex 23.989 -27 -8.20906
      vertex 23.9563 -27 -8.41582
    endloop
  endfacet
  facet normal 0.987723 -0 0.156213
    outer loop
      vertex 23.9563 -27 -7.58418
      vertex 23.989 -15 -7.79094
      vertex 23.9563 -15 -7.58418
    endloop
  endfacet
  facet normal 0.987723 0 0.156213
    outer loop
      vertex 23.989 -15 -7.79094
      vertex 23.9563 -27 -7.58418
      vertex 23.989 -27 -7.79094
    endloop
  endfacet
  facet normal 0.998619 -0 0.0525438
    outer loop
      vertex 23.989 -27 -7.79094
      vertex 24 -15 -8
      vertex 23.989 -15 -7.79094
    endloop
  endfacet
  facet normal 0.998619 0 0.0525438
    outer loop
      vertex 24 -15 -8
      vertex 23.989 -27 -7.79094
      vertex 24 -27 -8
    endloop
  endfacet
  facet normal 0.965904 -0 0.258899
    outer loop
      vertex 23.9021 -27 -7.38197
      vertex 23.9563 -15 -7.58418
      vertex 23.9021 -15 -7.38197
    endloop
  endfacet
  facet normal 0.965904 0 0.258899
    outer loop
      vertex 23.9563 -15 -7.58418
      vertex 23.9021 -27 -7.38197
      vertex 23.9563 -27 -7.58418
    endloop
  endfacet
  facet normal 0.838707 -0 0.544584
    outer loop
      vertex 23.618 -27 -6.82443
      vertex 23.732 -15 -7
      vertex 23.618 -15 -6.82443
    endloop
  endfacet
  facet normal 0.838707 0 0.544584
    outer loop
      vertex 23.732 -15 -7
      vertex 23.618 -27 -6.82443
      vertex 23.732 -27 -7
    endloop
  endfacet
  facet normal -0.0523433 0 0.998629
    outer loop
      vertex 21.7909 -15 -6.01096
      vertex 22 -27 -6
      vertex 22 -15 -6
    endloop
  endfacet
  facet normal -0.0523433 0 0.998629
    outer loop
      vertex 22 -27 -6
      vertex 21.7909 -15 -6.01096
      vertex 21.7909 -27 -6.01096
    endloop
  endfacet
  facet normal 0.998619 0 -0.0525438
    outer loop
      vertex 24 -27 -8
      vertex 23.989 -15 -8.20906
      vertex 24 -15 -8
    endloop
  endfacet
  facet normal 0.998619 0 -0.0525438
    outer loop
      vertex 23.989 -15 -8.20906
      vertex 24 -27 -8
      vertex 23.989 -27 -8.20906
    endloop
  endfacet
  facet normal 0.777248 -0 0.629194
    outer loop
      vertex 23.4863 -27 -6.66174
      vertex 23.618 -15 -6.82443
      vertex 23.4863 -15 -6.66174
    endloop
  endfacet
  facet normal 0.777248 0 0.629194
    outer loop
      vertex 23.618 -15 -6.82443
      vertex 23.4863 -27 -6.66174
      vertex 23.618 -27 -6.82443
    endloop
  endfacet
  facet normal -0.987723 0 -0.156213
    outer loop
      vertex 20.0437 -27 -8.41582
      vertex 20.011 -15 -8.20906
      vertex 20.0437 -15 -8.41582
    endloop
  endfacet
  facet normal -0.987723 -0 -0.156213
    outer loop
      vertex 20.011 -15 -8.20906
      vertex 20.0437 -27 -8.41582
      vertex 20.011 -27 -8.20906
    endloop
  endfacet
  facet normal -0.890894 0 0.454211
    outer loop
      vertex 20.1729 -27 -7.18653
      vertex 20.268 -15 -7
      vertex 20.1729 -15 -7.18653
    endloop
  endfacet
  facet normal -0.890894 0 0.454211
    outer loop
      vertex 20.268 -15 -7
      vertex 20.1729 -27 -7.18653
      vertex 20.268 -27 -7
    endloop
  endfacet
  facet normal 0.258867 0 0.965913
    outer loop
      vertex 22.4158 -15 -6.0437
      vertex 22.618 -27 -6.09789
      vertex 22.618 -15 -6.09789
    endloop
  endfacet
  facet normal 0.258867 0 0.965913
    outer loop
      vertex 22.618 -27 -6.09789
      vertex 22.4158 -15 -6.0437
      vertex 22.4158 -27 -6.0437
    endloop
  endfacet
  facet normal 0.358262 0 0.933621
    outer loop
      vertex 22.618 -15 -6.09789
      vertex 22.8135 -27 -6.17291
      vertex 22.8135 -15 -6.17291
    endloop
  endfacet
  facet normal 0.358262 0 0.933621
    outer loop
      vertex 22.8135 -27 -6.17291
      vertex 22.618 -15 -6.09789
      vertex 22.618 -27 -6.09789
    endloop
  endfacet
  facet normal -0.965904 0 -0.258899
    outer loop
      vertex 20.0979 -27 -8.61803
      vertex 20.0437 -15 -8.41582
      vertex 20.0979 -15 -8.61803
    endloop
  endfacet
  facet normal -0.965904 -0 -0.258899
    outer loop
      vertex 20.0437 -15 -8.41582
      vertex 20.0979 -27 -8.61803
      vertex 20.0437 -27 -8.41582
    endloop
  endfacet
  facet normal 0.629286 0 0.777174
    outer loop
      vertex 23.1756 -15 -6.38197
      vertex 23.3383 -27 -6.51371
      vertex 23.3383 -15 -6.51371
    endloop
  endfacet
  facet normal 0.629286 0 0.777174
    outer loop
      vertex 23.3383 -27 -6.51371
      vertex 23.1756 -15 -6.38197
      vertex 23.1756 -27 -6.38197
    endloop
  endfacet
  facet normal 0.358262 0 -0.933621
    outer loop
      vertex 22.618 -27 -9.90211
      vertex 22.8135 -15 -9.82709
      vertex 22.8135 -27 -9.82709
    endloop
  endfacet
  facet normal 0.358262 0 -0.933621
    outer loop
      vertex 22.8135 -15 -9.82709
      vertex 22.618 -27 -9.90211
      vertex 22.618 -15 -9.90211
    endloop
  endfacet
  facet normal -0.777248 0 0.629194
    outer loop
      vertex 20.382 -27 -6.82443
      vertex 20.5137 -15 -6.66174
      vertex 20.382 -15 -6.82443
    endloop
  endfacet
  facet normal -0.777248 0 0.629194
    outer loop
      vertex 20.5137 -15 -6.66174
      vertex 20.382 -27 -6.82443
      vertex 20.5137 -27 -6.66174
    endloop
  endfacet
  facet normal -0.258867 0 0.965913
    outer loop
      vertex 21.382 -15 -6.09789
      vertex 21.5842 -27 -6.0437
      vertex 21.5842 -15 -6.0437
    endloop
  endfacet
  facet normal -0.258867 0 0.965913
    outer loop
      vertex 21.5842 -27 -6.0437
      vertex 21.382 -15 -6.09789
      vertex 21.382 -27 -6.09789
    endloop
  endfacet
  facet normal -0.707178 0 0.707035
    outer loop
      vertex 20.5137 -15 -6.66174
      vertex 20.6617 -27 -6.51371
      vertex 20.6617 -15 -6.51371
    endloop
  endfacet
  facet normal -0.707178 0 0.707035
    outer loop
      vertex 20.6617 -27 -6.51371
      vertex 20.5137 -15 -6.66174
      vertex 20.5137 -27 -6.66174
    endloop
  endfacet
  facet normal -0.544585 0 0.838705
    outer loop
      vertex 20.8244 -15 -6.38197
      vertex 21 -27 -6.26795
      vertex 21 -15 -6.26795
    endloop
  endfacet
  facet normal -0.544585 0 0.838705
    outer loop
      vertex 21 -27 -6.26795
      vertex 20.8244 -15 -6.38197
      vertex 20.8244 -27 -6.38197
    endloop
  endfacet
  facet normal 0.965904 0 -0.258899
    outer loop
      vertex 23.9563 -27 -8.41582
      vertex 23.9021 -15 -8.61803
      vertex 23.9563 -15 -8.41582
    endloop
  endfacet
  facet normal 0.965904 0 -0.258899
    outer loop
      vertex 23.9021 -15 -8.61803
      vertex 23.9563 -27 -8.41582
      vertex 23.9021 -27 -8.61803
    endloop
  endfacet
  facet normal 0.0523433 0 -0.998629
    outer loop
      vertex 22 -27 -10
      vertex 22.2091 -15 -9.98904
      vertex 22.2091 -27 -9.98904
    endloop
  endfacet
  facet normal 0.0523433 0 -0.998629
    outer loop
      vertex 22.2091 -15 -9.98904
      vertex 22 -27 -10
      vertex 22 -15 -10
    endloop
  endfacet
  facet normal 0.544585 0 0.838705
    outer loop
      vertex 23 -15 -6.26795
      vertex 23.1756 -27 -6.38197
      vertex 23.1756 -15 -6.38197
    endloop
  endfacet
  facet normal 0.544585 0 0.838705
    outer loop
      vertex 23.1756 -27 -6.38197
      vertex 23 -15 -6.26795
      vertex 23 -27 -6.26795
    endloop
  endfacet
  facet normal -0.838707 0 -0.544584
    outer loop
      vertex 20.382 -27 -9.17557
      vertex 20.268 -15 -9
      vertex 20.382 -15 -9.17557
    endloop
  endfacet
  facet normal -0.838707 -0 -0.544584
    outer loop
      vertex 20.268 -15 -9
      vertex 20.382 -27 -9.17557
      vertex 20.268 -27 -9
    endloop
  endfacet
  facet normal 0.156443 0 -0.987687
    outer loop
      vertex 22.2091 -27 -9.98904
      vertex 22.4158 -15 -9.9563
      vertex 22.4158 -27 -9.9563
    endloop
  endfacet
  facet normal 0.156443 0 -0.987687
    outer loop
      vertex 22.4158 -15 -9.9563
      vertex 22.2091 -27 -9.98904
      vertex 22.2091 -15 -9.98904
    endloop
  endfacet
  facet normal -0.156443 0 -0.987687
    outer loop
      vertex 21.5842 -27 -9.9563
      vertex 21.7909 -15 -9.98904
      vertex 21.7909 -27 -9.98904
    endloop
  endfacet
  facet normal -0.156443 0 -0.987687
    outer loop
      vertex 21.7909 -15 -9.98904
      vertex 21.5842 -27 -9.9563
      vertex 21.5842 -15 -9.9563
    endloop
  endfacet
  facet normal -0.454042 0 -0.89098
    outer loop
      vertex 21 -27 -9.73205
      vertex 21.1865 -15 -9.82709
      vertex 21.1865 -27 -9.82709
    endloop
  endfacet
  facet normal -0.454042 0 -0.89098
    outer loop
      vertex 21.1865 -15 -9.82709
      vertex 21 -27 -9.73205
      vertex 21 -15 -9.73205
    endloop
  endfacet
  facet normal 0 -1 0
    outer loop
      vertex 21.7909 -27 -6.01096
      vertex 22.2091 -27 -6.01096
      vertex 22 -27 -6
    endloop
  endfacet
  facet normal 0 -1 0
    outer loop
      vertex 21.5842 -27 -6.0437
      vertex 22.2091 -27 -6.01096
      vertex 21.7909 -27 -6.01096
    endloop
  endfacet
  facet normal 0 -1 0
    outer loop
      vertex 21.5842 -27 -6.0437
      vertex 22.4158 -27 -6.0437
      vertex 22.2091 -27 -6.01096
    endloop
  endfacet
  facet normal 0 -1 0
    outer loop
      vertex 21.382 -27 -6.09789
      vertex 22.4158 -27 -6.0437
      vertex 21.5842 -27 -6.0437
    endloop
  endfacet
  facet normal 0 -1 0
    outer loop
      vertex 21.382 -27 -6.09789
      vertex 22.618 -27 -6.09789
      vertex 22.4158 -27 -6.0437
    endloop
  endfacet
  facet normal 0 -1 0
    outer loop
      vertex 21.1865 -27 -6.17291
      vertex 22.618 -27 -6.09789
      vertex 21.382 -27 -6.09789
    endloop
  endfacet
  facet normal 0 -1 0
    outer loop
      vertex 21.1865 -27 -6.17291
      vertex 22.8135 -27 -6.17291
      vertex 22.618 -27 -6.09789
    endloop
  endfacet
  facet normal 0 -1 0
    outer loop
      vertex 21 -27 -6.26795
      vertex 22.8135 -27 -6.17291
      vertex 21.1865 -27 -6.17291
    endloop
  endfacet
  facet normal 0 -1 0
    outer loop
      vertex 21 -27 -6.26795
      vertex 23 -27 -6.26795
      vertex 22.8135 -27 -6.17291
    endloop
  endfacet
  facet normal 0 -1 0
    outer loop
      vertex 20.8244 -27 -6.38197
      vertex 23 -27 -6.26795
      vertex 21 -27 -6.26795
    endloop
  endfacet
  facet normal 0 -1 0
    outer loop
      vertex 20.8244 -27 -6.38197
      vertex 23.1756 -27 -6.38197
      vertex 23 -27 -6.26795
    endloop
  endfacet
  facet normal 0 -1 0
    outer loop
      vertex 20.6617 -27 -6.51371
      vertex 23.1756 -27 -6.38197
      vertex 20.8244 -27 -6.38197
    endloop
  endfacet
  facet normal 0 -1 0
    outer loop
      vertex 20.6617 -27 -6.51371
      vertex 23.3383 -27 -6.51371
      vertex 23.1756 -27 -6.38197
    endloop
  endfacet
  facet normal 0 -1 0
    outer loop
      vertex 20.5137 -27 -6.66174
      vertex 23.3383 -27 -6.51371
      vertex 20.6617 -27 -6.51371
    endloop
  endfacet
  facet normal 0 -1 0
    outer loop
      vertex 20.5137 -27 -6.66174
      vertex 23.4863 -27 -6.66174
      vertex 23.3383 -27 -6.51371
    endloop
  endfacet
  facet normal 0 -1 0
    outer loop
      vertex 20.382 -27 -6.82443
      vertex 23.4863 -27 -6.66174
      vertex 20.5137 -27 -6.66174
    endloop
  endfacet
  facet normal 0 -1 0
    outer loop
      vertex 20.382 -27 -6.82443
      vertex 23.618 -27 -6.82443
      vertex 23.4863 -27 -6.66174
    endloop
  endfacet
  facet normal 0 -1 0
    outer loop
      vertex 20.268 -27 -7
      vertex 23.618 -27 -6.82443
      vertex 20.382 -27 -6.82443
    endloop
  endfacet
  facet normal 0 -1 0
    outer loop
      vertex 20.268 -27 -7
      vertex 23.732 -27 -7
      vertex 23.618 -27 -6.82443
    endloop
  endfacet
  facet normal 0 -1 0
    outer loop
      vertex 20.1729 -27 -7.18653
      vertex 23.732 -27 -7
      vertex 20.268 -27 -7
    endloop
  endfacet
  facet normal 0 -1 0
    outer loop
      vertex 20.1729 -27 -7.18653
      vertex 23.8271 -27 -7.18653
      vertex 23.732 -27 -7
    endloop
  endfacet
  facet normal 0 -1 0
    outer loop
      vertex 20.0979 -27 -7.38197
      vertex 23.8271 -27 -7.18653
      vertex 20.1729 -27 -7.18653
    endloop
  endfacet
  facet normal 0 -1 0
    outer loop
      vertex 20.0979 -27 -7.38197
      vertex 23.9021 -27 -7.38197
      vertex 23.8271 -27 -7.18653
    endloop
  endfacet
  facet normal 0 -1 0
    outer loop
      vertex 20.0437 -27 -7.58418
      vertex 23.9021 -27 -7.38197
      vertex 20.0979 -27 -7.38197
    endloop
  endfacet
  facet normal 0 -1 0
    outer loop
      vertex 20.0437 -27 -7.58418
      vertex 23.9563 -27 -7.58418
      vertex 23.9021 -27 -7.38197
    endloop
  endfacet
  facet normal 0 -1 0
    outer loop
      vertex 20.011 -27 -7.79094
      vertex 23.9563 -27 -7.58418
      vertex 20.0437 -27 -7.58418
    endloop
  endfacet
  facet normal 0 -1 0
    outer loop
      vertex 20.011 -27 -7.79094
      vertex 23.989 -27 -7.79094
      vertex 23.9563 -27 -7.58418
    endloop
  endfacet
  facet normal 0 -1 0
    outer loop
      vertex 20 -27 -8
      vertex 23.989 -27 -7.79094
      vertex 20.011 -27 -7.79094
    endloop
  endfacet
  facet normal 0 -1 0
    outer loop
      vertex 20 -27 -8
      vertex 24 -27 -8
      vertex 23.989 -27 -7.79094
    endloop
  endfacet
  facet normal 0 -1 0
    outer loop
      vertex 20.011 -27 -8.20906
      vertex 24 -27 -8
      vertex 20 -27 -8
    endloop
  endfacet
  facet normal 0 -1 0
    outer loop
      vertex 20.011 -27 -8.20906
      vertex 23.989 -27 -8.20906
      vertex 24 -27 -8
    endloop
  endfacet
  facet normal 0 -1 0
    outer loop
      vertex 20.0437 -27 -8.41582
      vertex 23.989 -27 -8.20906
      vertex 20.011 -27 -8.20906
    endloop
  endfacet
  facet normal 0 -1 0
    outer loop
      vertex 20.0437 -27 -8.41582
      vertex 23.9563 -27 -8.41582
      vertex 23.989 -27 -8.20906
    endloop
  endfacet
  facet normal 0 -1 0
    outer loop
      vertex 20.0979 -27 -8.61803
      vertex 23.9563 -27 -8.41582
      vertex 20.0437 -27 -8.41582
    endloop
  endfacet
  facet normal 0 -1 0
    outer loop
      vertex 20.0979 -27 -8.61803
      vertex 23.9021 -27 -8.61803
      vertex 23.9563 -27 -8.41582
    endloop
  endfacet
  facet normal 0 -1 0
    outer loop
      vertex 20.1729 -27 -8.81347
      vertex 23.9021 -27 -8.61803
      vertex 20.0979 -27 -8.61803
    endloop
  endfacet
  facet normal 0 -1 0
    outer loop
      vertex 20.1729 -27 -8.81347
      vertex 23.8271 -27 -8.81347
      vertex 23.9021 -27 -8.61803
    endloop
  endfacet
  facet normal 0 -1 0
    outer loop
      vertex 20.268 -27 -9
      vertex 23.8271 -27 -8.81347
      vertex 20.1729 -27 -8.81347
    endloop
  endfacet
  facet normal 0 -1 0
    outer loop
      vertex 20.268 -27 -9
      vertex 23.732 -27 -9
      vertex 23.8271 -27 -8.81347
    endloop
  endfacet
  facet normal 0 -1 0
    outer loop
      vertex 20.382 -27 -9.17557
      vertex 23.732 -27 -9
      vertex 20.268 -27 -9
    endloop
  endfacet
  facet normal 0 -1 0
    outer loop
      vertex 20.382 -27 -9.17557
      vertex 23.618 -27 -9.17557
      vertex 23.732 -27 -9
    endloop
  endfacet
  facet normal 0 -1 0
    outer loop
      vertex 20.5137 -27 -9.33826
      vertex 23.618 -27 -9.17557
      vertex 20.382 -27 -9.17557
    endloop
  endfacet
  facet normal 0 -1 0
    outer loop
      vertex 20.5137 -27 -9.33826
      vertex 23.4863 -27 -9.33826
      vertex 23.618 -27 -9.17557
    endloop
  endfacet
  facet normal 0 -1 0
    outer loop
      vertex 20.6617 -27 -9.48629
      vertex 23.4863 -27 -9.33826
      vertex 20.5137 -27 -9.33826
    endloop
  endfacet
  facet normal 0 -1 0
    outer loop
      vertex 20.6617 -27 -9.48629
      vertex 23.3383 -27 -9.48629
      vertex 23.4863 -27 -9.33826
    endloop
  endfacet
  facet normal 0 -1 0
    outer loop
      vertex 20.8244 -27 -9.61803
      vertex 23.3383 -27 -9.48629
      vertex 20.6617 -27 -9.48629
    endloop
  endfacet
  facet normal 0 -1 0
    outer loop
      vertex 20.8244 -27 -9.61803
      vertex 23.1756 -27 -9.61803
      vertex 23.3383 -27 -9.48629
    endloop
  endfacet
  facet normal 0 -1 0
    outer loop
      vertex 21 -27 -9.73205
      vertex 23.1756 -27 -9.61803
      vertex 20.8244 -27 -9.61803
    endloop
  endfacet
  facet normal 0 -1 0
    outer loop
      vertex 21 -27 -9.73205
      vertex 23 -27 -9.73205
      vertex 23.1756 -27 -9.61803
    endloop
  endfacet
  facet normal 0 -1 0
    outer loop
      vertex 21.1865 -27 -9.82709
      vertex 23 -27 -9.73205
      vertex 21 -27 -9.73205
    endloop
  endfacet
  facet normal 0 -1 0
    outer loop
      vertex 21.1865 -27 -9.82709
      vertex 22.8135 -27 -9.82709
      vertex 23 -27 -9.73205
    endloop
  endfacet
  facet normal 0 -1 0
    outer loop
      vertex 21.382 -27 -9.90211
      vertex 22.8135 -27 -9.82709
      vertex 21.1865 -27 -9.82709
    endloop
  endfacet
  facet normal 0 -1 0
    outer loop
      vertex 21.382 -27 -9.90211
      vertex 22.618 -27 -9.90211
      vertex 22.8135 -27 -9.82709
    endloop
  endfacet
  facet normal 0 -1 0
    outer loop
      vertex 21.5842 -27 -9.9563
      vertex 22.618 -27 -9.90211
      vertex 21.382 -27 -9.90211
    endloop
  endfacet
  facet normal 0 -1 0
    outer loop
      vertex 21.5842 -27 -9.9563
      vertex 22.4158 -27 -9.9563
      vertex 22.618 -27 -9.90211
    endloop
  endfacet
  facet normal 0 -1 0
    outer loop
      vertex 21.7909 -27 -9.98904
      vertex 22.4158 -27 -9.9563
      vertex 21.5842 -27 -9.9563
    endloop
  endfacet
  facet normal 0 -1 0
    outer loop
      vertex 21.7909 -27 -9.98904
      vertex 22.2091 -27 -9.98904
      vertex 22.4158 -27 -9.9563
    endloop
  endfacet
  facet normal -0 -1 0
    outer loop
      vertex 22.2091 -27 -9.98904
      vertex 21.7909 -27 -9.98904
      vertex 22 -27 -10
    endloop
  endfacet
  facet normal -0.358262 0 0.933621
    outer loop
      vertex 21.1865 -15 -6.17291
      vertex 21.382 -27 -6.09789
      vertex 21.382 -15 -6.09789
    endloop
  endfacet
  facet normal -0.358262 0 0.933621
    outer loop
      vertex 21.382 -27 -6.09789
      vertex 21.1865 -15 -6.17291
      vertex 21.1865 -27 -6.17291
    endloop
  endfacet
  facet normal 0.454042 0 0.89098
    outer loop
      vertex 22.8135 -15 -6.17291
      vertex 23 -27 -6.26795
      vertex 23 -15 -6.26795
    endloop
  endfacet
  facet normal 0.454042 0 0.89098
    outer loop
      vertex 23 -27 -6.26795
      vertex 22.8135 -15 -6.17291
      vertex 22.8135 -27 -6.17291
    endloop
  endfacet
  facet normal 0.890894 0 -0.454211
    outer loop
      vertex 23.8271 -27 -8.81347
      vertex 23.732 -15 -9
      vertex 23.8271 -15 -8.81347
    endloop
  endfacet
  facet normal 0.890894 0 -0.454211
    outer loop
      vertex 23.732 -15 -9
      vertex 23.8271 -27 -8.81347
      vertex 23.732 -27 -9
    endloop
  endfacet
  facet normal 0.707178 0 0.707035
    outer loop
      vertex 23.3383 -15 -6.51371
      vertex 23.4863 -27 -6.66174
      vertex 23.4863 -15 -6.66174
    endloop
  endfacet
  facet normal 0.707178 0 0.707035
    outer loop
      vertex 23.4863 -27 -6.66174
      vertex 23.3383 -15 -6.51371
      vertex 23.3383 -27 -6.51371
    endloop
  endfacet
  facet normal -0.629286 0 -0.777174
    outer loop
      vertex 20.6617 -27 -9.48629
      vertex 20.8244 -15 -9.61803
      vertex 20.8244 -27 -9.61803
    endloop
  endfacet
  facet normal -0.629286 0 -0.777174
    outer loop
      vertex 20.8244 -15 -9.61803
      vertex 20.6617 -27 -9.48629
      vertex 20.6617 -15 -9.48629
    endloop
  endfacet
  facet normal 0.838707 0 -0.544584
    outer loop
      vertex 23.732 -27 -9
      vertex 23.618 -15 -9.17557
      vertex 23.732 -15 -9
    endloop
  endfacet
  facet normal 0.838707 0 -0.544584
    outer loop
      vertex 23.618 -15 -9.17557
      vertex 23.732 -27 -9
      vertex 23.618 -27 -9.17557
    endloop
  endfacet
  facet normal 0.454042 0 -0.89098
    outer loop
      vertex 22.8135 -27 -9.82709
      vertex 23 -15 -9.73205
      vertex 23 -27 -9.73205
    endloop
  endfacet
  facet normal 0.454042 0 -0.89098
    outer loop
      vertex 23 -15 -9.73205
      vertex 22.8135 -27 -9.82709
      vertex 22.8135 -15 -9.82709
    endloop
  endfacet
  facet normal -0.156443 0 0.987687
    outer loop
      vertex 21.5842 -15 -6.0437
      vertex 21.7909 -27 -6.01096
      vertex 21.7909 -15 -6.01096
    endloop
  endfacet
  facet normal -0.156443 0 0.987687
    outer loop
      vertex 21.7909 -27 -6.01096
      vertex 21.5842 -15 -6.0437
      vertex 21.5842 -27 -6.0437
    endloop
  endfacet
  facet normal 0.933616 -0 0.358275
    outer loop
      vertex 23.8271 -27 -7.18653
      vertex 23.9021 -15 -7.38197
      vertex 23.8271 -15 -7.18653
    endloop
  endfacet
  facet normal 0.933616 0 0.358275
    outer loop
      vertex 23.9021 -15 -7.38197
      vertex 23.8271 -27 -7.18653
      vertex 23.9021 -27 -7.38197
    endloop
  endfacet
  facet normal 0.777248 0 -0.629194
    outer loop
      vertex 23.618 -27 -9.17557
      vertex 23.4863 -15 -9.33826
      vertex 23.618 -15 -9.17557
    endloop
  endfacet
  facet normal 0.777248 0 -0.629194
    outer loop
      vertex 23.4863 -15 -9.33826
      vertex 23.618 -27 -9.17557
      vertex 23.4863 -27 -9.33826
    endloop
  endfacet
  facet normal -0.933616 0 -0.358275
    outer loop
      vertex 20.1729 -27 -8.81347
      vertex 20.0979 -15 -8.61803
      vertex 20.1729 -15 -8.81347
    endloop
  endfacet
  facet normal -0.933616 -0 -0.358275
    outer loop
      vertex 20.0979 -15 -8.61803
      vertex 20.1729 -27 -8.81347
      vertex 20.0979 -27 -8.61803
    endloop
  endfacet
  facet normal -0.987723 0 0.156213
    outer loop
      vertex 20.011 -27 -7.79094
      vertex 20.0437 -15 -7.58418
      vertex 20.011 -15 -7.79094
    endloop
  endfacet
  facet normal -0.987723 0 0.156213
    outer loop
      vertex 20.0437 -15 -7.58418
      vertex 20.011 -27 -7.79094
      vertex 20.0437 -27 -7.58418
    endloop
  endfacet
  facet normal 0.0523433 0 0.998629
    outer loop
      vertex 22 -15 -6
      vertex 22.2091 -27 -6.01096
      vertex 22.2091 -15 -6.01096
    endloop
  endfacet
  facet normal 0.0523433 0 0.998629
    outer loop
      vertex 22.2091 -27 -6.01096
      vertex 22 -15 -6
      vertex 22 -27 -6
    endloop
  endfacet
  facet normal 0.890894 -0 0.454211
    outer loop
      vertex 23.732 -27 -7
      vertex 23.8271 -15 -7.18653
      vertex 23.732 -15 -7
    endloop
  endfacet
  facet normal 0.890894 0 0.454211
    outer loop
      vertex 23.8271 -15 -7.18653
      vertex 23.732 -27 -7
      vertex 23.8271 -27 -7.18653
    endloop
  endfacet
  facet normal -0.838707 0 0.544584
    outer loop
      vertex 20.268 -27 -7
      vertex 20.382 -15 -6.82443
      vertex 20.268 -15 -7
    endloop
  endfacet
  facet normal -0.838707 0 0.544584
    outer loop
      vertex 20.382 -15 -6.82443
      vertex 20.268 -27 -7
      vertex 20.382 -27 -6.82443
    endloop
  endfacet
  facet normal -0.629286 0 0.777174
    outer loop
      vertex 20.6617 -15 -6.51371
      vertex 20.8244 -27 -6.38197
      vertex 20.8244 -15 -6.38197
    endloop
  endfacet
  facet normal -0.629286 0 0.777174
    outer loop
      vertex 20.8244 -27 -6.38197
      vertex 20.6617 -15 -6.51371
      vertex 20.6617 -27 -6.51371
    endloop
  endfacet
  facet normal -0.933616 0 0.358275
    outer loop
      vertex 20.0979 -27 -7.38197
      vertex 20.1729 -15 -7.18653
      vertex 20.0979 -15 -7.38197
    endloop
  endfacet
  facet normal -0.933616 0 0.358275
    outer loop
      vertex 20.1729 -15 -7.18653
      vertex 20.0979 -27 -7.38197
      vertex 20.1729 -27 -7.18653
    endloop
  endfacet
  facet normal -0.890894 0 -0.454211
    outer loop
      vertex 20.268 -27 -9
      vertex 20.1729 -15 -8.81347
      vertex 20.268 -15 -9
    endloop
  endfacet
  facet normal -0.890894 -0 -0.454211
    outer loop
      vertex 20.1729 -15 -8.81347
      vertex 20.268 -27 -9
      vertex 20.1729 -27 -8.81347
    endloop
  endfacet
  facet normal 0.258867 0 -0.965913
    outer loop
      vertex 22.4158 -27 -9.9563
      vertex 22.618 -15 -9.90211
      vertex 22.618 -27 -9.90211
    endloop
  endfacet
  facet normal 0.258867 0 -0.965913
    outer loop
      vertex 22.618 -15 -9.90211
      vertex 22.4158 -27 -9.9563
      vertex 22.4158 -15 -9.9563
    endloop
  endfacet
  facet normal 0.629286 0 -0.777174
    outer loop
      vertex 23.1756 -27 -9.61803
      vertex 23.3383 -15 -9.48629
      vertex 23.3383 -27 -9.48629
    endloop
  endfacet
  facet normal 0.629286 0 -0.777174
    outer loop
      vertex 23.3383 -15 -9.48629
      vertex 23.1756 -27 -9.61803
      vertex 23.1756 -15 -9.61803
    endloop
  endfacet
  facet normal -0.258867 0 -0.965913
    outer loop
      vertex 21.382 -27 -9.90211
      vertex 21.5842 -15 -9.9563
      vertex 21.5842 -27 -9.9563
    endloop
  endfacet
  facet normal -0.258867 0 -0.965913
    outer loop
      vertex 21.5842 -15 -9.9563
      vertex 21.382 -27 -9.90211
      vertex 21.382 -15 -9.90211
    endloop
  endfacet
  facet normal -0.998619 0 -0.0525438
    outer loop
      vertex 20.011 -27 -8.20906
      vertex 20 -15 -8
      vertex 20.011 -15 -8.20906
    endloop
  endfacet
  facet normal -0.998619 -0 -0.0525438
    outer loop
      vertex 20 -15 -8
      vertex 20.011 -27 -8.20906
      vertex 20 -27 -8
    endloop
  endfacet
  facet normal 0.156443 0 0.987687
    outer loop
      vertex 22.2091 -15 -6.01096
      vertex 22.4158 -27 -6.0437
      vertex 22.4158 -15 -6.0437
    endloop
  endfacet
  facet normal 0.156443 0 0.987687
    outer loop
      vertex 22.4158 -27 -6.0437
      vertex 22.2091 -15 -6.01096
      vertex 22.2091 -27 -6.01096
    endloop
  endfacet
  facet normal -0.777248 0 -0.629194
    outer loop
      vertex 20.5137 -27 -9.33826
      vertex 20.382 -15 -9.17557
      vertex 20.5137 -15 -9.33826
    endloop
  endfacet
  facet normal -0.777248 -0 -0.629194
    outer loop
      vertex 20.382 -15 -9.17557
      vertex 20.5137 -27 -9.33826
      vertex 20.382 -27 -9.17557
    endloop
  endfacet
  facet normal -0.454042 0 0.89098
    outer loop
      vertex 21 -15 -6.26795
      vertex 21.1865 -27 -6.17291
      vertex 21.1865 -15 -6.17291
    endloop
  endfacet
  facet normal -0.454042 0 0.89098
    outer loop
      vertex 21.1865 -27 -6.17291
      vertex 21 -15 -6.26795
      vertex 21 -27 -6.26795
    endloop
  endfacet
  facet normal -0.965904 0 0.258899
    outer loop
      vertex 20.0437 -27 -7.58418
      vertex 20.0979 -15 -7.38197
      vertex 20.0437 -15 -7.58418
    endloop
  endfacet
  facet normal -0.965904 0 0.258899
    outer loop
      vertex 20.0979 -15 -7.38197
      vertex 20.0437 -27 -7.58418
      vertex 20.0979 -27 -7.38197
    endloop
  endfacet
  facet normal -0.707178 0 -0.707035
    outer loop
      vertex 20.5137 -27 -9.33826
      vertex 20.6617 -15 -9.48629
      vertex 20.6617 -27 -9.48629
    endloop
  endfacet
  facet normal -0.707178 0 -0.707035
    outer loop
      vertex 20.6617 -15 -9.48629
      vertex 20.5137 -27 -9.33826
      vertex 20.5137 -15 -9.33826
    endloop
  endfacet
  facet normal 0.544585 0 -0.838705
    outer loop
      vertex 23 -27 -9.73205
      vertex 23.1756 -15 -9.61803
      vertex 23.1756 -27 -9.61803
    endloop
  endfacet
  facet normal 0.544585 0 -0.838705
    outer loop
      vertex 23.1756 -15 -9.61803
      vertex 23 -27 -9.73205
      vertex 23 -15 -9.73205
    endloop
  endfacet
  facet normal 0.933616 0 -0.358275
    outer loop
      vertex 23.9021 -27 -8.61803
      vertex 23.8271 -15 -8.81347
      vertex 23.9021 -15 -8.61803
    endloop
  endfacet
  facet normal 0.933616 0 -0.358275
    outer loop
      vertex 23.8271 -15 -8.81347
      vertex 23.9021 -27 -8.61803
      vertex 23.8271 -27 -8.81347
    endloop
  endfacet
  facet normal 0 1 0
    outer loop
      vertex 22.2091 -15 -6.01096
      vertex 21.7909 -15 -6.01096
      vertex 22 -15 -6
    endloop
  endfacet
  facet normal 0 1 0
    outer loop
      vertex 22.4158 -15 -6.0437
      vertex 21.7909 -15 -6.01096
      vertex 22.2091 -15 -6.01096
    endloop
  endfacet
  facet normal 0 1 0
    outer loop
      vertex 22.4158 -15 -6.0437
      vertex 21.5842 -15 -6.0437
      vertex 21.7909 -15 -6.01096
    endloop
  endfacet
  facet normal 0 1 0
    outer loop
      vertex 22.618 -15 -6.09789
      vertex 21.5842 -15 -6.0437
      vertex 22.4158 -15 -6.0437
    endloop
  endfacet
  facet normal 0 1 0
    outer loop
      vertex 22.618 -15 -6.09789
      vertex 21.382 -15 -6.09789
      vertex 21.5842 -15 -6.0437
    endloop
  endfacet
  facet normal 0 1 0
    outer loop
      vertex 22.8135 -15 -6.17291
      vertex 21.382 -15 -6.09789
      vertex 22.618 -15 -6.09789
    endloop
  endfacet
  facet normal 0 1 0
    outer loop
      vertex 22.8135 -15 -6.17291
      vertex 21.1865 -15 -6.17291
      vertex 21.382 -15 -6.09789
    endloop
  endfacet
  facet normal 0 1 0
    outer loop
      vertex 23 -15 -6.26795
      vertex 21.1865 -15 -6.17291
      vertex 22.8135 -15 -6.17291
    endloop
  endfacet
  facet normal 0 1 0
    outer loop
      vertex 23 -15 -6.26795
      vertex 21 -15 -6.26795
      vertex 21.1865 -15 -6.17291
    endloop
  endfacet
  facet normal 0 1 0
    outer loop
      vertex 23.1756 -15 -6.38197
      vertex 21 -15 -6.26795
      vertex 23 -15 -6.26795
    endloop
  endfacet
  facet normal 0 1 0
    outer loop
      vertex 23.1756 -15 -6.38197
      vertex 20.8244 -15 -6.38197
      vertex 21 -15 -6.26795
    endloop
  endfacet
  facet normal 0 1 0
    outer loop
      vertex 23.3383 -15 -6.51371
      vertex 20.8244 -15 -6.38197
      vertex 23.1756 -15 -6.38197
    endloop
  endfacet
  facet normal 0 1 0
    outer loop
      vertex 23.3383 -15 -6.51371
      vertex 20.6617 -15 -6.51371
      vertex 20.8244 -15 -6.38197
    endloop
  endfacet
  facet normal 0 1 0
    outer loop
      vertex 23.4863 -15 -6.66174
      vertex 20.6617 -15 -6.51371
      vertex 23.3383 -15 -6.51371
    endloop
  endfacet
  facet normal 0 1 0
    outer loop
      vertex 23.4863 -15 -6.66174
      vertex 20.5137 -15 -6.66174
      vertex 20.6617 -15 -6.51371
    endloop
  endfacet
  facet normal 0 1 0
    outer loop
      vertex 23.618 -15 -6.82443
      vertex 20.5137 -15 -6.66174
      vertex 23.4863 -15 -6.66174
    endloop
  endfacet
  facet normal 0 1 0
    outer loop
      vertex 23.618 -15 -6.82443
      vertex 20.382 -15 -6.82443
      vertex 20.5137 -15 -6.66174
    endloop
  endfacet
  facet normal 0 1 0
    outer loop
      vertex 23.732 -15 -7
      vertex 20.382 -15 -6.82443
      vertex 23.618 -15 -6.82443
    endloop
  endfacet
  facet normal 0 1 0
    outer loop
      vertex 23.732 -15 -7
      vertex 20.268 -15 -7
      vertex 20.382 -15 -6.82443
    endloop
  endfacet
  facet normal 0 1 0
    outer loop
      vertex 23.8271 -15 -7.18653
      vertex 20.268 -15 -7
      vertex 23.732 -15 -7
    endloop
  endfacet
  facet normal 0 1 0
    outer loop
      vertex 23.8271 -15 -7.18653
      vertex 20.1729 -15 -7.18653
      vertex 20.268 -15 -7
    endloop
  endfacet
  facet normal 0 1 0
    outer loop
      vertex 23.9021 -15 -7.38197
      vertex 20.1729 -15 -7.18653
      vertex 23.8271 -15 -7.18653
    endloop
  endfacet
  facet normal 0 1 0
    outer loop
      vertex 23.9021 -15 -7.38197
      vertex 20.0979 -15 -7.38197
      vertex 20.1729 -15 -7.18653
    endloop
  endfacet
  facet normal 0 1 0
    outer loop
      vertex 23.9563 -15 -7.58418
      vertex 20.0979 -15 -7.38197
      vertex 23.9021 -15 -7.38197
    endloop
  endfacet
  facet normal 0 1 0
    outer loop
      vertex 23.9563 -15 -7.58418
      vertex 20.0437 -15 -7.58418
      vertex 20.0979 -15 -7.38197
    endloop
  endfacet
  facet normal 0 1 0
    outer loop
      vertex 23.989 -15 -7.79094
      vertex 20.0437 -15 -7.58418
      vertex 23.9563 -15 -7.58418
    endloop
  endfacet
  facet normal 0 1 0
    outer loop
      vertex 23.989 -15 -7.79094
      vertex 20.011 -15 -7.79094
      vertex 20.0437 -15 -7.58418
    endloop
  endfacet
  facet normal 0 1 0
    outer loop
      vertex 24 -15 -8
      vertex 20.011 -15 -7.79094
      vertex 23.989 -15 -7.79094
    endloop
  endfacet
  facet normal 0 1 0
    outer loop
      vertex 24 -15 -8
      vertex 20 -15 -8
      vertex 20.011 -15 -7.79094
    endloop
  endfacet
  facet normal 0 1 -0
    outer loop
      vertex 23.989 -15 -8.20906
      vertex 20 -15 -8
      vertex 24 -15 -8
    endloop
  endfacet
  facet normal 0 1 0
    outer loop
      vertex 23.989 -15 -8.20906
      vertex 20.011 -15 -8.20906
      vertex 20 -15 -8
    endloop
  endfacet
  facet normal 0 1 -0
    outer loop
      vertex 23.9563 -15 -8.41582
      vertex 20.011 -15 -8.20906
      vertex 23.989 -15 -8.20906
    endloop
  endfacet
  facet normal 0 1 0
    outer loop
      vertex 23.9563 -15 -8.41582
      vertex 20.0437 -15 -8.41582
      vertex 20.011 -15 -8.20906
    endloop
  endfacet
  facet normal 0 1 -0
    outer loop
      vertex 23.9021 -15 -8.61803
      vertex 20.0437 -15 -8.41582
      vertex 23.9563 -15 -8.41582
    endloop
  endfacet
  facet normal 0 1 0
    outer loop
      vertex 23.9021 -15 -8.61803
      vertex 20.0979 -15 -8.61803
      vertex 20.0437 -15 -8.41582
    endloop
  endfacet
  facet normal 0 1 -0
    outer loop
      vertex 23.8271 -15 -8.81347
      vertex 20.0979 -15 -8.61803
      vertex 23.9021 -15 -8.61803
    endloop
  endfacet
  facet normal 0 1 0
    outer loop
      vertex 23.8271 -15 -8.81347
      vertex 20.1729 -15 -8.81347
      vertex 20.0979 -15 -8.61803
    endloop
  endfacet
  facet normal 0 1 -0
    outer loop
      vertex 23.732 -15 -9
      vertex 20.1729 -15 -8.81347
      vertex 23.8271 -15 -8.81347
    endloop
  endfacet
  facet normal 0 1 0
    outer loop
      vertex 23.732 -15 -9
      vertex 20.268 -15 -9
      vertex 20.1729 -15 -8.81347
    endloop
  endfacet
  facet normal 0 1 -0
    outer loop
      vertex 23.618 -15 -9.17557
      vertex 20.268 -15 -9
      vertex 23.732 -15 -9
    endloop
  endfacet
  facet normal 0 1 0
    outer loop
      vertex 23.618 -15 -9.17557
      vertex 20.382 -15 -9.17557
      vertex 20.268 -15 -9
    endloop
  endfacet
  facet normal 0 1 -0
    outer loop
      vertex 23.4863 -15 -9.33826
      vertex 20.382 -15 -9.17557
      vertex 23.618 -15 -9.17557
    endloop
  endfacet
  facet normal 0 1 0
    outer loop
      vertex 23.4863 -15 -9.33826
      vertex 20.5137 -15 -9.33826
      vertex 20.382 -15 -9.17557
    endloop
  endfacet
  facet normal 0 1 -0
    outer loop
      vertex 23.3383 -15 -9.48629
      vertex 20.5137 -15 -9.33826
      vertex 23.4863 -15 -9.33826
    endloop
  endfacet
  facet normal 0 1 0
    outer loop
      vertex 23.3383 -15 -9.48629
      vertex 20.6617 -15 -9.48629
      vertex 20.5137 -15 -9.33826
    endloop
  endfacet
  facet normal 0 1 -0
    outer loop
      vertex 23.1756 -15 -9.61803
      vertex 20.6617 -15 -9.48629
      vertex 23.3383 -15 -9.48629
    endloop
  endfacet
  facet normal 0 1 0
    outer loop
      vertex 23.1756 -15 -9.61803
      vertex 20.8244 -15 -9.61803
      vertex 20.6617 -15 -9.48629
    endloop
  endfacet
  facet normal 0 1 -0
    outer loop
      vertex 23 -15 -9.73205
      vertex 20.8244 -15 -9.61803
      vertex 23.1756 -15 -9.61803
    endloop
  endfacet
  facet normal 0 1 0
    outer loop
      vertex 23 -15 -9.73205
      vertex 21 -15 -9.73205
      vertex 20.8244 -15 -9.61803
    endloop
  endfacet
  facet normal 0 1 -0
    outer loop
      vertex 22.8135 -15 -9.82709
      vertex 21 -15 -9.73205
      vertex 23 -15 -9.73205
    endloop
  endfacet
  facet normal 0 1 0
    outer loop
      vertex 22.8135 -15 -9.82709
      vertex 21.1865 -15 -9.82709
      vertex 21 -15 -9.73205
    endloop
  endfacet
  facet normal 0 1 -0
    outer loop
      vertex 22.618 -15 -9.90211
      vertex 21.1865 -15 -9.82709
      vertex 22.8135 -15 -9.82709
    endloop
  endfacet
  facet normal 0 1 0
    outer loop
      vertex 22.618 -15 -9.90211
      vertex 21.382 -15 -9.90211
      vertex 21.1865 -15 -9.82709
    endloop
  endfacet
  facet normal 0 1 -0
    outer loop
      vertex 22.4158 -15 -9.9563
      vertex 21.382 -15 -9.90211
      vertex 22.618 -15 -9.90211
    endloop
  endfacet
  facet normal 0 1 0
    outer loop
      vertex 22.4158 -15 -9.9563
      vertex 21.5842 -15 -9.9563
      vertex 21.382 -15 -9.90211
    endloop
  endfacet
  facet normal 0 1 -0
    outer loop
      vertex 22.2091 -15 -9.98904
      vertex 21.5842 -15 -9.9563
      vertex 22.4158 -15 -9.9563
    endloop
  endfacet
  facet normal 0 1 0
    outer loop
      vertex 22.2091 -15 -9.98904
      vertex 21.7909 -15 -9.98904
      vertex 21.5842 -15 -9.9563
    endloop
  endfacet
  facet normal -0 1 0
    outer loop
      vertex 21.7909 -15 -9.98904
      vertex 22.2091 -15 -9.98904
      vertex 22 -15 -10
    endloop
  endfacet
  facet normal -0.0523433 0 -0.998629
    outer loop
      vertex 21.7909 -27 -9.98904
      vertex 22 -15 -10
      vertex 22 -27 -10
    endloop
  endfacet
  facet normal -0.0523433 0 -0.998629
    outer loop
      vertex 22 -15 -10
      vertex 21.7909 -27 -9.98904
      vertex 21.7909 -15 -9.98904
    endloop
  endfacet
  facet normal -0.998619 0 0.0525438
    outer loop
      vertex 20 -27 -8
      vertex 20.011 -15 -7.79094
      vertex 20 -15 -8
    endloop
  endfacet
  facet normal -0.998619 0 0.0525438
    outer loop
      vertex 20.011 -15 -7.79094
      vertex 20 -27 -8
      vertex 20.011 -27 -7.79094
    endloop
  endfacet
  facet normal -0.358262 0 -0.933621
    outer loop
      vertex 21.1865 -27 -9.82709
      vertex 21.382 -15 -9.90211
      vertex 21.382 -27 -9.90211
    endloop
  endfacet
  facet normal -0.358262 0 -0.933621
    outer loop
      vertex 21.382 -15 -9.90211
      vertex 21.1865 -27 -9.82709
      vertex 21.1865 -15 -9.82709
    endloop
  endfacet
  facet normal -0.544585 0 -0.838705
    outer loop
      vertex 20.8244 -27 -9.61803
      vertex 21 -15 -9.73205
      vertex 21 -27 -9.73205
    endloop
  endfacet
  facet normal -0.544585 0 -0.838705
    outer loop
      vertex 21 -15 -9.73205
      vertex 20.8244 -27 -9.61803
      vertex 20.8244 -15 -9.61803
    endloop
  endfacet
  facet normal 0.707178 0 -0.707035
    outer loop
      vertex 23.3383 -27 -9.48629
      vertex 23.4863 -15 -9.33826
      vertex 23.4863 -27 -9.33826
    endloop
  endfacet
  facet normal 0.707178 0 -0.707035
    outer loop
      vertex 23.4863 -15 -9.33826
      vertex 23.3383 -27 -9.48629
      vertex 23.3383 -15 -9.48629
    endloop
  endfacet
  facet normal 0.987694 0 -0.156396
    outer loop
      vertex 31.9452 17 -9.04528
      vertex 31.7815 25 -10.0791
      vertex 31.9452 25 -9.04528
    endloop
  endfacet
  facet normal 0.987694 0 -0.156396
    outer loop
      vertex 31.7815 25 -10.0791
      vertex 31.9452 17 -9.04528
      vertex 31.7815 17 -10.0791
    endloop
  endfacet
  facet normal 0.987695 -0 0.156393
    outer loop
      vertex 31.7815 17 -5.92088
      vertex 31.9452 25 -6.95472
      vertex 31.7815 25 -5.92088
    endloop
  endfacet
  facet normal 0.987695 0 0.156393
    outer loop
      vertex 31.9452 25 -6.95472
      vertex 31.7815 17 -5.92088
      vertex 31.9452 17 -6.95472
    endloop
  endfacet
  facet normal 0.998629 -0 0.0523542
    outer loop
      vertex 31.9452 17 -6.95472
      vertex 32 25 -8
      vertex 31.9452 25 -6.95472
    endloop
  endfacet
  facet normal 0.998629 0 0.0523542
    outer loop
      vertex 32 25 -8
      vertex 31.9452 17 -6.95472
      vertex 32 17 -8
    endloop
  endfacet
  facet normal 0.965928 -0 0.25881
    outer loop
      vertex 31.5106 17 -4.90983
      vertex 31.7815 25 -5.92088
      vertex 31.5106 25 -4.90983
    endloop
  endfacet
  facet normal 0.965928 0 0.25881
    outer loop
      vertex 31.7815 25 -5.92088
      vertex 31.5106 17 -4.90983
      vertex 31.7815 17 -5.92088
    endloop
  endfacet
  facet normal 0.838663 -0 0.544651
    outer loop
      vertex 30.0902 17 -2.12215
      vertex 30.6603 25 -3
      vertex 30.0902 25 -2.12215
    endloop
  endfacet
  facet normal 0.838663 0 0.544651
    outer loop
      vertex 30.6603 25 -3
      vertex 30.0902 17 -2.12215
      vertex 30.6603 17 -3
    endloop
  endfacet
  facet normal -0.0523342 0 0.99863
    outer loop
      vertex 20.9547 25 1.94522
      vertex 22 17 2
      vertex 22 25 2
    endloop
  endfacet
  facet normal -0.0523342 0 0.99863
    outer loop
      vertex 22 17 2
      vertex 20.9547 25 1.94522
      vertex 20.9547 17 1.94522
    endloop
  endfacet
  facet normal 0.998629 0 -0.0523542
    outer loop
      vertex 32 17 -8
      vertex 31.9452 25 -9.04528
      vertex 32 25 -8
    endloop
  endfacet
  facet normal 0.998629 0 -0.0523542
    outer loop
      vertex 31.9452 25 -9.04528
      vertex 32 17 -8
      vertex 31.9452 17 -9.04528
    endloop
  endfacet
  facet normal 0.777112 -0 0.629363
    outer loop
      vertex 29.4314 17 -1.30869
      vertex 30.0902 25 -2.12215
      vertex 29.4314 25 -1.30869
    endloop
  endfacet
  facet normal 0.777112 0 0.629363
    outer loop
      vertex 30.0902 25 -2.12215
      vertex 29.4314 17 -1.30869
      vertex 30.0902 17 -2.12215
    endloop
  endfacet
  facet normal -0.987694 0 -0.156396
    outer loop
      vertex 12.2185 17 -10.0791
      vertex 12.0548 25 -9.04528
      vertex 12.2185 25 -10.0791
    endloop
  endfacet
  facet normal -0.987694 -0 -0.156396
    outer loop
      vertex 12.0548 25 -9.04528
      vertex 12.2185 17 -10.0791
      vertex 12.0548 17 -9.04528
    endloop
  endfacet
  facet normal -0.891006 0 0.453991
    outer loop
      vertex 12.8645 17 -3.93263
      vertex 13.3397 25 -3
      vertex 12.8645 25 -3.93263
    endloop
  endfacet
  facet normal -0.891006 0 0.453991
    outer loop
      vertex 13.3397 25 -3
      vertex 12.8645 17 -3.93263
      vertex 13.3397 17 -3
    endloop
  endfacet
  facet normal 0.258816 0 0.965927
    outer loop
      vertex 24.0791 25 1.78148
      vertex 25.0902 17 1.51056
      vertex 25.0902 25 1.51056
    endloop
  endfacet
  facet normal 0.258816 0 0.965927
    outer loop
      vertex 25.0902 17 1.51056
      vertex 24.0791 25 1.78148
      vertex 24.0791 17 1.78148
    endloop
  endfacet
  facet normal 0.358366 0 0.933581
    outer loop
      vertex 25.0902 25 1.51056
      vertex 26.0674 17 1.13545
      vertex 26.0674 25 1.13545
    endloop
  endfacet
  facet normal 0.358366 0 0.933581
    outer loop
      vertex 26.0674 17 1.13545
      vertex 25.0902 25 1.51056
      vertex 25.0902 17 1.51056
    endloop
  endfacet
  facet normal -0.965931 0 -0.258798
    outer loop
      vertex 12.4894 17 -11.0902
      vertex 12.2185 25 -10.0791
      vertex 12.4894 25 -11.0902
    endloop
  endfacet
  facet normal -0.965931 -0 -0.258798
    outer loop
      vertex 12.2185 25 -10.0791
      vertex 12.4894 17 -11.0902
      vertex 12.2185 17 -10.0791
    endloop
  endfacet
  facet normal 0.629346 0 0.777126
    outer loop
      vertex 27.8779 25 0.0901699
      vertex 28.6913 17 -0.568552
      vertex 28.6913 25 -0.568552
    endloop
  endfacet
  facet normal 0.629346 0 0.777126
    outer loop
      vertex 28.6913 17 -0.568552
      vertex 27.8779 25 0.0901699
      vertex 27.8779 17 0.0901699
    endloop
  endfacet
  facet normal 0.358358 0 -0.933584
    outer loop
      vertex 25.0902 17 -17.5106
      vertex 26.0674 25 -17.1355
      vertex 26.0674 17 -17.1355
    endloop
  endfacet
  facet normal 0.358358 0 -0.933584
    outer loop
      vertex 26.0674 25 -17.1355
      vertex 25.0902 17 -17.5106
      vertex 25.0902 25 -17.5106
    endloop
  endfacet
  facet normal -0.777112 0 0.629363
    outer loop
      vertex 13.9098 17 -2.12215
      vertex 14.5686 25 -1.30869
      vertex 13.9098 25 -2.12215
    endloop
  endfacet
  facet normal -0.777112 0 0.629363
    outer loop
      vertex 14.5686 25 -1.30869
      vertex 13.9098 17 -2.12215
      vertex 14.5686 17 -1.30869
    endloop
  endfacet
  facet normal -0.258816 0 0.965927
    outer loop
      vertex 18.9098 25 1.51056
      vertex 19.9209 17 1.78148
      vertex 19.9209 25 1.78148
    endloop
  endfacet
  facet normal -0.258816 0 0.965927
    outer loop
      vertex 19.9209 17 1.78148
      vertex 18.9098 25 1.51056
      vertex 18.9098 17 1.51056
    endloop
  endfacet
  facet normal -0.707125 0 0.707089
    outer loop
      vertex 14.5686 17 -1.30869
      vertex 15.3087 25 -0.568552
      vertex 14.5686 25 -1.30869
    endloop
  endfacet
  facet normal -0.707125 0 0.707089
    outer loop
      vertex 15.3087 25 -0.568552
      vertex 14.5686 17 -1.30869
      vertex 15.3087 17 -0.568552
    endloop
  endfacet
  facet normal -0.544618 0 0.838684
    outer loop
      vertex 16.1221 25 0.0901699
      vertex 17 17 0.660254
      vertex 17 25 0.660254
    endloop
  endfacet
  facet normal -0.544618 0 0.838684
    outer loop
      vertex 17 17 0.660254
      vertex 16.1221 25 0.0901699
      vertex 16.1221 17 0.0901699
    endloop
  endfacet
  facet normal 0.965931 0 -0.258798
    outer loop
      vertex 31.7815 17 -10.0791
      vertex 31.5106 25 -11.0902
      vertex 31.7815 25 -10.0791
    endloop
  endfacet
  facet normal 0.965931 0 -0.258798
    outer loop
      vertex 31.5106 25 -11.0902
      vertex 31.7815 17 -10.0791
      vertex 31.5106 17 -11.0902
    endloop
  endfacet
  facet normal 0.0523532 0 -0.998629
    outer loop
      vertex 22 17 -18
      vertex 23.0453 25 -17.9452
      vertex 23.0453 17 -17.9452
    endloop
  endfacet
  facet normal 0.0523532 0 -0.998629
    outer loop
      vertex 23.0453 25 -17.9452
      vertex 22 17 -18
      vertex 22 25 -18
    endloop
  endfacet
  facet normal 0.544618 0 0.838684
    outer loop
      vertex 27 25 0.660254
      vertex 27.8779 17 0.0901699
      vertex 27.8779 25 0.0901699
    endloop
  endfacet
  facet normal 0.544618 0 0.838684
    outer loop
      vertex 27.8779 17 0.0901699
      vertex 27 25 0.660254
      vertex 27 17 0.660254
    endloop
  endfacet
  facet normal -0.838677 0 -0.544629
    outer loop
      vertex 13.9098 17 -13.8779
      vertex 13.3397 25 -13
      vertex 13.9098 25 -13.8779
    endloop
  endfacet
  facet normal -0.838677 -0 -0.544629
    outer loop
      vertex 13.3397 25 -13
      vertex 13.9098 17 -13.8779
      vertex 13.3397 17 -13
    endloop
  endfacet
  facet normal 0.156399 0 -0.987694
    outer loop
      vertex 23.0453 17 -17.9452
      vertex 24.0791 25 -17.7815
      vertex 24.0791 17 -17.7815
    endloop
  endfacet
  facet normal 0.156399 0 -0.987694
    outer loop
      vertex 24.0791 25 -17.7815
      vertex 23.0453 17 -17.9452
      vertex 23.0453 25 -17.9452
    endloop
  endfacet
  facet normal -0.156399 0 -0.987694
    outer loop
      vertex 19.9209 17 -17.7815
      vertex 20.9547 25 -17.9452
      vertex 20.9547 17 -17.9452
    endloop
  endfacet
  facet normal -0.156399 0 -0.987694
    outer loop
      vertex 20.9547 25 -17.9452
      vertex 19.9209 17 -17.7815
      vertex 19.9209 25 -17.7815
    endloop
  endfacet
  facet normal -0.454003 0 -0.891
    outer loop
      vertex 17 17 -16.6603
      vertex 17.9326 25 -17.1355
      vertex 17.9326 17 -17.1355
    endloop
  endfacet
  facet normal -0.454003 0 -0.891
    outer loop
      vertex 17.9326 25 -17.1355
      vertex 17 17 -16.6603
      vertex 17 25 -16.6603
    endloop
  endfacet
  facet normal 0 -1 0
    outer loop
      vertex 20.9547 17 1.94522
      vertex 21.4774 17 -3.02739
      vertex 22 17 -3
    endloop
  endfacet
  facet normal 0 -1 0
    outer loop
      vertex 13.9098 17 -2.12215
      vertex 20.9604 17 -3.10926
      vertex 21.4774 17 -3.02739
    endloop
  endfacet
  facet normal 0 -1 0
    outer loop
      vertex 13.9098 17 -2.12215
      vertex 20.4549 17 -3.24472
      vertex 20.9604 17 -3.10926
    endloop
  endfacet
  facet normal 0 -1 0
    outer loop
      vertex 13.9098 17 -2.12215
      vertex 19.9663 17 -3.43227
      vertex 20.4549 17 -3.24472
    endloop
  endfacet
  facet normal 0 -1 0
    outer loop
      vertex 13.9098 17 -2.12215
      vertex 19.5 17 -3.66987
      vertex 19.9663 17 -3.43227
    endloop
  endfacet
  facet normal 0 -1 0
    outer loop
      vertex 17.6699 17 -5.5
      vertex 13.3397 17 -3
      vertex 12.8645 17 -3.93263
    endloop
  endfacet
  facet normal 0 -1 0
    outer loop
      vertex 13.9098 17 -2.12215
      vertex 19.0611 17 -3.95492
      vertex 19.5 17 -3.66987
    endloop
  endfacet
  facet normal 0 -1 0
    outer loop
      vertex 13.9098 17 -2.12215
      vertex 18.6543 17 -4.28428
      vertex 19.0611 17 -3.95492
    endloop
  endfacet
  facet normal 0 -1 0
    outer loop
      vertex 13.9098 17 -2.12215
      vertex 18.2843 17 -4.65435
      vertex 18.6543 17 -4.28428
    endloop
  endfacet
  facet normal 0 -1 0
    outer loop
      vertex 17.4323 17 -5.96632
      vertex 12.8645 17 -3.93263
      vertex 12.4894 17 -4.90983
    endloop
  endfacet
  facet normal 0 -1 0
    outer loop
      vertex 13.9098 17 -2.12215
      vertex 17.9549 17 -5.06107
      vertex 18.2843 17 -4.65435
    endloop
  endfacet
  facet normal 0 -1 0
    outer loop
      vertex 13.3397 17 -3
      vertex 17.6699 17 -5.5
      vertex 17.9549 17 -5.06107
    endloop
  endfacet
  facet normal 0 -1 0
    outer loop
      vertex 17.2447 17 -6.45492
      vertex 12.4894 17 -4.90983
      vertex 12.2185 17 -5.92088
    endloop
  endfacet
  facet normal 0 -1 0
    outer loop
      vertex 12.8645 17 -3.93263
      vertex 17.4323 17 -5.96632
      vertex 17.6699 17 -5.5
    endloop
  endfacet
  facet normal 0 -1 0
    outer loop
      vertex 12.4894 17 -4.90983
      vertex 17.2447 17 -6.45492
      vertex 17.4323 17 -5.96632
    endloop
  endfacet
  facet normal 0 -1 0
    outer loop
      vertex 17.1093 17 -6.96044
      vertex 12.2185 17 -5.92088
      vertex 12.0548 17 -6.95472
    endloop
  endfacet
  facet normal 0 -1 0
    outer loop
      vertex 12.2185 17 -5.92088
      vertex 17.1093 17 -6.96044
      vertex 17.2447 17 -6.45492
    endloop
  endfacet
  facet normal 0 -1 0
    outer loop
      vertex 12.0548 17 -6.95472
      vertex 17.0274 17 -7.47736
      vertex 17.1093 17 -6.96044
    endloop
  endfacet
  facet normal 0 -1 0
    outer loop
      vertex 12 17 -8
      vertex 17.0274 17 -7.47736
      vertex 12.0548 17 -6.95472
    endloop
  endfacet
  facet normal 0 -1 0
    outer loop
      vertex 12 17 -8
      vertex 17 17 -8
      vertex 17.0274 17 -7.47736
    endloop
  endfacet
  facet normal 0 -1 0
    outer loop
      vertex 12 17 -8
      vertex 17.0274 17 -8.52264
      vertex 17 17 -8
    endloop
  endfacet
  facet normal 0 -1 0
    outer loop
      vertex 12.0548 17 -9.04528
      vertex 17.0274 17 -8.52264
      vertex 12 17 -8
    endloop
  endfacet
  facet normal 0 -1 -0
    outer loop
      vertex 17.0274 17 -8.52264
      vertex 12.0548 17 -9.04528
      vertex 17.1093 17 -9.03956
    endloop
  endfacet
  facet normal 0 -1 0
    outer loop
      vertex 12.2185 17 -10.0791
      vertex 17.1093 17 -9.03956
      vertex 12.0548 17 -9.04528
    endloop
  endfacet
  facet normal 0 -1 -0
    outer loop
      vertex 17.1093 17 -9.03956
      vertex 12.2185 17 -10.0791
      vertex 17.2447 17 -9.54508
    endloop
  endfacet
  facet normal 0 -1 0
    outer loop
      vertex 12.4894 17 -11.0902
      vertex 17.2447 17 -9.54508
      vertex 12.2185 17 -10.0791
    endloop
  endfacet
  facet normal 0 -1 -0
    outer loop
      vertex 17.2447 17 -9.54508
      vertex 12.4894 17 -11.0902
      vertex 17.4323 17 -10.0337
    endloop
  endfacet
  facet normal 0 -1 0
    outer loop
      vertex 12.8645 17 -12.0674
      vertex 17.4323 17 -10.0337
      vertex 12.4894 17 -11.0902
    endloop
  endfacet
  facet normal 0 -1 -0
    outer loop
      vertex 17.4323 17 -10.0337
      vertex 12.8645 17 -12.0674
      vertex 17.6699 17 -10.5
    endloop
  endfacet
  facet normal 0 -1 0
    outer loop
      vertex 13.3397 17 -13
      vertex 17.6699 17 -10.5
      vertex 12.8645 17 -12.0674
    endloop
  endfacet
  facet normal 0 -1 -0
    outer loop
      vertex 17.6699 17 -10.5
      vertex 13.3397 17 -13
      vertex 17.9549 17 -10.9389
    endloop
  endfacet
  facet normal 0 -1 0
    outer loop
      vertex 13.9098 17 -13.8779
      vertex 17.9549 17 -10.9389
      vertex 13.3397 17 -13
    endloop
  endfacet
  facet normal 0 -1 -0
    outer loop
      vertex 17.9549 17 -10.9389
      vertex 13.9098 17 -13.8779
      vertex 18.2843 17 -11.3457
    endloop
  endfacet
  facet normal 0 -1 0
    outer loop
      vertex 14.5686 17 -14.6913
      vertex 18.2843 17 -11.3457
      vertex 13.9098 17 -13.8779
    endloop
  endfacet
  facet normal 0 -1 -0
    outer loop
      vertex 18.2843 17 -11.3457
      vertex 14.5686 17 -14.6913
      vertex 18.6543 17 -11.7157
    endloop
  endfacet
  facet normal 0 -1 0
    outer loop
      vertex 15.3087 17 -15.4314
      vertex 18.6543 17 -11.7157
      vertex 14.5686 17 -14.6913
    endloop
  endfacet
  facet normal 0 -1 -0
    outer loop
      vertex 18.6543 17 -11.7157
      vertex 15.3087 17 -15.4314
      vertex 19.0611 17 -12.0451
    endloop
  endfacet
  facet normal 0 -1 0
    outer loop
      vertex 16.1221 17 -16.0902
      vertex 19.0611 17 -12.0451
      vertex 15.3087 17 -15.4314
    endloop
  endfacet
  facet normal 0 -1 -0
    outer loop
      vertex 19.0611 17 -12.0451
      vertex 16.1221 17 -16.0902
      vertex 19.5 17 -12.3301
    endloop
  endfacet
  facet normal 0 -1 0
    outer loop
      vertex 17 17 -16.6603
      vertex 19.5 17 -12.3301
      vertex 16.1221 17 -16.0902
    endloop
  endfacet
  facet normal 0 -1 -0
    outer loop
      vertex 19.5 17 -12.3301
      vertex 17 17 -16.6603
      vertex 19.9663 17 -12.5677
    endloop
  endfacet
  facet normal 0 -1 0
    outer loop
      vertex 17.9326 17 -17.1355
      vertex 19.9663 17 -12.5677
      vertex 17 17 -16.6603
    endloop
  endfacet
  facet normal 0 -1 0
    outer loop
      vertex 22 17 -13
      vertex 30.0902 17 -13.8779
      vertex 30.6603 17 -13
    endloop
  endfacet
  facet normal 0 -1 -0
    outer loop
      vertex 19.9663 17 -12.5677
      vertex 17.9326 17 -17.1355
      vertex 20.4549 17 -12.7553
    endloop
  endfacet
  facet normal 0 -1 0
    outer loop
      vertex 22 17 -13
      vertex 29.4314 17 -14.6913
      vertex 30.0902 17 -13.8779
    endloop
  endfacet
  facet normal 0 -1 0
    outer loop
      vertex 18.9098 17 -17.5106
      vertex 20.4549 17 -12.7553
      vertex 17.9326 17 -17.1355
    endloop
  endfacet
  facet normal 0 -1 0
    outer loop
      vertex 22 17 -13
      vertex 28.6913 17 -15.4314
      vertex 29.4314 17 -14.6913
    endloop
  endfacet
  facet normal 0 -1 -0
    outer loop
      vertex 20.4549 17 -12.7553
      vertex 18.9098 17 -17.5106
      vertex 20.9604 17 -12.8907
    endloop
  endfacet
  facet normal 0 -1 0
    outer loop
      vertex 22 17 -13
      vertex 27.8779 17 -16.0902
      vertex 28.6913 17 -15.4314
    endloop
  endfacet
  facet normal 0 -1 0
    outer loop
      vertex 19.9209 17 -17.7815
      vertex 20.9604 17 -12.8907
      vertex 18.9098 17 -17.5106
    endloop
  endfacet
  facet normal 0 -1 0
    outer loop
      vertex 22 17 -13
      vertex 27 17 -16.6603
      vertex 27.8779 17 -16.0902
    endloop
  endfacet
  facet normal 0 -1 -0
    outer loop
      vertex 20.9604 17 -12.8907
      vertex 19.9209 17 -17.7815
      vertex 21.4774 17 -12.9726
    endloop
  endfacet
  facet normal 0 -1 0
    outer loop
      vertex 22 17 -13
      vertex 26.0674 17 -17.1355
      vertex 27 17 -16.6603
    endloop
  endfacet
  facet normal 0 -1 0
    outer loop
      vertex 20.9547 17 -17.9452
      vertex 21.4774 17 -12.9726
      vertex 19.9209 17 -17.7815
    endloop
  endfacet
  facet normal 0 -1 0
    outer loop
      vertex 22 17 -13
      vertex 25.0902 17 -17.5106
      vertex 26.0674 17 -17.1355
    endloop
  endfacet
  facet normal 0 -1 -0
    outer loop
      vertex 21.4774 17 -12.9726
      vertex 20.9547 17 -17.9452
      vertex 22 17 -13
    endloop
  endfacet
  facet normal 0 -1 0
    outer loop
      vertex 22 17 -13
      vertex 24.0791 17 -17.7815
      vertex 25.0902 17 -17.5106
    endloop
  endfacet
  facet normal 0 -1 0
    outer loop
      vertex 22 17 -18
      vertex 22 17 -13
      vertex 20.9547 17 -17.9452
    endloop
  endfacet
  facet normal 0 -1 0
    outer loop
      vertex 22 17 -13
      vertex 23.0453 17 -17.9452
      vertex 24.0791 17 -17.7815
    endloop
  endfacet
  facet normal 0 -1 0
    outer loop
      vertex 22 17 -13
      vertex 22 17 -18
      vertex 23.0453 17 -17.9452
    endloop
  endfacet
  facet normal 0 -1 0
    outer loop
      vertex 22 17 -3
      vertex 22 17 2
      vertex 20.9547 17 1.94522
    endloop
  endfacet
  facet normal 0 -1 0
    outer loop
      vertex 21.4774 17 -3.02739
      vertex 20.9547 17 1.94522
      vertex 19.9209 17 1.78148
    endloop
  endfacet
  facet normal 0 -1 0
    outer loop
      vertex 22 17 2
      vertex 22 17 -3
      vertex 23.0453 17 1.94522
    endloop
  endfacet
  facet normal 0 -1 0
    outer loop
      vertex 21.4774 17 -3.02739
      vertex 19.9209 17 1.78148
      vertex 18.9098 17 1.51056
    endloop
  endfacet
  facet normal 0 -1 0
    outer loop
      vertex 22.5226 17 -3.02739
      vertex 23.0453 17 1.94522
      vertex 22 17 -3
    endloop
  endfacet
  facet normal 0 -1 0
    outer loop
      vertex 21.4774 17 -3.02739
      vertex 18.9098 17 1.51056
      vertex 17.9326 17 1.13545
    endloop
  endfacet
  facet normal 0 -1 -0
    outer loop
      vertex 23.0453 17 1.94522
      vertex 22.5226 17 -3.02739
      vertex 24.0791 17 1.78148
    endloop
  endfacet
  facet normal 0 -1 0
    outer loop
      vertex 21.4774 17 -3.02739
      vertex 17.9326 17 1.13545
      vertex 17 17 0.660254
    endloop
  endfacet
  facet normal 0 -1 0
    outer loop
      vertex 23.0396 17 -3.10926
      vertex 24.0791 17 1.78148
      vertex 22.5226 17 -3.02739
    endloop
  endfacet
  facet normal 0 -1 0
    outer loop
      vertex 21.4774 17 -3.02739
      vertex 17 17 0.660254
      vertex 16.1221 17 0.0901699
    endloop
  endfacet
  facet normal 0 -1 -0
    outer loop
      vertex 24.0791 17 1.78148
      vertex 23.0396 17 -3.10926
      vertex 25.0902 17 1.51056
    endloop
  endfacet
  facet normal 0 -1 0
    outer loop
      vertex 21.4774 17 -3.02739
      vertex 16.1221 17 0.0901699
      vertex 15.3087 17 -0.568552
    endloop
  endfacet
  facet normal 0 -1 0
    outer loop
      vertex 23.5451 17 -3.24472
      vertex 25.0902 17 1.51056
      vertex 23.0396 17 -3.10926
    endloop
  endfacet
  facet normal 0 -1 0
    outer loop
      vertex 21.4774 17 -3.02739
      vertex 15.3087 17 -0.568552
      vertex 14.5686 17 -1.30869
    endloop
  endfacet
  facet normal 0 -1 -0
    outer loop
      vertex 25.0902 17 1.51056
      vertex 23.5451 17 -3.24472
      vertex 26.0674 17 1.13545
    endloop
  endfacet
  facet normal 0 -1 0
    outer loop
      vertex 21.4774 17 -3.02739
      vertex 14.5686 17 -1.30869
      vertex 13.9098 17 -2.12215
    endloop
  endfacet
  facet normal 0 -1 0
    outer loop
      vertex 24.0337 17 -3.43227
      vertex 26.0674 17 1.13545
      vertex 23.5451 17 -3.24472
    endloop
  endfacet
  facet normal 0 -1 0
    outer loop
      vertex 17.9549 17 -5.06107
      vertex 13.9098 17 -2.12215
      vertex 13.3397 17 -3
    endloop
  endfacet
  facet normal 0 -1 -0
    outer loop
      vertex 26.0674 17 1.13545
      vertex 24.0337 17 -3.43227
      vertex 27 17 0.660254
    endloop
  endfacet
  facet normal 0 -1 0
    outer loop
      vertex 24.5 17 -3.66987
      vertex 27 17 0.660254
      vertex 24.0337 17 -3.43227
    endloop
  endfacet
  facet normal 0 -1 -0
    outer loop
      vertex 27 17 0.660254
      vertex 24.5 17 -3.66987
      vertex 27.8779 17 0.0901699
    endloop
  endfacet
  facet normal 0 -1 0
    outer loop
      vertex 24.9389 17 -3.95492
      vertex 27.8779 17 0.0901699
      vertex 24.5 17 -3.66987
    endloop
  endfacet
  facet normal 0 -1 -0
    outer loop
      vertex 27.8779 17 0.0901699
      vertex 24.9389 17 -3.95492
      vertex 28.6913 17 -0.568552
    endloop
  endfacet
  facet normal 0 -1 0
    outer loop
      vertex 25.3457 17 -4.28428
      vertex 28.6913 17 -0.568552
      vertex 24.9389 17 -3.95492
    endloop
  endfacet
  facet normal 0 -1 -0
    outer loop
      vertex 28.6913 17 -0.568552
      vertex 25.3457 17 -4.28428
      vertex 29.4314 17 -1.30869
    endloop
  endfacet
  facet normal 0 -1 0
    outer loop
      vertex 25.7157 17 -4.65435
      vertex 29.4314 17 -1.30869
      vertex 25.3457 17 -4.28428
    endloop
  endfacet
  facet normal 0 -1 -0
    outer loop
      vertex 29.4314 17 -1.30869
      vertex 25.7157 17 -4.65435
      vertex 30.0902 17 -2.12215
    endloop
  endfacet
  facet normal 0 -1 0
    outer loop
      vertex 26.0451 17 -5.06107
      vertex 30.0902 17 -2.12215
      vertex 25.7157 17 -4.65435
    endloop
  endfacet
  facet normal 0 -1 -0
    outer loop
      vertex 30.0902 17 -2.12215
      vertex 26.0451 17 -5.06107
      vertex 30.6603 17 -3
    endloop
  endfacet
  facet normal 0 -1 0
    outer loop
      vertex 26.3301 17 -5.5
      vertex 30.6603 17 -3
      vertex 26.0451 17 -5.06107
    endloop
  endfacet
  facet normal 0 -1 -0
    outer loop
      vertex 30.6603 17 -3
      vertex 26.3301 17 -5.5
      vertex 31.1355 17 -3.93263
    endloop
  endfacet
  facet normal 0 -1 0
    outer loop
      vertex 26.5677 17 -5.96632
      vertex 31.1355 17 -3.93263
      vertex 26.3301 17 -5.5
    endloop
  endfacet
  facet normal 0 -1 -0
    outer loop
      vertex 31.1355 17 -3.93263
      vertex 26.5677 17 -5.96632
      vertex 31.5106 17 -4.90983
    endloop
  endfacet
  facet normal 0 -1 0
    outer loop
      vertex 26.7553 17 -6.45492
      vertex 31.5106 17 -4.90983
      vertex 26.5677 17 -5.96632
    endloop
  endfacet
  facet normal 0 -1 -0
    outer loop
      vertex 31.5106 17 -4.90983
      vertex 26.7553 17 -6.45492
      vertex 31.7815 17 -5.92088
    endloop
  endfacet
  facet normal 0 -1 0
    outer loop
      vertex 26.8907 17 -6.96044
      vertex 31.7815 17 -5.92088
      vertex 26.7553 17 -6.45492
    endloop
  endfacet
  facet normal 0 -1 -0
    outer loop
      vertex 31.7815 17 -5.92088
      vertex 26.8907 17 -6.96044
      vertex 31.9452 17 -6.95472
    endloop
  endfacet
  facet normal 0 -1 0
    outer loop
      vertex 26.9726 17 -7.47736
      vertex 31.9452 17 -6.95472
      vertex 26.8907 17 -6.96044
    endloop
  endfacet
  facet normal 0 -1 0
    outer loop
      vertex 27 17 -8
      vertex 31.9452 17 -6.95472
      vertex 26.9726 17 -7.47736
    endloop
  endfacet
  facet normal 0 -1 0
    outer loop
      vertex 27 17 -8
      vertex 32 17 -8
      vertex 31.9452 17 -6.95472
    endloop
  endfacet
  facet normal 0 -1 0
    outer loop
      vertex 26.9726 17 -8.52264
      vertex 32 17 -8
      vertex 27 17 -8
    endloop
  endfacet
  facet normal 0 -1 0
    outer loop
      vertex 31.9452 17 -9.04528
      vertex 26.9726 17 -8.52264
      vertex 26.8907 17 -9.03956
    endloop
  endfacet
  facet normal 0 -1 0
    outer loop
      vertex 26.9726 17 -8.52264
      vertex 31.9452 17 -9.04528
      vertex 32 17 -8
    endloop
  endfacet
  facet normal 0 -1 0
    outer loop
      vertex 31.7815 17 -10.0791
      vertex 26.8907 17 -9.03956
      vertex 26.7553 17 -9.54508
    endloop
  endfacet
  facet normal 0 -1 0
    outer loop
      vertex 31.5106 17 -11.0902
      vertex 26.7553 17 -9.54508
      vertex 26.5677 17 -10.0337
    endloop
  endfacet
  facet normal 0 -1 0
    outer loop
      vertex 26.8907 17 -9.03956
      vertex 31.7815 17 -10.0791
      vertex 31.9452 17 -9.04528
    endloop
  endfacet
  facet normal 0 -1 0
    outer loop
      vertex 31.1355 17 -12.0674
      vertex 26.5677 17 -10.0337
      vertex 26.3301 17 -10.5
    endloop
  endfacet
  facet normal 0 -1 0
    outer loop
      vertex 30.6603 17 -13
      vertex 26.3301 17 -10.5
      vertex 26.0451 17 -10.9389
    endloop
  endfacet
  facet normal 0 -1 0
    outer loop
      vertex 26.7553 17 -9.54508
      vertex 31.5106 17 -11.0902
      vertex 31.7815 17 -10.0791
    endloop
  endfacet
  facet normal 0 -1 0
    outer loop
      vertex 30.6603 17 -13
      vertex 26.0451 17 -10.9389
      vertex 25.7157 17 -11.3457
    endloop
  endfacet
  facet normal 0 -1 0
    outer loop
      vertex 30.6603 17 -13
      vertex 25.7157 17 -11.3457
      vertex 25.3457 17 -11.7157
    endloop
  endfacet
  facet normal 0 -1 0
    outer loop
      vertex 30.6603 17 -13
      vertex 25.3457 17 -11.7157
      vertex 24.9389 17 -12.0451
    endloop
  endfacet
  facet normal 0 -1 0
    outer loop
      vertex 26.5677 17 -10.0337
      vertex 31.1355 17 -12.0674
      vertex 31.5106 17 -11.0902
    endloop
  endfacet
  facet normal 0 -1 0
    outer loop
      vertex 30.6603 17 -13
      vertex 24.9389 17 -12.0451
      vertex 24.5 17 -12.3301
    endloop
  endfacet
  facet normal 0 -1 0
    outer loop
      vertex 30.6603 17 -13
      vertex 24.5 17 -12.3301
      vertex 24.0337 17 -12.5677
    endloop
  endfacet
  facet normal 0 -1 0
    outer loop
      vertex 30.6603 17 -13
      vertex 24.0337 17 -12.5677
      vertex 23.5451 17 -12.7553
    endloop
  endfacet
  facet normal 0 -1 0
    outer loop
      vertex 30.6603 17 -13
      vertex 23.5451 17 -12.7553
      vertex 23.0396 17 -12.8907
    endloop
  endfacet
  facet normal 0 -1 0
    outer loop
      vertex 30.6603 17 -13
      vertex 23.0396 17 -12.8907
      vertex 22.5226 17 -12.9726
    endloop
  endfacet
  facet normal 0 -1 0
    outer loop
      vertex 26.3301 17 -10.5
      vertex 30.6603 17 -13
      vertex 31.1355 17 -12.0674
    endloop
  endfacet
  facet normal 0 -1 0
    outer loop
      vertex 30.6603 17 -13
      vertex 22.5226 17 -12.9726
      vertex 22 17 -13
    endloop
  endfacet
  facet normal -0.358366 0 0.933581
    outer loop
      vertex 17.9326 25 1.13545
      vertex 18.9098 17 1.51056
      vertex 18.9098 25 1.51056
    endloop
  endfacet
  facet normal -0.358366 0 0.933581
    outer loop
      vertex 18.9098 17 1.51056
      vertex 17.9326 25 1.13545
      vertex 17.9326 17 1.13545
    endloop
  endfacet
  facet normal 0.454 0 0.891002
    outer loop
      vertex 26.0674 25 1.13545
      vertex 27 17 0.660254
      vertex 27 25 0.660254
    endloop
  endfacet
  facet normal 0.454 0 0.891002
    outer loop
      vertex 27 17 0.660254
      vertex 26.0674 25 1.13545
      vertex 26.0674 17 1.13545
    endloop
  endfacet
  facet normal 0.891 0 -0.454003
    outer loop
      vertex 31.1355 17 -12.0674
      vertex 30.6603 25 -13
      vertex 31.1355 25 -12.0674
    endloop
  endfacet
  facet normal 0.891 0 -0.454003
    outer loop
      vertex 30.6603 25 -13
      vertex 31.1355 17 -12.0674
      vertex 30.6603 17 -13
    endloop
  endfacet
  facet normal 0.707125 -0 0.707089
    outer loop
      vertex 28.6913 17 -0.568552
      vertex 29.4314 25 -1.30869
      vertex 28.6913 25 -0.568552
    endloop
  endfacet
  facet normal 0.707125 0 0.707089
    outer loop
      vertex 29.4314 25 -1.30869
      vertex 28.6913 17 -0.568552
      vertex 29.4314 17 -1.30869
    endloop
  endfacet
  facet normal -0.629391 0 -0.777089
    outer loop
      vertex 15.3087 17 -15.4314
      vertex 16.1221 25 -16.0902
      vertex 16.1221 17 -16.0902
    endloop
  endfacet
  facet normal -0.629391 0 -0.777089
    outer loop
      vertex 16.1221 25 -16.0902
      vertex 15.3087 17 -15.4314
      vertex 15.3087 25 -15.4314
    endloop
  endfacet
  facet normal 0.838677 0 -0.544629
    outer loop
      vertex 30.6603 17 -13
      vertex 30.0902 25 -13.8779
      vertex 30.6603 25 -13
    endloop
  endfacet
  facet normal 0.838677 0 -0.544629
    outer loop
      vertex 30.0902 25 -13.8779
      vertex 30.6603 17 -13
      vertex 30.0902 17 -13.8779
    endloop
  endfacet
  facet normal 0.454003 0 -0.891
    outer loop
      vertex 26.0674 17 -17.1355
      vertex 27 25 -16.6603
      vertex 27 17 -16.6603
    endloop
  endfacet
  facet normal 0.454003 0 -0.891
    outer loop
      vertex 27 25 -16.6603
      vertex 26.0674 17 -17.1355
      vertex 26.0674 25 -17.1355
    endloop
  endfacet
  facet normal -0.156436 0 0.987688
    outer loop
      vertex 19.9209 25 1.78148
      vertex 20.9547 17 1.94522
      vertex 20.9547 25 1.94522
    endloop
  endfacet
  facet normal -0.156436 0 0.987688
    outer loop
      vertex 20.9547 17 1.94522
      vertex 19.9209 25 1.78148
      vertex 19.9209 17 1.78148
    endloop
  endfacet
  facet normal 0.933584 -0 0.358358
    outer loop
      vertex 31.1355 17 -3.93263
      vertex 31.5106 25 -4.90983
      vertex 31.1355 25 -3.93263
    endloop
  endfacet
  facet normal 0.933584 0 0.358358
    outer loop
      vertex 31.5106 25 -4.90983
      vertex 31.1355 17 -3.93263
      vertex 31.5106 17 -4.90983
    endloop
  endfacet
  facet normal 0.777089 0 -0.629391
    outer loop
      vertex 30.0902 17 -13.8779
      vertex 29.4314 25 -14.6913
      vertex 30.0902 25 -13.8779
    endloop
  endfacet
  facet normal 0.777089 0 -0.629391
    outer loop
      vertex 29.4314 25 -14.6913
      vertex 30.0902 17 -13.8779
      vertex 29.4314 17 -14.6913
    endloop
  endfacet
  facet normal 0.933584 0 -0.358358
    outer loop
      vertex 31.5106 17 -11.0902
      vertex 31.1355 25 -12.0674
      vertex 31.5106 25 -11.0902
    endloop
  endfacet
  facet normal 0.933584 0 -0.358358
    outer loop
      vertex 31.1355 25 -12.0674
      vertex 31.5106 17 -11.0902
      vertex 31.1355 17 -12.0674
    endloop
  endfacet
  facet normal -0.933584 0 -0.358358
    outer loop
      vertex 12.8645 17 -12.0674
      vertex 12.4894 25 -11.0902
      vertex 12.8645 25 -12.0674
    endloop
  endfacet
  facet normal -0.933584 -0 -0.358358
    outer loop
      vertex 12.4894 25 -11.0902
      vertex 12.8645 17 -12.0674
      vertex 12.4894 17 -11.0902
    endloop
  endfacet
  facet normal -0.987695 0 0.156393
    outer loop
      vertex 12.0548 17 -6.95472
      vertex 12.2185 25 -5.92088
      vertex 12.0548 25 -6.95472
    endloop
  endfacet
  facet normal -0.987695 0 0.156393
    outer loop
      vertex 12.2185 25 -5.92088
      vertex 12.0548 17 -6.95472
      vertex 12.2185 17 -5.92088
    endloop
  endfacet
  facet normal 0.0523342 0 0.99863
    outer loop
      vertex 22 25 2
      vertex 23.0453 17 1.94522
      vertex 23.0453 25 1.94522
    endloop
  endfacet
  facet normal 0.0523342 0 0.99863
    outer loop
      vertex 23.0453 17 1.94522
      vertex 22 25 2
      vertex 22 17 2
    endloop
  endfacet
  facet normal 0.891006 -0 0.453991
    outer loop
      vertex 30.6603 17 -3
      vertex 31.1355 25 -3.93263
      vertex 30.6603 25 -3
    endloop
  endfacet
  facet normal 0.891006 0 0.453991
    outer loop
      vertex 31.1355 25 -3.93263
      vertex 30.6603 17 -3
      vertex 31.1355 17 -3.93263
    endloop
  endfacet
  facet normal -0.838663 0 0.544651
    outer loop
      vertex 13.3397 17 -3
      vertex 13.9098 25 -2.12215
      vertex 13.3397 25 -3
    endloop
  endfacet
  facet normal -0.838663 0 0.544651
    outer loop
      vertex 13.9098 25 -2.12215
      vertex 13.3397 17 -3
      vertex 13.9098 17 -2.12215
    endloop
  endfacet
  facet normal -0.629346 0 0.777126
    outer loop
      vertex 15.3087 25 -0.568552
      vertex 16.1221 17 0.0901699
      vertex 16.1221 25 0.0901699
    endloop
  endfacet
  facet normal -0.629346 0 0.777126
    outer loop
      vertex 16.1221 17 0.0901699
      vertex 15.3087 25 -0.568552
      vertex 15.3087 17 -0.568552
    endloop
  endfacet
  facet normal -0.933584 0 0.358358
    outer loop
      vertex 12.4894 17 -4.90983
      vertex 12.8645 25 -3.93263
      vertex 12.4894 25 -4.90983
    endloop
  endfacet
  facet normal -0.933584 0 0.358358
    outer loop
      vertex 12.8645 25 -3.93263
      vertex 12.4894 17 -4.90983
      vertex 12.8645 17 -3.93263
    endloop
  endfacet
  facet normal -0.891 0 -0.454003
    outer loop
      vertex 13.3397 17 -13
      vertex 12.8645 25 -12.0674
      vertex 13.3397 25 -13
    endloop
  endfacet
  facet normal -0.891 -0 -0.454003
    outer loop
      vertex 12.8645 25 -12.0674
      vertex 13.3397 17 -13
      vertex 12.8645 17 -12.0674
    endloop
  endfacet
  facet normal 0.258798 0 -0.965931
    outer loop
      vertex 24.0791 17 -17.7815
      vertex 25.0902 25 -17.5106
      vertex 25.0902 17 -17.5106
    endloop
  endfacet
  facet normal 0.258798 0 -0.965931
    outer loop
      vertex 25.0902 25 -17.5106
      vertex 24.0791 17 -17.7815
      vertex 24.0791 25 -17.7815
    endloop
  endfacet
  facet normal 0.629391 0 -0.777089
    outer loop
      vertex 27.8779 17 -16.0902
      vertex 28.6913 25 -15.4314
      vertex 28.6913 17 -15.4314
    endloop
  endfacet
  facet normal 0.629391 0 -0.777089
    outer loop
      vertex 28.6913 25 -15.4314
      vertex 27.8779 17 -16.0902
      vertex 27.8779 25 -16.0902
    endloop
  endfacet
  facet normal -0.258798 0 -0.965931
    outer loop
      vertex 18.9098 17 -17.5106
      vertex 19.9209 25 -17.7815
      vertex 19.9209 17 -17.7815
    endloop
  endfacet
  facet normal -0.258798 0 -0.965931
    outer loop
      vertex 19.9209 25 -17.7815
      vertex 18.9098 17 -17.5106
      vertex 18.9098 25 -17.5106
    endloop
  endfacet
  facet normal -0.998629 0 -0.0523542
    outer loop
      vertex 12.0548 17 -9.04528
      vertex 12 25 -8
      vertex 12.0548 25 -9.04528
    endloop
  endfacet
  facet normal -0.998629 -0 -0.0523542
    outer loop
      vertex 12 25 -8
      vertex 12.0548 17 -9.04528
      vertex 12 17 -8
    endloop
  endfacet
  facet normal 0.156436 0 0.987688
    outer loop
      vertex 23.0453 25 1.94522
      vertex 24.0791 17 1.78148
      vertex 24.0791 25 1.78148
    endloop
  endfacet
  facet normal 0.156436 0 0.987688
    outer loop
      vertex 24.0791 17 1.78148
      vertex 23.0453 25 1.94522
      vertex 23.0453 17 1.94522
    endloop
  endfacet
  facet normal -0.777089 0 -0.629391
    outer loop
      vertex 14.5686 17 -14.6913
      vertex 13.9098 25 -13.8779
      vertex 14.5686 25 -14.6913
    endloop
  endfacet
  facet normal -0.777089 -0 -0.629391
    outer loop
      vertex 13.9098 25 -13.8779
      vertex 14.5686 17 -14.6913
      vertex 13.9098 17 -13.8779
    endloop
  endfacet
  facet normal -0.454 0 0.891002
    outer loop
      vertex 17 25 0.660254
      vertex 17.9326 17 1.13545
      vertex 17.9326 25 1.13545
    endloop
  endfacet
  facet normal -0.454 0 0.891002
    outer loop
      vertex 17.9326 17 1.13545
      vertex 17 25 0.660254
      vertex 17 17 0.660254
    endloop
  endfacet
  facet normal -0.965928 0 0.25881
    outer loop
      vertex 12.2185 17 -5.92088
      vertex 12.4894 25 -4.90983
      vertex 12.2185 25 -5.92088
    endloop
  endfacet
  facet normal -0.965928 0 0.25881
    outer loop
      vertex 12.4894 25 -4.90983
      vertex 12.2185 17 -5.92088
      vertex 12.4894 17 -4.90983
    endloop
  endfacet
  facet normal -0.707107 0 -0.707107
    outer loop
      vertex 15.3087 17 -15.4314
      vertex 14.5686 25 -14.6913
      vertex 15.3087 25 -15.4314
    endloop
  endfacet
  facet normal -0.707107 -0 -0.707107
    outer loop
      vertex 14.5686 25 -14.6913
      vertex 15.3087 17 -15.4314
      vertex 14.5686 17 -14.6913
    endloop
  endfacet
  facet normal 0.544629 0 -0.838677
    outer loop
      vertex 27 17 -16.6603
      vertex 27.8779 25 -16.0902
      vertex 27.8779 17 -16.0902
    endloop
  endfacet
  facet normal 0.544629 0 -0.838677
    outer loop
      vertex 27.8779 25 -16.0902
      vertex 27 17 -16.6603
      vertex 27 25 -16.6603
    endloop
  endfacet
  facet normal 0 1 0
    outer loop
      vertex 23.0453 25 1.94522
      vertex 22.5226 25 -3.02739
      vertex 22 25 -3
    endloop
  endfacet
  facet normal 0 1 0
    outer loop
      vertex 30.0902 25 -2.12215
      vertex 23.0396 25 -3.10926
      vertex 22.5226 25 -3.02739
    endloop
  endfacet
  facet normal 0 1 0
    outer loop
      vertex 30.0902 25 -2.12215
      vertex 23.5451 25 -3.24472
      vertex 23.0396 25 -3.10926
    endloop
  endfacet
  facet normal 0 1 0
    outer loop
      vertex 30.0902 25 -2.12215
      vertex 24.0337 25 -3.43227
      vertex 23.5451 25 -3.24472
    endloop
  endfacet
  facet normal 0 1 0
    outer loop
      vertex 30.0902 25 -2.12215
      vertex 24.5 25 -3.66987
      vertex 24.0337 25 -3.43227
    endloop
  endfacet
  facet normal 0 1 0
    outer loop
      vertex 26.3301 25 -5.5
      vertex 30.6603 25 -3
      vertex 31.1355 25 -3.93263
    endloop
  endfacet
  facet normal 0 1 0
    outer loop
      vertex 30.0902 25 -2.12215
      vertex 24.9389 25 -3.95492
      vertex 24.5 25 -3.66987
    endloop
  endfacet
  facet normal 0 1 0
    outer loop
      vertex 30.0902 25 -2.12215
      vertex 25.3457 25 -4.28428
      vertex 24.9389 25 -3.95492
    endloop
  endfacet
  facet normal 0 1 0
    outer loop
      vertex 30.0902 25 -2.12215
      vertex 25.7157 25 -4.65435
      vertex 25.3457 25 -4.28428
    endloop
  endfacet
  facet normal 0 1 0
    outer loop
      vertex 26.5677 25 -5.96632
      vertex 31.1355 25 -3.93263
      vertex 31.5106 25 -4.90983
    endloop
  endfacet
  facet normal 0 1 0
    outer loop
      vertex 30.0902 25 -2.12215
      vertex 26.0451 25 -5.06107
      vertex 25.7157 25 -4.65435
    endloop
  endfacet
  facet normal 0 1 0
    outer loop
      vertex 30.6603 25 -3
      vertex 26.3301 25 -5.5
      vertex 26.0451 25 -5.06107
    endloop
  endfacet
  facet normal 0 1 0
    outer loop
      vertex 26.7553 25 -6.45492
      vertex 31.5106 25 -4.90983
      vertex 31.7815 25 -5.92088
    endloop
  endfacet
  facet normal 0 1 0
    outer loop
      vertex 31.1355 25 -3.93263
      vertex 26.5677 25 -5.96632
      vertex 26.3301 25 -5.5
    endloop
  endfacet
  facet normal 0 1 0
    outer loop
      vertex 31.5106 25 -4.90983
      vertex 26.7553 25 -6.45492
      vertex 26.5677 25 -5.96632
    endloop
  endfacet
  facet normal 0 1 0
    outer loop
      vertex 26.8907 25 -6.96044
      vertex 31.7815 25 -5.92088
      vertex 31.9452 25 -6.95472
    endloop
  endfacet
  facet normal 0 1 0
    outer loop
      vertex 31.7815 25 -5.92088
      vertex 26.8907 25 -6.96044
      vertex 26.7553 25 -6.45492
    endloop
  endfacet
  facet normal 0 1 0
    outer loop
      vertex 31.9452 25 -6.95472
      vertex 26.9726 25 -7.47736
      vertex 26.8907 25 -6.96044
    endloop
  endfacet
  facet normal 0 1 0
    outer loop
      vertex 32 25 -8
      vertex 26.9726 25 -7.47736
      vertex 31.9452 25 -6.95472
    endloop
  endfacet
  facet normal 0 1 0
    outer loop
      vertex 32 25 -8
      vertex 27 25 -8
      vertex 26.9726 25 -7.47736
    endloop
  endfacet
  facet normal 0 1 0
    outer loop
      vertex 32 25 -8
      vertex 26.9726 25 -8.52264
      vertex 27 25 -8
    endloop
  endfacet
  facet normal 0 1 -0
    outer loop
      vertex 31.9452 25 -9.04528
      vertex 26.9726 25 -8.52264
      vertex 32 25 -8
    endloop
  endfacet
  facet normal 0 1 0
    outer loop
      vertex 26.9726 25 -8.52264
      vertex 31.9452 25 -9.04528
      vertex 26.8907 25 -9.03956
    endloop
  endfacet
  facet normal 0 1 -0
    outer loop
      vertex 31.7815 25 -10.0791
      vertex 26.8907 25 -9.03956
      vertex 31.9452 25 -9.04528
    endloop
  endfacet
  facet normal 0 1 0
    outer loop
      vertex 26.8907 25 -9.03956
      vertex 31.7815 25 -10.0791
      vertex 26.7553 25 -9.54508
    endloop
  endfacet
  facet normal 0 1 -0
    outer loop
      vertex 31.5106 25 -11.0902
      vertex 26.7553 25 -9.54508
      vertex 31.7815 25 -10.0791
    endloop
  endfacet
  facet normal 0 1 0
    outer loop
      vertex 26.7553 25 -9.54508
      vertex 31.5106 25 -11.0902
      vertex 26.5677 25 -10.0337
    endloop
  endfacet
  facet normal 0 1 -0
    outer loop
      vertex 31.1355 25 -12.0674
      vertex 26.5677 25 -10.0337
      vertex 31.5106 25 -11.0902
    endloop
  endfacet
  facet normal 0 1 0
    outer loop
      vertex 26.5677 25 -10.0337
      vertex 31.1355 25 -12.0674
      vertex 26.3301 25 -10.5
    endloop
  endfacet
  facet normal 0 1 -0
    outer loop
      vertex 30.6603 25 -13
      vertex 26.3301 25 -10.5
      vertex 31.1355 25 -12.0674
    endloop
  endfacet
  facet normal 0 1 0
    outer loop
      vertex 26.3301 25 -10.5
      vertex 30.6603 25 -13
      vertex 26.0451 25 -10.9389
    endloop
  endfacet
  facet normal 0 1 -0
    outer loop
      vertex 30.0902 25 -13.8779
      vertex 26.0451 25 -10.9389
      vertex 30.6603 25 -13
    endloop
  endfacet
  facet normal 0 1 0
    outer loop
      vertex 26.0451 25 -10.9389
      vertex 30.0902 25 -13.8779
      vertex 25.7157 25 -11.3457
    endloop
  endfacet
  facet normal 0 1 -0
    outer loop
      vertex 29.4314 25 -14.6913
      vertex 25.7157 25 -11.3457
      vertex 30.0902 25 -13.8779
    endloop
  endfacet
  facet normal 0 1 0
    outer loop
      vertex 25.7157 25 -11.3457
      vertex 29.4314 25 -14.6913
      vertex 25.3457 25 -11.7157
    endloop
  endfacet
  facet normal 0 1 -0
    outer loop
      vertex 28.6913 25 -15.4314
      vertex 25.3457 25 -11.7157
      vertex 29.4314 25 -14.6913
    endloop
  endfacet
  facet normal 0 1 0
    outer loop
      vertex 25.3457 25 -11.7157
      vertex 28.6913 25 -15.4314
      vertex 24.9389 25 -12.0451
    endloop
  endfacet
  facet normal 0 1 -0
    outer loop
      vertex 27.8779 25 -16.0902
      vertex 24.9389 25 -12.0451
      vertex 28.6913 25 -15.4314
    endloop
  endfacet
  facet normal 0 1 0
    outer loop
      vertex 24.9389 25 -12.0451
      vertex 27.8779 25 -16.0902
      vertex 24.5 25 -12.3301
    endloop
  endfacet
  facet normal 0 1 -0
    outer loop
      vertex 27 25 -16.6603
      vertex 24.5 25 -12.3301
      vertex 27.8779 25 -16.0902
    endloop
  endfacet
  facet normal 0 1 0
    outer loop
      vertex 24.5 25 -12.3301
      vertex 27 25 -16.6603
      vertex 24.0337 25 -12.5677
    endloop
  endfacet
  facet normal 0 1 -0
    outer loop
      vertex 26.0674 25 -17.1355
      vertex 24.0337 25 -12.5677
      vertex 27 25 -16.6603
    endloop
  endfacet
  facet normal 0 1 0
    outer loop
      vertex 22 25 -13
      vertex 13.9098 25 -13.8779
      vertex 13.3397 25 -13
    endloop
  endfacet
  facet normal 0 1 0
    outer loop
      vertex 24.0337 25 -12.5677
      vertex 26.0674 25 -17.1355
      vertex 23.5451 25 -12.7553
    endloop
  endfacet
  facet normal 0 1 0
    outer loop
      vertex 22 25 -13
      vertex 14.5686 25 -14.6913
      vertex 13.9098 25 -13.8779
    endloop
  endfacet
  facet normal 0 1 -0
    outer loop
      vertex 25.0902 25 -17.5106
      vertex 23.5451 25 -12.7553
      vertex 26.0674 25 -17.1355
    endloop
  endfacet
  facet normal 0 1 0
    outer loop
      vertex 22 25 -13
      vertex 15.3087 25 -15.4314
      vertex 14.5686 25 -14.6913
    endloop
  endfacet
  facet normal 0 1 0
    outer loop
      vertex 23.5451 25 -12.7553
      vertex 25.0902 25 -17.5106
      vertex 23.0396 25 -12.8907
    endloop
  endfacet
  facet normal 0 1 0
    outer loop
      vertex 22 25 -13
      vertex 16.1221 25 -16.0902
      vertex 15.3087 25 -15.4314
    endloop
  endfacet
  facet normal 0 1 -0
    outer loop
      vertex 24.0791 25 -17.7815
      vertex 23.0396 25 -12.8907
      vertex 25.0902 25 -17.5106
    endloop
  endfacet
  facet normal 0 1 0
    outer loop
      vertex 22 25 -13
      vertex 17 25 -16.6603
      vertex 16.1221 25 -16.0902
    endloop
  endfacet
  facet normal 0 1 0
    outer loop
      vertex 23.0396 25 -12.8907
      vertex 24.0791 25 -17.7815
      vertex 22.5226 25 -12.9726
    endloop
  endfacet
  facet normal 0 1 0
    outer loop
      vertex 22 25 -13
      vertex 17.9326 25 -17.1355
      vertex 17 25 -16.6603
    endloop
  endfacet
  facet normal 0 1 -0
    outer loop
      vertex 23.0453 25 -17.9452
      vertex 22.5226 25 -12.9726
      vertex 24.0791 25 -17.7815
    endloop
  endfacet
  facet normal 0 1 0
    outer loop
      vertex 22 25 -13
      vertex 18.9098 25 -17.5106
      vertex 17.9326 25 -17.1355
    endloop
  endfacet
  facet normal 0 1 0
    outer loop
      vertex 22.5226 25 -12.9726
      vertex 23.0453 25 -17.9452
      vertex 22 25 -13
    endloop
  endfacet
  facet normal 0 1 0
    outer loop
      vertex 22 25 -13
      vertex 19.9209 25 -17.7815
      vertex 18.9098 25 -17.5106
    endloop
  endfacet
  facet normal 0 1 0
    outer loop
      vertex 22 25 -18
      vertex 22 25 -13
      vertex 23.0453 25 -17.9452
    endloop
  endfacet
  facet normal 0 1 0
    outer loop
      vertex 22 25 -13
      vertex 20.9547 25 -17.9452
      vertex 19.9209 25 -17.7815
    endloop
  endfacet
  facet normal 0 1 0
    outer loop
      vertex 22 25 -13
      vertex 22 25 -18
      vertex 20.9547 25 -17.9452
    endloop
  endfacet
  facet normal 0 1 0
    outer loop
      vertex 22 25 -3
      vertex 22 25 2
      vertex 23.0453 25 1.94522
    endloop
  endfacet
  facet normal 0 1 0
    outer loop
      vertex 22.5226 25 -3.02739
      vertex 23.0453 25 1.94522
      vertex 24.0791 25 1.78148
    endloop
  endfacet
  facet normal 0 1 0
    outer loop
      vertex 22 25 2
      vertex 22 25 -3
      vertex 20.9547 25 1.94522
    endloop
  endfacet
  facet normal 0 1 0
    outer loop
      vertex 22.5226 25 -3.02739
      vertex 24.0791 25 1.78148
      vertex 25.0902 25 1.51056
    endloop
  endfacet
  facet normal 0 1 -0
    outer loop
      vertex 21.4774 25 -3.02739
      vertex 20.9547 25 1.94522
      vertex 22 25 -3
    endloop
  endfacet
  facet normal 0 1 0
    outer loop
      vertex 22.5226 25 -3.02739
      vertex 25.0902 25 1.51056
      vertex 26.0674 25 1.13545
    endloop
  endfacet
  facet normal 0 1 0
    outer loop
      vertex 20.9547 25 1.94522
      vertex 21.4774 25 -3.02739
      vertex 19.9209 25 1.78148
    endloop
  endfacet
  facet normal 0 1 0
    outer loop
      vertex 22.5226 25 -3.02739
      vertex 26.0674 25 1.13545
      vertex 27 25 0.660254
    endloop
  endfacet
  facet normal 0 1 -0
    outer loop
      vertex 20.9604 25 -3.10926
      vertex 19.9209 25 1.78148
      vertex 21.4774 25 -3.02739
    endloop
  endfacet
  facet normal 0 1 0
    outer loop
      vertex 22.5226 25 -3.02739
      vertex 27 25 0.660254
      vertex 27.8779 25 0.0901699
    endloop
  endfacet
  facet normal 0 1 0
    outer loop
      vertex 19.9209 25 1.78148
      vertex 20.9604 25 -3.10926
      vertex 18.9098 25 1.51056
    endloop
  endfacet
  facet normal 0 1 0
    outer loop
      vertex 22.5226 25 -3.02739
      vertex 27.8779 25 0.0901699
      vertex 28.6913 25 -0.568552
    endloop
  endfacet
  facet normal 0 1 -0
    outer loop
      vertex 20.4549 25 -3.24472
      vertex 18.9098 25 1.51056
      vertex 20.9604 25 -3.10926
    endloop
  endfacet
  facet normal 0 1 0
    outer loop
      vertex 22.5226 25 -3.02739
      vertex 28.6913 25 -0.568552
      vertex 29.4314 25 -1.30869
    endloop
  endfacet
  facet normal 0 1 0
    outer loop
      vertex 18.9098 25 1.51056
      vertex 20.4549 25 -3.24472
      vertex 17.9326 25 1.13545
    endloop
  endfacet
  facet normal 0 1 0
    outer loop
      vertex 22.5226 25 -3.02739
      vertex 29.4314 25 -1.30869
      vertex 30.0902 25 -2.12215
    endloop
  endfacet
  facet normal 0 1 -0
    outer loop
      vertex 19.9663 25 -3.43227
      vertex 17.9326 25 1.13545
      vertex 20.4549 25 -3.24472
    endloop
  endfacet
  facet normal 0 1 0
    outer loop
      vertex 26.0451 25 -5.06107
      vertex 30.0902 25 -2.12215
      vertex 30.6603 25 -3
    endloop
  endfacet
  facet normal 0 1 0
    outer loop
      vertex 17.9326 25 1.13545
      vertex 19.9663 25 -3.43227
      vertex 17 25 0.660254
    endloop
  endfacet
  facet normal 0 1 -0
    outer loop
      vertex 19.5 25 -3.66987
      vertex 17 25 0.660254
      vertex 19.9663 25 -3.43227
    endloop
  endfacet
  facet normal 0 1 0
    outer loop
      vertex 17 25 0.660254
      vertex 19.5 25 -3.66987
      vertex 16.1221 25 0.0901699
    endloop
  endfacet
  facet normal 0 1 -0
    outer loop
      vertex 19.0611 25 -3.95492
      vertex 16.1221 25 0.0901699
      vertex 19.5 25 -3.66987
    endloop
  endfacet
  facet normal 0 1 0
    outer loop
      vertex 16.1221 25 0.0901699
      vertex 19.0611 25 -3.95492
      vertex 15.3087 25 -0.568552
    endloop
  endfacet
  facet normal 0 1 -0
    outer loop
      vertex 18.6543 25 -4.28428
      vertex 15.3087 25 -0.568552
      vertex 19.0611 25 -3.95492
    endloop
  endfacet
  facet normal 0 1 0
    outer loop
      vertex 15.3087 25 -0.568552
      vertex 18.6543 25 -4.28428
      vertex 14.5686 25 -1.30869
    endloop
  endfacet
  facet normal 0 1 -0
    outer loop
      vertex 18.2843 25 -4.65435
      vertex 14.5686 25 -1.30869
      vertex 18.6543 25 -4.28428
    endloop
  endfacet
  facet normal 0 1 0
    outer loop
      vertex 14.5686 25 -1.30869
      vertex 18.2843 25 -4.65435
      vertex 13.9098 25 -2.12215
    endloop
  endfacet
  facet normal 0 1 -0
    outer loop
      vertex 17.9549 25 -5.06107
      vertex 13.9098 25 -2.12215
      vertex 18.2843 25 -4.65435
    endloop
  endfacet
  facet normal 0 1 0
    outer loop
      vertex 13.9098 25 -2.12215
      vertex 17.9549 25 -5.06107
      vertex 13.3397 25 -3
    endloop
  endfacet
  facet normal 0 1 -0
    outer loop
      vertex 17.6699 25 -5.5
      vertex 13.3397 25 -3
      vertex 17.9549 25 -5.06107
    endloop
  endfacet
  facet normal 0 1 0
    outer loop
      vertex 13.3397 25 -3
      vertex 17.6699 25 -5.5
      vertex 12.8645 25 -3.93263
    endloop
  endfacet
  facet normal 0 1 -0
    outer loop
      vertex 17.4323 25 -5.96632
      vertex 12.8645 25 -3.93263
      vertex 17.6699 25 -5.5
    endloop
  endfacet
  facet normal 0 1 0
    outer loop
      vertex 12.8645 25 -3.93263
      vertex 17.4323 25 -5.96632
      vertex 12.4894 25 -4.90983
    endloop
  endfacet
  facet normal 0 1 -0
    outer loop
      vertex 17.2447 25 -6.45492
      vertex 12.4894 25 -4.90983
      vertex 17.4323 25 -5.96632
    endloop
  endfacet
  facet normal 0 1 0
    outer loop
      vertex 12.4894 25 -4.90983
      vertex 17.2447 25 -6.45492
      vertex 12.2185 25 -5.92088
    endloop
  endfacet
  facet normal 0 1 -0
    outer loop
      vertex 17.1093 25 -6.96044
      vertex 12.2185 25 -5.92088
      vertex 17.2447 25 -6.45492
    endloop
  endfacet
  facet normal 0 1 0
    outer loop
      vertex 12.2185 25 -5.92088
      vertex 17.1093 25 -6.96044
      vertex 12.0548 25 -6.95472
    endloop
  endfacet
  facet normal 0 1 -0
    outer loop
      vertex 17.0274 25 -7.47736
      vertex 12.0548 25 -6.95472
      vertex 17.1093 25 -6.96044
    endloop
  endfacet
  facet normal 0 1 -0
    outer loop
      vertex 17 25 -8
      vertex 12.0548 25 -6.95472
      vertex 17.0274 25 -7.47736
    endloop
  endfacet
  facet normal 0 1 0
    outer loop
      vertex 17 25 -8
      vertex 12 25 -8
      vertex 12.0548 25 -6.95472
    endloop
  endfacet
  facet normal 0 1 0
    outer loop
      vertex 17.0274 25 -8.52264
      vertex 12 25 -8
      vertex 17 25 -8
    endloop
  endfacet
  facet normal 0 1 0
    outer loop
      vertex 12.0548 25 -9.04528
      vertex 17.0274 25 -8.52264
      vertex 17.1093 25 -9.03956
    endloop
  endfacet
  facet normal 0 1 0
    outer loop
      vertex 17.0274 25 -8.52264
      vertex 12.0548 25 -9.04528
      vertex 12 25 -8
    endloop
  endfacet
  facet normal 0 1 0
    outer loop
      vertex 12.2185 25 -10.0791
      vertex 17.1093 25 -9.03956
      vertex 17.2447 25 -9.54508
    endloop
  endfacet
  facet normal 0 1 0
    outer loop
      vertex 12.4894 25 -11.0902
      vertex 17.2447 25 -9.54508
      vertex 17.4323 25 -10.0337
    endloop
  endfacet
  facet normal 0 1 0
    outer loop
      vertex 17.1093 25 -9.03956
      vertex 12.2185 25 -10.0791
      vertex 12.0548 25 -9.04528
    endloop
  endfacet
  facet normal 0 1 0
    outer loop
      vertex 12.8645 25 -12.0674
      vertex 17.4323 25 -10.0337
      vertex 17.6699 25 -10.5
    endloop
  endfacet
  facet normal 0 1 0
    outer loop
      vertex 13.3397 25 -13
      vertex 17.6699 25 -10.5
      vertex 17.9549 25 -10.9389
    endloop
  endfacet
  facet normal 0 1 0
    outer loop
      vertex 17.2447 25 -9.54508
      vertex 12.4894 25 -11.0902
      vertex 12.2185 25 -10.0791
    endloop
  endfacet
  facet normal 0 1 0
    outer loop
      vertex 13.3397 25 -13
      vertex 17.9549 25 -10.9389
      vertex 18.2843 25 -11.3457
    endloop
  endfacet
  facet normal 0 1 0
    outer loop
      vertex 13.3397 25 -13
      vertex 18.2843 25 -11.3457
      vertex 18.6543 25 -11.7157
    endloop
  endfacet
  facet normal 0 1 0
    outer loop
      vertex 13.3397 25 -13
      vertex 18.6543 25 -11.7157
      vertex 19.0611 25 -12.0451
    endloop
  endfacet
  facet normal 0 1 0
    outer loop
      vertex 17.4323 25 -10.0337
      vertex 12.8645 25 -12.0674
      vertex 12.4894 25 -11.0902
    endloop
  endfacet
  facet normal 0 1 0
    outer loop
      vertex 13.3397 25 -13
      vertex 19.0611 25 -12.0451
      vertex 19.5 25 -12.3301
    endloop
  endfacet
  facet normal 0 1 0
    outer loop
      vertex 13.3397 25 -13
      vertex 19.5 25 -12.3301
      vertex 19.9663 25 -12.5677
    endloop
  endfacet
  facet normal 0 1 0
    outer loop
      vertex 13.3397 25 -13
      vertex 19.9663 25 -12.5677
      vertex 20.4549 25 -12.7553
    endloop
  endfacet
  facet normal 0 1 0
    outer loop
      vertex 13.3397 25 -13
      vertex 20.4549 25 -12.7553
      vertex 20.9604 25 -12.8907
    endloop
  endfacet
  facet normal 0 1 0
    outer loop
      vertex 13.3397 25 -13
      vertex 20.9604 25 -12.8907
      vertex 21.4774 25 -12.9726
    endloop
  endfacet
  facet normal 0 1 0
    outer loop
      vertex 17.6699 25 -10.5
      vertex 13.3397 25 -13
      vertex 12.8645 25 -12.0674
    endloop
  endfacet
  facet normal 0 1 0
    outer loop
      vertex 13.3397 25 -13
      vertex 21.4774 25 -12.9726
      vertex 22 25 -13
    endloop
  endfacet
  facet normal -0.0523532 0 -0.998629
    outer loop
      vertex 20.9547 17 -17.9452
      vertex 22 25 -18
      vertex 22 17 -18
    endloop
  endfacet
  facet normal -0.0523532 0 -0.998629
    outer loop
      vertex 22 25 -18
      vertex 20.9547 17 -17.9452
      vertex 20.9547 25 -17.9452
    endloop
  endfacet
  facet normal -0.998629 0 0.0523542
    outer loop
      vertex 12 17 -8
      vertex 12.0548 25 -6.95472
      vertex 12 25 -8
    endloop
  endfacet
  facet normal -0.998629 0 0.0523542
    outer loop
      vertex 12.0548 25 -6.95472
      vertex 12 17 -8
      vertex 12.0548 17 -6.95472
    endloop
  endfacet
  facet normal -0.358358 0 -0.933584
    outer loop
      vertex 17.9326 17 -17.1355
      vertex 18.9098 25 -17.5106
      vertex 18.9098 17 -17.5106
    endloop
  endfacet
  facet normal -0.358358 0 -0.933584
    outer loop
      vertex 18.9098 25 -17.5106
      vertex 17.9326 17 -17.1355
      vertex 17.9326 25 -17.1355
    endloop
  endfacet
  facet normal -0.544629 0 -0.838677
    outer loop
      vertex 16.1221 17 -16.0902
      vertex 17 25 -16.6603
      vertex 17 17 -16.6603
    endloop
  endfacet
  facet normal -0.544629 0 -0.838677
    outer loop
      vertex 17 25 -16.6603
      vertex 16.1221 17 -16.0902
      vertex 16.1221 25 -16.0902
    endloop
  endfacet
  facet normal 0.707107 0 -0.707107
    outer loop
      vertex 29.4314 17 -14.6913
      vertex 28.6913 25 -15.4314
      vertex 29.4314 25 -14.6913
    endloop
  endfacet
  facet normal 0.707107 0 -0.707107
    outer loop
      vertex 28.6913 25 -15.4314
      vertex 29.4314 17 -14.6913
      vertex 28.6913 17 -15.4314
    endloop
  endfacet
  facet normal -0.156407 0 -0.987693
    outer loop
      vertex 22.5226 17 -3.02739
      vertex 23.0396 25 -3.10926
      vertex 23.0396 17 -3.10926
    endloop
  endfacet
  facet normal -0.156407 0 -0.987693
    outer loop
      vertex 23.0396 25 -3.10926
      vertex 22.5226 17 -3.02739
      vertex 22.5226 25 -3.02739
    endloop
  endfacet
  facet normal -0.98768 0 -0.156486
    outer loop
      vertex 26.9726 17 -7.47736
      vertex 26.8907 25 -6.96044
      vertex 26.9726 25 -7.47736
    endloop
  endfacet
  facet normal -0.98768 -0 -0.156486
    outer loop
      vertex 26.8907 25 -6.96044
      vertex 26.9726 17 -7.47736
      vertex 26.8907 17 -6.96044
    endloop
  endfacet
  facet normal -0.998629 0 -0.0523542
    outer loop
      vertex 27 17 -8
      vertex 26.9726 25 -7.47736
      vertex 27 25 -8
    endloop
  endfacet
  facet normal -0.998629 -0 -0.0523542
    outer loop
      vertex 26.9726 25 -7.47736
      vertex 27 17 -8
      vertex 26.9726 17 -7.47736
    endloop
  endfacet
  facet normal -0.965951 0 -0.258723
    outer loop
      vertex 26.8907 17 -6.96044
      vertex 26.7553 25 -6.45492
      vertex 26.8907 25 -6.96044
    endloop
  endfacet
  facet normal -0.965951 -0 -0.258723
    outer loop
      vertex 26.7553 25 -6.45492
      vertex 26.8907 17 -6.96044
      vertex 26.7553 17 -6.45492
    endloop
  endfacet
  facet normal 0.0523392 0 -0.998629
    outer loop
      vertex 21.4774 17 -3.02739
      vertex 22 25 -3
      vertex 22 17 -3
    endloop
  endfacet
  facet normal 0.0523392 0 -0.998629
    outer loop
      vertex 22 25 -3
      vertex 21.4774 17 -3.02739
      vertex 21.4774 25 -3.02739
    endloop
  endfacet
  facet normal -0.0523582 0 0.998628
    outer loop
      vertex 22 25 -13
      vertex 22.5226 17 -12.9726
      vertex 22.5226 25 -12.9726
    endloop
  endfacet
  facet normal -0.0523582 0 0.998628
    outer loop
      vertex 22.5226 17 -12.9726
      vertex 22 25 -13
      vertex 22 17 -13
    endloop
  endfacet
  facet normal 0.98768 -0 0.156486
    outer loop
      vertex 17.0274 17 -8.52264
      vertex 17.1093 25 -9.03956
      vertex 17.0274 25 -8.52264
    endloop
  endfacet
  facet normal 0.98768 0 0.156486
    outer loop
      vertex 17.1093 25 -9.03956
      vertex 17.0274 17 -8.52264
      vertex 17.1093 17 -9.03956
    endloop
  endfacet
  facet normal 0.891008 0 -0.453988
    outer loop
      vertex 17.6699 17 -5.5
      vertex 17.4323 25 -5.96632
      vertex 17.6699 25 -5.5
    endloop
  endfacet
  facet normal 0.891008 0 -0.453988
    outer loop
      vertex 17.4323 25 -5.96632
      vertex 17.6699 17 -5.5
      vertex 17.4323 17 -5.96632
    endloop
  endfacet
  facet normal 0.707174 0 -0.70704
    outer loop
      vertex 18.6543 17 -4.28428
      vertex 18.2843 25 -4.65435
      vertex 18.6543 25 -4.28428
    endloop
  endfacet
  facet normal 0.707174 0 -0.70704
    outer loop
      vertex 18.2843 25 -4.65435
      vertex 18.6543 17 -4.28428
      vertex 18.2843 17 -4.65435
    endloop
  endfacet
  facet normal -0.707174 0 -0.70704
    outer loop
      vertex 25.7157 17 -4.65435
      vertex 25.3457 25 -4.28428
      vertex 25.7157 25 -4.65435
    endloop
  endfacet
  facet normal -0.707174 -0 -0.70704
    outer loop
      vertex 25.3457 25 -4.28428
      vertex 25.7157 17 -4.65435
      vertex 25.3457 17 -4.28428
    endloop
  endfacet
  facet normal -0.156463 0 0.987684
    outer loop
      vertex 22.5226 25 -12.9726
      vertex 23.0396 17 -12.8907
      vertex 23.0396 25 -12.8907
    endloop
  endfacet
  facet normal -0.156463 0 0.987684
    outer loop
      vertex 23.0396 17 -12.8907
      vertex 22.5226 25 -12.9726
      vertex 22.5226 17 -12.9726
    endloop
  endfacet
  facet normal -0.358358 0 -0.933584
    outer loop
      vertex 23.5451 17 -3.24472
      vertex 24.0337 25 -3.43227
      vertex 24.0337 17 -3.43227
    endloop
  endfacet
  facet normal -0.358358 0 -0.933584
    outer loop
      vertex 24.0337 25 -3.43227
      vertex 23.5451 17 -3.24472
      vertex 23.5451 25 -3.24472
    endloop
  endfacet
  facet normal 0.965951 -0 0.258723
    outer loop
      vertex 17.1093 17 -9.03956
      vertex 17.2447 25 -9.54508
      vertex 17.1093 25 -9.03956
    endloop
  endfacet
  facet normal 0.965951 0 0.258723
    outer loop
      vertex 17.2447 25 -9.54508
      vertex 17.1093 17 -9.03956
      vertex 17.2447 17 -9.54508
    endloop
  endfacet
  facet normal -0.98768 0 0.156486
    outer loop
      vertex 26.8907 17 -9.03956
      vertex 26.9726 25 -8.52264
      vertex 26.8907 25 -9.03956
    endloop
  endfacet
  facet normal -0.98768 0 0.156486
    outer loop
      vertex 26.9726 25 -8.52264
      vertex 26.8907 17 -9.03956
      vertex 26.9726 17 -8.52264
    endloop
  endfacet
  facet normal -0.629251 0 -0.777202
    outer loop
      vertex 24.9389 17 -3.95492
      vertex 25.3457 25 -4.28428
      vertex 25.3457 17 -4.28428
    endloop
  endfacet
  facet normal -0.629251 0 -0.777202
    outer loop
      vertex 25.3457 25 -4.28428
      vertex 24.9389 17 -3.95492
      vertex 24.9389 25 -3.95492
    endloop
  endfacet
  facet normal -0.358441 0 0.933552
    outer loop
      vertex 23.5451 25 -12.7553
      vertex 24.0337 17 -12.5677
      vertex 24.0337 25 -12.5677
    endloop
  endfacet
  facet normal -0.358441 0 0.933552
    outer loop
      vertex 24.0337 17 -12.5677
      vertex 23.5451 25 -12.7553
      vertex 23.5451 17 -12.7553
    endloop
  endfacet
  facet normal -0.838709 0 -0.544579
    outer loop
      vertex 26.3301 17 -5.5
      vertex 26.0451 25 -5.06107
      vertex 26.3301 25 -5.5
    endloop
  endfacet
  facet normal -0.838709 -0 -0.544579
    outer loop
      vertex 26.0451 25 -5.06107
      vertex 26.3301 17 -5.5
      vertex 26.0451 17 -5.06107
    endloop
  endfacet
  facet normal 0.25884 0 -0.96592
    outer loop
      vertex 20.4549 17 -3.24472
      vertex 20.9604 25 -3.10926
      vertex 20.9604 17 -3.10926
    endloop
  endfacet
  facet normal 0.25884 0 -0.96592
    outer loop
      vertex 20.9604 25 -3.10926
      vertex 20.4549 17 -3.24472
      vertex 20.4549 25 -3.24472
    endloop
  endfacet
  facet normal -0.998629 0 0.0523542
    outer loop
      vertex 26.9726 17 -8.52264
      vertex 27 25 -8
      vertex 26.9726 25 -8.52264
    endloop
  endfacet
  facet normal -0.998629 0 0.0523542
    outer loop
      vertex 27 25 -8
      vertex 26.9726 17 -8.52264
      vertex 27 17 -8
    endloop
  endfacet
  facet normal -0.933557 0 0.358428
    outer loop
      vertex 26.5677 17 -10.0337
      vertex 26.7553 25 -9.54508
      vertex 26.5677 25 -10.0337
    endloop
  endfacet
  facet normal -0.933557 0 0.358428
    outer loop
      vertex 26.7553 25 -9.54508
      vertex 26.5677 17 -10.0337
      vertex 26.7553 17 -9.54508
    endloop
  endfacet
  facet normal -0.838692 0 0.544605
    outer loop
      vertex 26.0451 17 -10.9389
      vertex 26.3301 25 -10.5
      vertex 26.0451 25 -10.9389
    endloop
  endfacet
  facet normal -0.838692 0 0.544605
    outer loop
      vertex 26.3301 25 -10.5
      vertex 26.0451 17 -10.9389
      vertex 26.3301 17 -10.5
    endloop
  endfacet
  facet normal 0.544673 0 -0.838649
    outer loop
      vertex 19.0611 17 -3.95492
      vertex 19.5 25 -3.66987
      vertex 19.5 17 -3.66987
    endloop
  endfacet
  facet normal 0.544673 0 -0.838649
    outer loop
      vertex 19.5 25 -3.66987
      vertex 19.0611 17 -3.95492
      vertex 19.0611 25 -3.95492
    endloop
  endfacet
  facet normal -0.965951 0 0.258723
    outer loop
      vertex 26.7553 17 -9.54508
      vertex 26.8907 25 -9.03956
      vertex 26.7553 25 -9.54508
    endloop
  endfacet
  facet normal -0.965951 0 0.258723
    outer loop
      vertex 26.8907 25 -9.03956
      vertex 26.7553 17 -9.54508
      vertex 26.8907 17 -9.03956
    endloop
  endfacet
  facet normal 0.933552 0 -0.358441
    outer loop
      vertex 17.4323 17 -5.96632
      vertex 17.2447 25 -6.45492
      vertex 17.4323 25 -5.96632
    endloop
  endfacet
  facet normal 0.933552 0 -0.358441
    outer loop
      vertex 17.2447 25 -6.45492
      vertex 17.4323 17 -5.96632
      vertex 17.2447 17 -6.45492
    endloop
  endfacet
  facet normal 0.629251 0 -0.777202
    outer loop
      vertex 18.6543 17 -4.28428
      vertex 19.0611 25 -3.95492
      vertex 19.0611 17 -3.95492
    endloop
  endfacet
  facet normal 0.629251 0 -0.777202
    outer loop
      vertex 19.0611 25 -3.95492
      vertex 18.6543 17 -4.28428
      vertex 18.6543 25 -4.28428
    endloop
  endfacet
  facet normal 0.838692 -0 0.544605
    outer loop
      vertex 17.6699 17 -10.5
      vertex 17.9549 25 -10.9389
      vertex 17.6699 25 -10.5
    endloop
  endfacet
  facet normal 0.838692 0 0.544605
    outer loop
      vertex 17.9549 25 -10.9389
      vertex 17.6699 17 -10.5
      vertex 17.9549 17 -10.9389
    endloop
  endfacet
  facet normal 0.838709 0 -0.544579
    outer loop
      vertex 17.9549 17 -5.06107
      vertex 17.6699 25 -5.5
      vertex 17.9549 25 -5.06107
    endloop
  endfacet
  facet normal 0.838709 0 -0.544579
    outer loop
      vertex 17.6699 25 -5.5
      vertex 17.9549 17 -5.06107
      vertex 17.6699 17 -5.5
    endloop
  endfacet
  facet normal -0.454003 0 -0.891
    outer loop
      vertex 24.0337 17 -3.43227
      vertex 24.5 25 -3.66987
      vertex 24.5 17 -3.66987
    endloop
  endfacet
  facet normal -0.454003 0 -0.891
    outer loop
      vertex 24.5 25 -3.66987
      vertex 24.0337 17 -3.43227
      vertex 24.0337 25 -3.43227
    endloop
  endfacet
  facet normal -0.891 0 0.454003
    outer loop
      vertex 26.3301 17 -10.5
      vertex 26.5677 25 -10.0337
      vertex 26.3301 25 -10.5
    endloop
  endfacet
  facet normal -0.891 0 0.454003
    outer loop
      vertex 26.5677 25 -10.0337
      vertex 26.3301 17 -10.5
      vertex 26.5677 17 -10.0337
    endloop
  endfacet
  facet normal 0.629297 0 0.777165
    outer loop
      vertex 18.6543 25 -11.7157
      vertex 19.0611 17 -12.0451
      vertex 19.0611 25 -12.0451
    endloop
  endfacet
  facet normal 0.629297 0 0.777165
    outer loop
      vertex 19.0611 17 -12.0451
      vertex 18.6543 25 -11.7157
      vertex 18.6543 17 -11.7157
    endloop
  endfacet
  facet normal -0.454003 0 0.891
    outer loop
      vertex 24.0337 25 -12.5677
      vertex 24.5 17 -12.3301
      vertex 24.5 25 -12.3301
    endloop
  endfacet
  facet normal -0.454003 0 0.891
    outer loop
      vertex 24.5 17 -12.3301
      vertex 24.0337 25 -12.5677
      vertex 24.0337 17 -12.5677
    endloop
  endfacet
  facet normal -0.25884 0 -0.96592
    outer loop
      vertex 23.0396 17 -3.10926
      vertex 23.5451 25 -3.24472
      vertex 23.5451 17 -3.24472
    endloop
  endfacet
  facet normal -0.25884 0 -0.96592
    outer loop
      vertex 23.5451 25 -3.24472
      vertex 23.0396 17 -3.10926
      vertex 23.0396 25 -3.10926
    endloop
  endfacet
  facet normal -0.777165 0 0.629297
    outer loop
      vertex 25.7157 17 -11.3457
      vertex 26.0451 25 -10.9389
      vertex 25.7157 25 -11.3457
    endloop
  endfacet
  facet normal -0.777165 0 0.629297
    outer loop
      vertex 26.0451 25 -10.9389
      vertex 25.7157 17 -11.3457
      vertex 26.0451 17 -10.9389
    endloop
  endfacet
  facet normal -0.777104 0 -0.629372
    outer loop
      vertex 26.0451 17 -5.06107
      vertex 25.7157 25 -4.65435
      vertex 26.0451 25 -5.06107
    endloop
  endfacet
  facet normal -0.777104 -0 -0.629372
    outer loop
      vertex 25.7157 25 -4.65435
      vertex 26.0451 17 -5.06107
      vertex 25.7157 17 -4.65435
    endloop
  endfacet
  facet normal -0.544673 0 -0.838649
    outer loop
      vertex 24.5 17 -3.66987
      vertex 24.9389 25 -3.95492
      vertex 24.9389 17 -3.95492
    endloop
  endfacet
  facet normal -0.544673 0 -0.838649
    outer loop
      vertex 24.9389 25 -3.95492
      vertex 24.5 17 -3.66987
      vertex 24.5 25 -3.66987
    endloop
  endfacet
  facet normal 0.156407 0 -0.987693
    outer loop
      vertex 20.9604 17 -3.10926
      vertex 21.4774 25 -3.02739
      vertex 21.4774 17 -3.02739
    endloop
  endfacet
  facet normal 0.156407 0 -0.987693
    outer loop
      vertex 21.4774 25 -3.02739
      vertex 20.9604 17 -3.10926
      vertex 20.9604 25 -3.10926
    endloop
  endfacet
  facet normal -0.933552 0 -0.358441
    outer loop
      vertex 26.7553 17 -6.45492
      vertex 26.5677 25 -5.96632
      vertex 26.7553 25 -6.45492
    endloop
  endfacet
  facet normal -0.933552 -0 -0.358441
    outer loop
      vertex 26.5677 25 -5.96632
      vertex 26.7553 17 -6.45492
      vertex 26.5677 17 -5.96632
    endloop
  endfacet
  facet normal -0.0523392 0 -0.998629
    outer loop
      vertex 22 17 -3
      vertex 22.5226 25 -3.02739
      vertex 22.5226 17 -3.02739
    endloop
  endfacet
  facet normal -0.0523392 0 -0.998629
    outer loop
      vertex 22.5226 25 -3.02739
      vertex 22 17 -3
      vertex 22 25 -3
    endloop
  endfacet
  facet normal 0.98768 0 -0.156486
    outer loop
      vertex 17.1093 17 -6.96044
      vertex 17.0274 25 -7.47736
      vertex 17.1093 25 -6.96044
    endloop
  endfacet
  facet normal 0.98768 0 -0.156486
    outer loop
      vertex 17.0274 25 -7.47736
      vertex 17.1093 17 -6.96044
      vertex 17.0274 17 -7.47736
    endloop
  endfacet
  facet normal -0.891008 0 -0.453988
    outer loop
      vertex 26.5677 17 -5.96632
      vertex 26.3301 25 -5.5
      vertex 26.5677 25 -5.96632
    endloop
  endfacet
  facet normal -0.891008 -0 -0.453988
    outer loop
      vertex 26.3301 25 -5.5
      vertex 26.5677 17 -5.96632
      vertex 26.3301 17 -5.5
    endloop
  endfacet
  facet normal 0.454003 0 -0.891
    outer loop
      vertex 19.5 17 -3.66987
      vertex 19.9663 25 -3.43227
      vertex 19.9663 17 -3.43227
    endloop
  endfacet
  facet normal 0.454003 0 -0.891
    outer loop
      vertex 19.9663 25 -3.43227
      vertex 19.5 17 -3.66987
      vertex 19.5 25 -3.66987
    endloop
  endfacet
  facet normal -0.629297 0 0.777165
    outer loop
      vertex 24.9389 25 -12.0451
      vertex 25.3457 17 -11.7157
      vertex 25.3457 25 -11.7157
    endloop
  endfacet
  facet normal -0.629297 0 0.777165
    outer loop
      vertex 25.3457 17 -11.7157
      vertex 24.9389 25 -12.0451
      vertex 24.9389 17 -12.0451
    endloop
  endfacet
  facet normal 0.777104 0 -0.629372
    outer loop
      vertex 18.2843 17 -4.65435
      vertex 17.9549 25 -5.06107
      vertex 18.2843 25 -4.65435
    endloop
  endfacet
  facet normal 0.777104 0 -0.629372
    outer loop
      vertex 17.9549 25 -5.06107
      vertex 18.2843 17 -4.65435
      vertex 17.9549 17 -5.06107
    endloop
  endfacet
  facet normal 0.933557 -0 0.358428
    outer loop
      vertex 17.2447 17 -9.54508
      vertex 17.4323 25 -10.0337
      vertex 17.2447 25 -9.54508
    endloop
  endfacet
  facet normal 0.933557 0 0.358428
    outer loop
      vertex 17.4323 25 -10.0337
      vertex 17.2447 17 -9.54508
      vertex 17.4323 17 -10.0337
    endloop
  endfacet
  facet normal 0.965951 0 -0.258723
    outer loop
      vertex 17.2447 17 -6.45492
      vertex 17.1093 25 -6.96044
      vertex 17.2447 25 -6.45492
    endloop
  endfacet
  facet normal 0.965951 0 -0.258723
    outer loop
      vertex 17.1093 25 -6.96044
      vertex 17.2447 17 -6.45492
      vertex 17.1093 17 -6.96044
    endloop
  endfacet
  facet normal 0.891 -0 0.454003
    outer loop
      vertex 17.4323 17 -10.0337
      vertex 17.6699 25 -10.5
      vertex 17.4323 25 -10.0337
    endloop
  endfacet
  facet normal 0.891 0 0.454003
    outer loop
      vertex 17.6699 25 -10.5
      vertex 17.4323 17 -10.0337
      vertex 17.6699 17 -10.5
    endloop
  endfacet
  facet normal -0.258733 0 0.965949
    outer loop
      vertex 23.0396 25 -12.8907
      vertex 23.5451 17 -12.7553
      vertex 23.5451 25 -12.7553
    endloop
  endfacet
  facet normal -0.258733 0 0.965949
    outer loop
      vertex 23.5451 17 -12.7553
      vertex 23.0396 25 -12.8907
      vertex 23.0396 17 -12.8907
    endloop
  endfacet
  facet normal 0.258733 0 0.965949
    outer loop
      vertex 20.4549 25 -12.7553
      vertex 20.9604 17 -12.8907
      vertex 20.9604 25 -12.8907
    endloop
  endfacet
  facet normal 0.258733 0 0.965949
    outer loop
      vertex 20.9604 17 -12.8907
      vertex 20.4549 25 -12.7553
      vertex 20.4549 17 -12.7553
    endloop
  endfacet
  facet normal 0.454003 0 0.891
    outer loop
      vertex 19.5 25 -12.3301
      vertex 19.9663 17 -12.5677
      vertex 19.9663 25 -12.5677
    endloop
  endfacet
  facet normal 0.454003 0 0.891
    outer loop
      vertex 19.9663 17 -12.5677
      vertex 19.5 25 -12.3301
      vertex 19.5 17 -12.3301
    endloop
  endfacet
  facet normal 0.998629 -0 0.0523542
    outer loop
      vertex 17 17 -8
      vertex 17.0274 25 -8.52264
      vertex 17 25 -8
    endloop
  endfacet
  facet normal 0.998629 0 0.0523542
    outer loop
      vertex 17.0274 25 -8.52264
      vertex 17 17 -8
      vertex 17.0274 17 -8.52264
    endloop
  endfacet
  facet normal 0.358358 0 -0.933584
    outer loop
      vertex 19.9663 17 -3.43227
      vertex 20.4549 25 -3.24472
      vertex 20.4549 17 -3.24472
    endloop
  endfacet
  facet normal 0.358358 0 -0.933584
    outer loop
      vertex 20.4549 25 -3.24472
      vertex 19.9663 17 -3.43227
      vertex 19.9663 25 -3.43227
    endloop
  endfacet
  facet normal 0.777165 -0 0.629297
    outer loop
      vertex 17.9549 17 -10.9389
      vertex 18.2843 25 -11.3457
      vertex 17.9549 25 -10.9389
    endloop
  endfacet
  facet normal 0.777165 0 0.629297
    outer loop
      vertex 18.2843 25 -11.3457
      vertex 17.9549 17 -10.9389
      vertex 18.2843 17 -11.3457
    endloop
  endfacet
  facet normal 0.707107 -0 0.707107
    outer loop
      vertex 18.2843 17 -11.3457
      vertex 18.6543 25 -11.7157
      vertex 18.2843 25 -11.3457
    endloop
  endfacet
  facet normal 0.707107 0 0.707107
    outer loop
      vertex 18.6543 25 -11.7157
      vertex 18.2843 17 -11.3457
      vertex 18.6543 17 -11.7157
    endloop
  endfacet
  facet normal -0.544605 0 0.838692
    outer loop
      vertex 24.5 25 -12.3301
      vertex 24.9389 17 -12.0451
      vertex 24.9389 25 -12.0451
    endloop
  endfacet
  facet normal -0.544605 0 0.838692
    outer loop
      vertex 24.9389 17 -12.0451
      vertex 24.5 25 -12.3301
      vertex 24.5 17 -12.3301
    endloop
  endfacet
  facet normal 0.0523582 0 0.998628
    outer loop
      vertex 21.4774 25 -12.9726
      vertex 22 17 -13
      vertex 22 25 -13
    endloop
  endfacet
  facet normal 0.0523582 0 0.998628
    outer loop
      vertex 22 17 -13
      vertex 21.4774 25 -12.9726
      vertex 21.4774 17 -12.9726
    endloop
  endfacet
  facet normal 0.998629 0 -0.0523542
    outer loop
      vertex 17.0274 17 -7.47736
      vertex 17 25 -8
      vertex 17.0274 25 -7.47736
    endloop
  endfacet
  facet normal 0.998629 0 -0.0523542
    outer loop
      vertex 17 25 -8
      vertex 17.0274 17 -7.47736
      vertex 17 17 -8
    endloop
  endfacet
  facet normal 0.358441 0 0.933552
    outer loop
      vertex 19.9663 25 -12.5677
      vertex 20.4549 17 -12.7553
      vertex 20.4549 25 -12.7553
    endloop
  endfacet
  facet normal 0.358441 0 0.933552
    outer loop
      vertex 20.4549 17 -12.7553
      vertex 19.9663 25 -12.5677
      vertex 19.9663 17 -12.5677
    endloop
  endfacet
  facet normal 0.156463 0 0.987684
    outer loop
      vertex 20.9604 25 -12.8907
      vertex 21.4774 17 -12.9726
      vertex 21.4774 25 -12.9726
    endloop
  endfacet
  facet normal 0.156463 0 0.987684
    outer loop
      vertex 21.4774 17 -12.9726
      vertex 20.9604 25 -12.8907
      vertex 20.9604 17 -12.8907
    endloop
  endfacet
  facet normal 0.544605 0 0.838692
    outer loop
      vertex 19.0611 25 -12.0451
      vertex 19.5 17 -12.3301
      vertex 19.5 25 -12.3301
    endloop
  endfacet
  facet normal 0.544605 0 0.838692
    outer loop
      vertex 19.5 17 -12.3301
      vertex 19.0611 25 -12.0451
      vertex 19.0611 17 -12.0451
    endloop
  endfacet
  facet normal -0.707107 0 0.707107
    outer loop
      vertex 25.3457 17 -11.7157
      vertex 25.7157 25 -11.3457
      vertex 25.3457 25 -11.7157
    endloop
  endfacet
  facet normal -0.707107 0 0.707107
    outer loop
      vertex 25.7157 25 -11.3457
      vertex 25.3457 17 -11.7157
      vertex 25.7157 17 -11.3457
    endloop
  endfacet
  facet normal 0.987723 0 -0.156213
    outer loop
      vertex 23.989 15 -8.20906
      vertex 23.9563 27 -8.41582
      vertex 23.989 27 -8.20906
    endloop
  endfacet
  facet normal 0.987723 0 -0.156213
    outer loop
      vertex 23.9563 27 -8.41582
      vertex 23.989 15 -8.20906
      vertex 23.9563 15 -8.41582
    endloop
  endfacet
  facet normal 0.987723 -0 0.156213
    outer loop
      vertex 23.9563 15 -7.58418
      vertex 23.989 27 -7.79094
      vertex 23.9563 27 -7.58418
    endloop
  endfacet
  facet normal 0.987723 0 0.156213
    outer loop
      vertex 23.989 27 -7.79094
      vertex 23.9563 15 -7.58418
      vertex 23.989 15 -7.79094
    endloop
  endfacet
  facet normal 0.998619 -0 0.0525438
    outer loop
      vertex 23.989 15 -7.79094
      vertex 24 27 -8
      vertex 23.989 27 -7.79094
    endloop
  endfacet
  facet normal 0.998619 0 0.0525438
    outer loop
      vertex 24 27 -8
      vertex 23.989 15 -7.79094
      vertex 24 15 -8
    endloop
  endfacet
  facet normal 0.965904 -0 0.258899
    outer loop
      vertex 23.9021 15 -7.38197
      vertex 23.9563 27 -7.58418
      vertex 23.9021 27 -7.38197
    endloop
  endfacet
  facet normal 0.965904 0 0.258899
    outer loop
      vertex 23.9563 27 -7.58418
      vertex 23.9021 15 -7.38197
      vertex 23.9563 15 -7.58418
    endloop
  endfacet
  facet normal 0.838707 -0 0.544584
    outer loop
      vertex 23.618 15 -6.82443
      vertex 23.732 27 -7
      vertex 23.618 27 -6.82443
    endloop
  endfacet
  facet normal 0.838707 0 0.544584
    outer loop
      vertex 23.732 27 -7
      vertex 23.618 15 -6.82443
      vertex 23.732 15 -7
    endloop
  endfacet
  facet normal -0.0523433 0 0.998629
    outer loop
      vertex 21.7909 27 -6.01096
      vertex 22 15 -6
      vertex 22 27 -6
    endloop
  endfacet
  facet normal -0.0523433 0 0.998629
    outer loop
      vertex 22 15 -6
      vertex 21.7909 27 -6.01096
      vertex 21.7909 15 -6.01096
    endloop
  endfacet
  facet normal 0.998619 0 -0.0525438
    outer loop
      vertex 24 15 -8
      vertex 23.989 27 -8.20906
      vertex 24 27 -8
    endloop
  endfacet
  facet normal 0.998619 0 -0.0525438
    outer loop
      vertex 23.989 27 -8.20906
      vertex 24 15 -8
      vertex 23.989 15 -8.20906
    endloop
  endfacet
  facet normal 0.777248 -0 0.629194
    outer loop
      vertex 23.4863 15 -6.66174
      vertex 23.618 27 -6.82443
      vertex 23.4863 27 -6.66174
    endloop
  endfacet
  facet normal 0.777248 0 0.629194
    outer loop
      vertex 23.618 27 -6.82443
      vertex 23.4863 15 -6.66174
      vertex 23.618 15 -6.82443
    endloop
  endfacet
  facet normal -0.987723 0 -0.156213
    outer loop
      vertex 20.0437 15 -8.41582
      vertex 20.011 27 -8.20906
      vertex 20.0437 27 -8.41582
    endloop
  endfacet
  facet normal -0.987723 -0 -0.156213
    outer loop
      vertex 20.011 27 -8.20906
      vertex 20.0437 15 -8.41582
      vertex 20.011 15 -8.20906
    endloop
  endfacet
  facet normal -0.890894 0 0.454211
    outer loop
      vertex 20.1729 15 -7.18653
      vertex 20.268 27 -7
      vertex 20.1729 27 -7.18653
    endloop
  endfacet
  facet normal -0.890894 0 0.454211
    outer loop
      vertex 20.268 27 -7
      vertex 20.1729 15 -7.18653
      vertex 20.268 15 -7
    endloop
  endfacet
  facet normal 0.258867 0 0.965913
    outer loop
      vertex 22.4158 27 -6.0437
      vertex 22.618 15 -6.09789
      vertex 22.618 27 -6.09789
    endloop
  endfacet
  facet normal 0.258867 0 0.965913
    outer loop
      vertex 22.618 15 -6.09789
      vertex 22.4158 27 -6.0437
      vertex 22.4158 15 -6.0437
    endloop
  endfacet
  facet normal 0.358262 0 0.933621
    outer loop
      vertex 22.618 27 -6.09789
      vertex 22.8135 15 -6.17291
      vertex 22.8135 27 -6.17291
    endloop
  endfacet
  facet normal 0.358262 0 0.933621
    outer loop
      vertex 22.8135 15 -6.17291
      vertex 22.618 27 -6.09789
      vertex 22.618 15 -6.09789
    endloop
  endfacet
  facet normal -0.965904 0 -0.258899
    outer loop
      vertex 20.0979 15 -8.61803
      vertex 20.0437 27 -8.41582
      vertex 20.0979 27 -8.61803
    endloop
  endfacet
  facet normal -0.965904 -0 -0.258899
    outer loop
      vertex 20.0437 27 -8.41582
      vertex 20.0979 15 -8.61803
      vertex 20.0437 15 -8.41582
    endloop
  endfacet
  facet normal 0.629286 0 0.777174
    outer loop
      vertex 23.1756 27 -6.38197
      vertex 23.3383 15 -6.51371
      vertex 23.3383 27 -6.51371
    endloop
  endfacet
  facet normal 0.629286 0 0.777174
    outer loop
      vertex 23.3383 15 -6.51371
      vertex 23.1756 27 -6.38197
      vertex 23.1756 15 -6.38197
    endloop
  endfacet
  facet normal 0.358262 0 -0.933621
    outer loop
      vertex 22.618 15 -9.90211
      vertex 22.8135 27 -9.82709
      vertex 22.8135 15 -9.82709
    endloop
  endfacet
  facet normal 0.358262 0 -0.933621
    outer loop
      vertex 22.8135 27 -9.82709
      vertex 22.618 15 -9.90211
      vertex 22.618 27 -9.90211
    endloop
  endfacet
  facet normal -0.777248 0 0.629194
    outer loop
      vertex 20.382 15 -6.82443
      vertex 20.5137 27 -6.66174
      vertex 20.382 27 -6.82443
    endloop
  endfacet
  facet normal -0.777248 0 0.629194
    outer loop
      vertex 20.5137 27 -6.66174
      vertex 20.382 15 -6.82443
      vertex 20.5137 15 -6.66174
    endloop
  endfacet
  facet normal -0.258867 0 0.965913
    outer loop
      vertex 21.382 27 -6.09789
      vertex 21.5842 15 -6.0437
      vertex 21.5842 27 -6.0437
    endloop
  endfacet
  facet normal -0.258867 0 0.965913
    outer loop
      vertex 21.5842 15 -6.0437
      vertex 21.382 27 -6.09789
      vertex 21.382 15 -6.09789
    endloop
  endfacet
  facet normal -0.707178 0 0.707035
    outer loop
      vertex 20.5137 27 -6.66174
      vertex 20.6617 15 -6.51371
      vertex 20.6617 27 -6.51371
    endloop
  endfacet
  facet normal -0.707178 0 0.707035
    outer loop
      vertex 20.6617 15 -6.51371
      vertex 20.5137 27 -6.66174
      vertex 20.5137 15 -6.66174
    endloop
  endfacet
  facet normal -0.544585 0 0.838705
    outer loop
      vertex 20.8244 27 -6.38197
      vertex 21 15 -6.26795
      vertex 21 27 -6.26795
    endloop
  endfacet
  facet normal -0.544585 0 0.838705
    outer loop
      vertex 21 15 -6.26795
      vertex 20.8244 27 -6.38197
      vertex 20.8244 15 -6.38197
    endloop
  endfacet
  facet normal 0.965904 0 -0.258899
    outer loop
      vertex 23.9563 15 -8.41582
      vertex 23.9021 27 -8.61803
      vertex 23.9563 27 -8.41582
    endloop
  endfacet
  facet normal 0.965904 0 -0.258899
    outer loop
      vertex 23.9021 27 -8.61803
      vertex 23.9563 15 -8.41582
      vertex 23.9021 15 -8.61803
    endloop
  endfacet
  facet normal 0.0523433 0 -0.998629
    outer loop
      vertex 22 15 -10
      vertex 22.2091 27 -9.98904
      vertex 22.2091 15 -9.98904
    endloop
  endfacet
  facet normal 0.0523433 0 -0.998629
    outer loop
      vertex 22.2091 27 -9.98904
      vertex 22 15 -10
      vertex 22 27 -10
    endloop
  endfacet
  facet normal 0.544585 0 0.838705
    outer loop
      vertex 23 27 -6.26795
      vertex 23.1756 15 -6.38197
      vertex 23.1756 27 -6.38197
    endloop
  endfacet
  facet normal 0.544585 0 0.838705
    outer loop
      vertex 23.1756 15 -6.38197
      vertex 23 27 -6.26795
      vertex 23 15 -6.26795
    endloop
  endfacet
  facet normal -0.838707 0 -0.544584
    outer loop
      vertex 20.382 15 -9.17557
      vertex 20.268 27 -9
      vertex 20.382 27 -9.17557
    endloop
  endfacet
  facet normal -0.838707 -0 -0.544584
    outer loop
      vertex 20.268 27 -9
      vertex 20.382 15 -9.17557
      vertex 20.268 15 -9
    endloop
  endfacet
  facet normal 0.156443 0 -0.987687
    outer loop
      vertex 22.2091 15 -9.98904
      vertex 22.4158 27 -9.9563
      vertex 22.4158 15 -9.9563
    endloop
  endfacet
  facet normal 0.156443 0 -0.987687
    outer loop
      vertex 22.4158 27 -9.9563
      vertex 22.2091 15 -9.98904
      vertex 22.2091 27 -9.98904
    endloop
  endfacet
  facet normal -0.156443 0 -0.987687
    outer loop
      vertex 21.5842 15 -9.9563
      vertex 21.7909 27 -9.98904
      vertex 21.7909 15 -9.98904
    endloop
  endfacet
  facet normal -0.156443 0 -0.987687
    outer loop
      vertex 21.7909 27 -9.98904
      vertex 21.5842 15 -9.9563
      vertex 21.5842 27 -9.9563
    endloop
  endfacet
  facet normal -0.454042 0 -0.89098
    outer loop
      vertex 21 15 -9.73205
      vertex 21.1865 27 -9.82709
      vertex 21.1865 15 -9.82709
    endloop
  endfacet
  facet normal -0.454042 0 -0.89098
    outer loop
      vertex 21.1865 27 -9.82709
      vertex 21 15 -9.73205
      vertex 21 27 -9.73205
    endloop
  endfacet
  facet normal 0 -1 0
    outer loop
      vertex 21.7909 15 -6.01096
      vertex 22.2091 15 -6.01096
      vertex 22 15 -6
    endloop
  endfacet
  facet normal 0 -1 0
    outer loop
      vertex 21.5842 15 -6.0437
      vertex 22.2091 15 -6.01096
      vertex 21.7909 15 -6.01096
    endloop
  endfacet
  facet normal 0 -1 0
    outer loop
      vertex 21.5842 15 -6.0437
      vertex 22.4158 15 -6.0437
      vertex 22.2091 15 -6.01096
    endloop
  endfacet
  facet normal 0 -1 0
    outer loop
      vertex 21.382 15 -6.09789
      vertex 22.4158 15 -6.0437
      vertex 21.5842 15 -6.0437
    endloop
  endfacet
  facet normal 0 -1 0
    outer loop
      vertex 21.382 15 -6.09789
      vertex 22.618 15 -6.09789
      vertex 22.4158 15 -6.0437
    endloop
  endfacet
  facet normal 0 -1 0
    outer loop
      vertex 21.1865 15 -6.17291
      vertex 22.618 15 -6.09789
      vertex 21.382 15 -6.09789
    endloop
  endfacet
  facet normal 0 -1 0
    outer loop
      vertex 21.1865 15 -6.17291
      vertex 22.8135 15 -6.17291
      vertex 22.618 15 -6.09789
    endloop
  endfacet
  facet normal 0 -1 0
    outer loop
      vertex 21 15 -6.26795
      vertex 22.8135 15 -6.17291
      vertex 21.1865 15 -6.17291
    endloop
  endfacet
  facet normal 0 -1 0
    outer loop
      vertex 21 15 -6.26795
      vertex 23 15 -6.26795
      vertex 22.8135 15 -6.17291
    endloop
  endfacet
  facet normal 0 -1 0
    outer loop
      vertex 20.8244 15 -6.38197
      vertex 23 15 -6.26795
      vertex 21 15 -6.26795
    endloop
  endfacet
  facet normal 0 -1 0
    outer loop
      vertex 20.8244 15 -6.38197
      vertex 23.1756 15 -6.38197
      vertex 23 15 -6.26795
    endloop
  endfacet
  facet normal 0 -1 0
    outer loop
      vertex 20.6617 15 -6.51371
      vertex 23.1756 15 -6.38197
      vertex 20.8244 15 -6.38197
    endloop
  endfacet
  facet normal 0 -1 0
    outer loop
      vertex 20.6617 15 -6.51371
      vertex 23.3383 15 -6.51371
      vertex 23.1756 15 -6.38197
    endloop
  endfacet
  facet normal 0 -1 0
    outer loop
      vertex 20.5137 15 -6.66174
      vertex 23.3383 15 -6.51371
      vertex 20.6617 15 -6.51371
    endloop
  endfacet
  facet normal 0 -1 0
    outer loop
      vertex 20.5137 15 -6.66174
      vertex 23.4863 15 -6.66174
      vertex 23.3383 15 -6.51371
    endloop
  endfacet
  facet normal 0 -1 0
    outer loop
      vertex 20.382 15 -6.82443
      vertex 23.4863 15 -6.66174
      vertex 20.5137 15 -6.66174
    endloop
  endfacet
  facet normal 0 -1 0
    outer loop
      vertex 20.382 15 -6.82443
      vertex 23.618 15 -6.82443
      vertex 23.4863 15 -6.66174
    endloop
  endfacet
  facet normal 0 -1 0
    outer loop
      vertex 20.268 15 -7
      vertex 23.618 15 -6.82443
      vertex 20.382 15 -6.82443
    endloop
  endfacet
  facet normal 0 -1 0
    outer loop
      vertex 20.268 15 -7
      vertex 23.732 15 -7
      vertex 23.618 15 -6.82443
    endloop
  endfacet
  facet normal 0 -1 0
    outer loop
      vertex 20.1729 15 -7.18653
      vertex 23.732 15 -7
      vertex 20.268 15 -7
    endloop
  endfacet
  facet normal 0 -1 0
    outer loop
      vertex 20.1729 15 -7.18653
      vertex 23.8271 15 -7.18653
      vertex 23.732 15 -7
    endloop
  endfacet
  facet normal 0 -1 0
    outer loop
      vertex 20.0979 15 -7.38197
      vertex 23.8271 15 -7.18653
      vertex 20.1729 15 -7.18653
    endloop
  endfacet
  facet normal 0 -1 0
    outer loop
      vertex 20.0979 15 -7.38197
      vertex 23.9021 15 -7.38197
      vertex 23.8271 15 -7.18653
    endloop
  endfacet
  facet normal 0 -1 0
    outer loop
      vertex 20.0437 15 -7.58418
      vertex 23.9021 15 -7.38197
      vertex 20.0979 15 -7.38197
    endloop
  endfacet
  facet normal 0 -1 0
    outer loop
      vertex 20.0437 15 -7.58418
      vertex 23.9563 15 -7.58418
      vertex 23.9021 15 -7.38197
    endloop
  endfacet
  facet normal 0 -1 0
    outer loop
      vertex 20.011 15 -7.79094
      vertex 23.9563 15 -7.58418
      vertex 20.0437 15 -7.58418
    endloop
  endfacet
  facet normal 0 -1 0
    outer loop
      vertex 20.011 15 -7.79094
      vertex 23.989 15 -7.79094
      vertex 23.9563 15 -7.58418
    endloop
  endfacet
  facet normal 0 -1 0
    outer loop
      vertex 20 15 -8
      vertex 23.989 15 -7.79094
      vertex 20.011 15 -7.79094
    endloop
  endfacet
  facet normal 0 -1 0
    outer loop
      vertex 20 15 -8
      vertex 24 15 -8
      vertex 23.989 15 -7.79094
    endloop
  endfacet
  facet normal 0 -1 0
    outer loop
      vertex 20.011 15 -8.20906
      vertex 24 15 -8
      vertex 20 15 -8
    endloop
  endfacet
  facet normal 0 -1 0
    outer loop
      vertex 20.011 15 -8.20906
      vertex 23.989 15 -8.20906
      vertex 24 15 -8
    endloop
  endfacet
  facet normal 0 -1 0
    outer loop
      vertex 20.0437 15 -8.41582
      vertex 23.989 15 -8.20906
      vertex 20.011 15 -8.20906
    endloop
  endfacet
  facet normal 0 -1 0
    outer loop
      vertex 20.0437 15 -8.41582
      vertex 23.9563 15 -8.41582
      vertex 23.989 15 -8.20906
    endloop
  endfacet
  facet normal 0 -1 0
    outer loop
      vertex 20.0979 15 -8.61803
      vertex 23.9563 15 -8.41582
      vertex 20.0437 15 -8.41582
    endloop
  endfacet
  facet normal 0 -1 0
    outer loop
      vertex 20.0979 15 -8.61803
      vertex 23.9021 15 -8.61803
      vertex 23.9563 15 -8.41582
    endloop
  endfacet
  facet normal 0 -1 0
    outer loop
      vertex 20.1729 15 -8.81347
      vertex 23.9021 15 -8.61803
      vertex 20.0979 15 -8.61803
    endloop
  endfacet
  facet normal 0 -1 0
    outer loop
      vertex 20.1729 15 -8.81347
      vertex 23.8271 15 -8.81347
      vertex 23.9021 15 -8.61803
    endloop
  endfacet
  facet normal 0 -1 0
    outer loop
      vertex 20.268 15 -9
      vertex 23.8271 15 -8.81347
      vertex 20.1729 15 -8.81347
    endloop
  endfacet
  facet normal 0 -1 0
    outer loop
      vertex 20.268 15 -9
      vertex 23.732 15 -9
      vertex 23.8271 15 -8.81347
    endloop
  endfacet
  facet normal 0 -1 0
    outer loop
      vertex 20.382 15 -9.17557
      vertex 23.732 15 -9
      vertex 20.268 15 -9
    endloop
  endfacet
  facet normal 0 -1 0
    outer loop
      vertex 20.382 15 -9.17557
      vertex 23.618 15 -9.17557
      vertex 23.732 15 -9
    endloop
  endfacet
  facet normal 0 -1 0
    outer loop
      vertex 20.5137 15 -9.33826
      vertex 23.618 15 -9.17557
      vertex 20.382 15 -9.17557
    endloop
  endfacet
  facet normal 0 -1 0
    outer loop
      vertex 20.5137 15 -9.33826
      vertex 23.4863 15 -9.33826
      vertex 23.618 15 -9.17557
    endloop
  endfacet
  facet normal 0 -1 0
    outer loop
      vertex 20.6617 15 -9.48629
      vertex 23.4863 15 -9.33826
      vertex 20.5137 15 -9.33826
    endloop
  endfacet
  facet normal 0 -1 0
    outer loop
      vertex 20.6617 15 -9.48629
      vertex 23.3383 15 -9.48629
      vertex 23.4863 15 -9.33826
    endloop
  endfacet
  facet normal 0 -1 0
    outer loop
      vertex 20.8244 15 -9.61803
      vertex 23.3383 15 -9.48629
      vertex 20.6617 15 -9.48629
    endloop
  endfacet
  facet normal 0 -1 0
    outer loop
      vertex 20.8244 15 -9.61803
      vertex 23.1756 15 -9.61803
      vertex 23.3383 15 -9.48629
    endloop
  endfacet
  facet normal 0 -1 0
    outer loop
      vertex 21 15 -9.73205
      vertex 23.1756 15 -9.61803
      vertex 20.8244 15 -9.61803
    endloop
  endfacet
  facet normal 0 -1 0
    outer loop
      vertex 21 15 -9.73205
      vertex 23 15 -9.73205
      vertex 23.1756 15 -9.61803
    endloop
  endfacet
  facet normal 0 -1 0
    outer loop
      vertex 21.1865 15 -9.82709
      vertex 23 15 -9.73205
      vertex 21 15 -9.73205
    endloop
  endfacet
  facet normal 0 -1 0
    outer loop
      vertex 21.1865 15 -9.82709
      vertex 22.8135 15 -9.82709
      vertex 23 15 -9.73205
    endloop
  endfacet
  facet normal 0 -1 0
    outer loop
      vertex 21.382 15 -9.90211
      vertex 22.8135 15 -9.82709
      vertex 21.1865 15 -9.82709
    endloop
  endfacet
  facet normal 0 -1 0
    outer loop
      vertex 21.382 15 -9.90211
      vertex 22.618 15 -9.90211
      vertex 22.8135 15 -9.82709
    endloop
  endfacet
  facet normal 0 -1 0
    outer loop
      vertex 21.5842 15 -9.9563
      vertex 22.618 15 -9.90211
      vertex 21.382 15 -9.90211
    endloop
  endfacet
  facet normal 0 -1 0
    outer loop
      vertex 21.5842 15 -9.9563
      vertex 22.4158 15 -9.9563
      vertex 22.618 15 -9.90211
    endloop
  endfacet
  facet normal 0 -1 0
    outer loop
      vertex 21.7909 15 -9.98904
      vertex 22.4158 15 -9.9563
      vertex 21.5842 15 -9.9563
    endloop
  endfacet
  facet normal 0 -1 0
    outer loop
      vertex 21.7909 15 -9.98904
      vertex 22.2091 15 -9.98904
      vertex 22.4158 15 -9.9563
    endloop
  endfacet
  facet normal -0 -1 0
    outer loop
      vertex 22.2091 15 -9.98904
      vertex 21.7909 15 -9.98904
      vertex 22 15 -10
    endloop
  endfacet
  facet normal -0.358262 0 0.933621
    outer loop
      vertex 21.1865 27 -6.17291
      vertex 21.382 15 -6.09789
      vertex 21.382 27 -6.09789
    endloop
  endfacet
  facet normal -0.358262 0 0.933621
    outer loop
      vertex 21.382 15 -6.09789
      vertex 21.1865 27 -6.17291
      vertex 21.1865 15 -6.17291
    endloop
  endfacet
  facet normal 0.454042 0 0.89098
    outer loop
      vertex 22.8135 27 -6.17291
      vertex 23 15 -6.26795
      vertex 23 27 -6.26795
    endloop
  endfacet
  facet normal 0.454042 0 0.89098
    outer loop
      vertex 23 15 -6.26795
      vertex 22.8135 27 -6.17291
      vertex 22.8135 15 -6.17291
    endloop
  endfacet
  facet normal 0.890894 0 -0.454211
    outer loop
      vertex 23.8271 15 -8.81347
      vertex 23.732 27 -9
      vertex 23.8271 27 -8.81347
    endloop
  endfacet
  facet normal 0.890894 0 -0.454211
    outer loop
      vertex 23.732 27 -9
      vertex 23.8271 15 -8.81347
      vertex 23.732 15 -9
    endloop
  endfacet
  facet normal 0.707178 0 0.707035
    outer loop
      vertex 23.3383 27 -6.51371
      vertex 23.4863 15 -6.66174
      vertex 23.4863 27 -6.66174
    endloop
  endfacet
  facet normal 0.707178 0 0.707035
    outer loop
      vertex 23.4863 15 -6.66174
      vertex 23.3383 27 -6.51371
      vertex 23.3383 15 -6.51371
    endloop
  endfacet
  facet normal -0.629286 0 -0.777174
    outer loop
      vertex 20.6617 15 -9.48629
      vertex 20.8244 27 -9.61803
      vertex 20.8244 15 -9.61803
    endloop
  endfacet
  facet normal -0.629286 0 -0.777174
    outer loop
      vertex 20.8244 27 -9.61803
      vertex 20.6617 15 -9.48629
      vertex 20.6617 27 -9.48629
    endloop
  endfacet
  facet normal 0.838707 0 -0.544584
    outer loop
      vertex 23.732 15 -9
      vertex 23.618 27 -9.17557
      vertex 23.732 27 -9
    endloop
  endfacet
  facet normal 0.838707 0 -0.544584
    outer loop
      vertex 23.618 27 -9.17557
      vertex 23.732 15 -9
      vertex 23.618 15 -9.17557
    endloop
  endfacet
  facet normal 0.454042 0 -0.89098
    outer loop
      vertex 22.8135 15 -9.82709
      vertex 23 27 -9.73205
      vertex 23 15 -9.73205
    endloop
  endfacet
  facet normal 0.454042 0 -0.89098
    outer loop
      vertex 23 27 -9.73205
      vertex 22.8135 15 -9.82709
      vertex 22.8135 27 -9.82709
    endloop
  endfacet
  facet normal -0.156443 0 0.987687
    outer loop
      vertex 21.5842 27 -6.0437
      vertex 21.7909 15 -6.01096
      vertex 21.7909 27 -6.01096
    endloop
  endfacet
  facet normal -0.156443 0 0.987687
    outer loop
      vertex 21.7909 15 -6.01096
      vertex 21.5842 27 -6.0437
      vertex 21.5842 15 -6.0437
    endloop
  endfacet
  facet normal 0.933616 -0 0.358275
    outer loop
      vertex 23.8271 15 -7.18653
      vertex 23.9021 27 -7.38197
      vertex 23.8271 27 -7.18653
    endloop
  endfacet
  facet normal 0.933616 0 0.358275
    outer loop
      vertex 23.9021 27 -7.38197
      vertex 23.8271 15 -7.18653
      vertex 23.9021 15 -7.38197
    endloop
  endfacet
  facet normal 0.777248 0 -0.629194
    outer loop
      vertex 23.618 15 -9.17557
      vertex 23.4863 27 -9.33826
      vertex 23.618 27 -9.17557
    endloop
  endfacet
  facet normal 0.777248 0 -0.629194
    outer loop
      vertex 23.4863 27 -9.33826
      vertex 23.618 15 -9.17557
      vertex 23.4863 15 -9.33826
    endloop
  endfacet
  facet normal -0.933616 0 -0.358275
    outer loop
      vertex 20.1729 15 -8.81347
      vertex 20.0979 27 -8.61803
      vertex 20.1729 27 -8.81347
    endloop
  endfacet
  facet normal -0.933616 -0 -0.358275
    outer loop
      vertex 20.0979 27 -8.61803
      vertex 20.1729 15 -8.81347
      vertex 20.0979 15 -8.61803
    endloop
  endfacet
  facet normal -0.987723 0 0.156213
    outer loop
      vertex 20.011 15 -7.79094
      vertex 20.0437 27 -7.58418
      vertex 20.011 27 -7.79094
    endloop
  endfacet
  facet normal -0.987723 0 0.156213
    outer loop
      vertex 20.0437 27 -7.58418
      vertex 20.011 15 -7.79094
      vertex 20.0437 15 -7.58418
    endloop
  endfacet
  facet normal 0.0523433 0 0.998629
    outer loop
      vertex 22 27 -6
      vertex 22.2091 15 -6.01096
      vertex 22.2091 27 -6.01096
    endloop
  endfacet
  facet normal 0.0523433 0 0.998629
    outer loop
      vertex 22.2091 15 -6.01096
      vertex 22 27 -6
      vertex 22 15 -6
    endloop
  endfacet
  facet normal 0.890894 -0 0.454211
    outer loop
      vertex 23.732 15 -7
      vertex 23.8271 27 -7.18653
      vertex 23.732 27 -7
    endloop
  endfacet
  facet normal 0.890894 0 0.454211
    outer loop
      vertex 23.8271 27 -7.18653
      vertex 23.732 15 -7
      vertex 23.8271 15 -7.18653
    endloop
  endfacet
  facet normal -0.838707 0 0.544584
    outer loop
      vertex 20.268 15 -7
      vertex 20.382 27 -6.82443
      vertex 20.268 27 -7
    endloop
  endfacet
  facet normal -0.838707 0 0.544584
    outer loop
      vertex 20.382 27 -6.82443
      vertex 20.268 15 -7
      vertex 20.382 15 -6.82443
    endloop
  endfacet
  facet normal -0.629286 0 0.777174
    outer loop
      vertex 20.6617 27 -6.51371
      vertex 20.8244 15 -6.38197
      vertex 20.8244 27 -6.38197
    endloop
  endfacet
  facet normal -0.629286 0 0.777174
    outer loop
      vertex 20.8244 15 -6.38197
      vertex 20.6617 27 -6.51371
      vertex 20.6617 15 -6.51371
    endloop
  endfacet
  facet normal -0.933616 0 0.358275
    outer loop
      vertex 20.0979 15 -7.38197
      vertex 20.1729 27 -7.18653
      vertex 20.0979 27 -7.38197
    endloop
  endfacet
  facet normal -0.933616 0 0.358275
    outer loop
      vertex 20.1729 27 -7.18653
      vertex 20.0979 15 -7.38197
      vertex 20.1729 15 -7.18653
    endloop
  endfacet
  facet normal -0.890894 0 -0.454211
    outer loop
      vertex 20.268 15 -9
      vertex 20.1729 27 -8.81347
      vertex 20.268 27 -9
    endloop
  endfacet
  facet normal -0.890894 -0 -0.454211
    outer loop
      vertex 20.1729 27 -8.81347
      vertex 20.268 15 -9
      vertex 20.1729 15 -8.81347
    endloop
  endfacet
  facet normal 0.258867 0 -0.965913
    outer loop
      vertex 22.4158 15 -9.9563
      vertex 22.618 27 -9.90211
      vertex 22.618 15 -9.90211
    endloop
  endfacet
  facet normal 0.258867 0 -0.965913
    outer loop
      vertex 22.618 27 -9.90211
      vertex 22.4158 15 -9.9563
      vertex 22.4158 27 -9.9563
    endloop
  endfacet
  facet normal 0.629286 0 -0.777174
    outer loop
      vertex 23.1756 15 -9.61803
      vertex 23.3383 27 -9.48629
      vertex 23.3383 15 -9.48629
    endloop
  endfacet
  facet normal 0.629286 0 -0.777174
    outer loop
      vertex 23.3383 27 -9.48629
      vertex 23.1756 15 -9.61803
      vertex 23.1756 27 -9.61803
    endloop
  endfacet
  facet normal -0.258867 0 -0.965913
    outer loop
      vertex 21.382 15 -9.90211
      vertex 21.5842 27 -9.9563
      vertex 21.5842 15 -9.9563
    endloop
  endfacet
  facet normal -0.258867 0 -0.965913
    outer loop
      vertex 21.5842 27 -9.9563
      vertex 21.382 15 -9.90211
      vertex 21.382 27 -9.90211
    endloop
  endfacet
  facet normal -0.998619 0 -0.0525438
    outer loop
      vertex 20.011 15 -8.20906
      vertex 20 27 -8
      vertex 20.011 27 -8.20906
    endloop
  endfacet
  facet normal -0.998619 -0 -0.0525438
    outer loop
      vertex 20 27 -8
      vertex 20.011 15 -8.20906
      vertex 20 15 -8
    endloop
  endfacet
  facet normal 0.156443 0 0.987687
    outer loop
      vertex 22.2091 27 -6.01096
      vertex 22.4158 15 -6.0437
      vertex 22.4158 27 -6.0437
    endloop
  endfacet
  facet normal 0.156443 0 0.987687
    outer loop
      vertex 22.4158 15 -6.0437
      vertex 22.2091 27 -6.01096
      vertex 22.2091 15 -6.01096
    endloop
  endfacet
  facet normal -0.777248 0 -0.629194
    outer loop
      vertex 20.5137 15 -9.33826
      vertex 20.382 27 -9.17557
      vertex 20.5137 27 -9.33826
    endloop
  endfacet
  facet normal -0.777248 -0 -0.629194
    outer loop
      vertex 20.382 27 -9.17557
      vertex 20.5137 15 -9.33826
      vertex 20.382 15 -9.17557
    endloop
  endfacet
  facet normal -0.454042 0 0.89098
    outer loop
      vertex 21 27 -6.26795
      vertex 21.1865 15 -6.17291
      vertex 21.1865 27 -6.17291
    endloop
  endfacet
  facet normal -0.454042 0 0.89098
    outer loop
      vertex 21.1865 15 -6.17291
      vertex 21 27 -6.26795
      vertex 21 15 -6.26795
    endloop
  endfacet
  facet normal -0.965904 0 0.258899
    outer loop
      vertex 20.0437 15 -7.58418
      vertex 20.0979 27 -7.38197
      vertex 20.0437 27 -7.58418
    endloop
  endfacet
  facet normal -0.965904 0 0.258899
    outer loop
      vertex 20.0979 27 -7.38197
      vertex 20.0437 15 -7.58418
      vertex 20.0979 15 -7.38197
    endloop
  endfacet
  facet normal -0.707178 0 -0.707035
    outer loop
      vertex 20.5137 15 -9.33826
      vertex 20.6617 27 -9.48629
      vertex 20.6617 15 -9.48629
    endloop
  endfacet
  facet normal -0.707178 0 -0.707035
    outer loop
      vertex 20.6617 27 -9.48629
      vertex 20.5137 15 -9.33826
      vertex 20.5137 27 -9.33826
    endloop
  endfacet
  facet normal 0.544585 0 -0.838705
    outer loop
      vertex 23 15 -9.73205
      vertex 23.1756 27 -9.61803
      vertex 23.1756 15 -9.61803
    endloop
  endfacet
  facet normal 0.544585 0 -0.838705
    outer loop
      vertex 23.1756 27 -9.61803
      vertex 23 15 -9.73205
      vertex 23 27 -9.73205
    endloop
  endfacet
  facet normal 0.933616 0 -0.358275
    outer loop
      vertex 23.9021 15 -8.61803
      vertex 23.8271 27 -8.81347
      vertex 23.9021 27 -8.61803
    endloop
  endfacet
  facet normal 0.933616 0 -0.358275
    outer loop
      vertex 23.8271 27 -8.81347
      vertex 23.9021 15 -8.61803
      vertex 23.8271 15 -8.81347
    endloop
  endfacet
  facet normal 0 1 0
    outer loop
      vertex 22.2091 27 -6.01096
      vertex 21.7909 27 -6.01096
      vertex 22 27 -6
    endloop
  endfacet
  facet normal 0 1 0
    outer loop
      vertex 22.4158 27 -6.0437
      vertex 21.7909 27 -6.01096
      vertex 22.2091 27 -6.01096
    endloop
  endfacet
  facet normal 0 1 0
    outer loop
      vertex 22.4158 27 -6.0437
      vertex 21.5842 27 -6.0437
      vertex 21.7909 27 -6.01096
    endloop
  endfacet
  facet normal 0 1 0
    outer loop
      vertex 22.618 27 -6.09789
      vertex 21.5842 27 -6.0437
      vertex 22.4158 27 -6.0437
    endloop
  endfacet
  facet normal 0 1 0
    outer loop
      vertex 22.618 27 -6.09789
      vertex 21.382 27 -6.09789
      vertex 21.5842 27 -6.0437
    endloop
  endfacet
  facet normal 0 1 0
    outer loop
      vertex 22.8135 27 -6.17291
      vertex 21.382 27 -6.09789
      vertex 22.618 27 -6.09789
    endloop
  endfacet
  facet normal 0 1 0
    outer loop
      vertex 22.8135 27 -6.17291
      vertex 21.1865 27 -6.17291
      vertex 21.382 27 -6.09789
    endloop
  endfacet
  facet normal 0 1 0
    outer loop
      vertex 23 27 -6.26795
      vertex 21.1865 27 -6.17291
      vertex 22.8135 27 -6.17291
    endloop
  endfacet
  facet normal 0 1 0
    outer loop
      vertex 23 27 -6.26795
      vertex 21 27 -6.26795
      vertex 21.1865 27 -6.17291
    endloop
  endfacet
  facet normal 0 1 0
    outer loop
      vertex 23.1756 27 -6.38197
      vertex 21 27 -6.26795
      vertex 23 27 -6.26795
    endloop
  endfacet
  facet normal 0 1 0
    outer loop
      vertex 23.1756 27 -6.38197
      vertex 20.8244 27 -6.38197
      vertex 21 27 -6.26795
    endloop
  endfacet
  facet normal 0 1 0
    outer loop
      vertex 23.3383 27 -6.51371
      vertex 20.8244 27 -6.38197
      vertex 23.1756 27 -6.38197
    endloop
  endfacet
  facet normal 0 1 0
    outer loop
      vertex 23.3383 27 -6.51371
      vertex 20.6617 27 -6.51371
      vertex 20.8244 27 -6.38197
    endloop
  endfacet
  facet normal 0 1 0
    outer loop
      vertex 23.4863 27 -6.66174
      vertex 20.6617 27 -6.51371
      vertex 23.3383 27 -6.51371
    endloop
  endfacet
  facet normal 0 1 0
    outer loop
      vertex 23.4863 27 -6.66174
      vertex 20.5137 27 -6.66174
      vertex 20.6617 27 -6.51371
    endloop
  endfacet
  facet normal 0 1 0
    outer loop
      vertex 23.618 27 -6.82443
      vertex 20.5137 27 -6.66174
      vertex 23.4863 27 -6.66174
    endloop
  endfacet
  facet normal 0 1 0
    outer loop
      vertex 23.618 27 -6.82443
      vertex 20.382 27 -6.82443
      vertex 20.5137 27 -6.66174
    endloop
  endfacet
  facet normal 0 1 0
    outer loop
      vertex 23.732 27 -7
      vertex 20.382 27 -6.82443
      vertex 23.618 27 -6.82443
    endloop
  endfacet
  facet normal 0 1 0
    outer loop
      vertex 23.732 27 -7
      vertex 20.268 27 -7
      vertex 20.382 27 -6.82443
    endloop
  endfacet
  facet normal 0 1 0
    outer loop
      vertex 23.8271 27 -7.18653
      vertex 20.268 27 -7
      vertex 23.732 27 -7
    endloop
  endfacet
  facet normal 0 1 0
    outer loop
      vertex 23.8271 27 -7.18653
      vertex 20.1729 27 -7.18653
      vertex 20.268 27 -7
    endloop
  endfacet
  facet normal 0 1 0
    outer loop
      vertex 23.9021 27 -7.38197
      vertex 20.1729 27 -7.18653
      vertex 23.8271 27 -7.18653
    endloop
  endfacet
  facet normal 0 1 0
    outer loop
      vertex 23.9021 27 -7.38197
      vertex 20.0979 27 -7.38197
      vertex 20.1729 27 -7.18653
    endloop
  endfacet
  facet normal 0 1 0
    outer loop
      vertex 23.9563 27 -7.58418
      vertex 20.0979 27 -7.38197
      vertex 23.9021 27 -7.38197
    endloop
  endfacet
  facet normal 0 1 0
    outer loop
      vertex 23.9563 27 -7.58418
      vertex 20.0437 27 -7.58418
      vertex 20.0979 27 -7.38197
    endloop
  endfacet
  facet normal 0 1 0
    outer loop
      vertex 23.989 27 -7.79094
      vertex 20.0437 27 -7.58418
      vertex 23.9563 27 -7.58418
    endloop
  endfacet
  facet normal 0 1 0
    outer loop
      vertex 23.989 27 -7.79094
      vertex 20.011 27 -7.79094
      vertex 20.0437 27 -7.58418
    endloop
  endfacet
  facet normal 0 1 0
    outer loop
      vertex 24 27 -8
      vertex 20.011 27 -7.79094
      vertex 23.989 27 -7.79094
    endloop
  endfacet
  facet normal 0 1 0
    outer loop
      vertex 24 27 -8
      vertex 20 27 -8
      vertex 20.011 27 -7.79094
    endloop
  endfacet
  facet normal 0 1 -0
    outer loop
      vertex 23.989 27 -8.20906
      vertex 20 27 -8
      vertex 24 27 -8
    endloop
  endfacet
  facet normal 0 1 0
    outer loop
      vertex 23.989 27 -8.20906
      vertex 20.011 27 -8.20906
      vertex 20 27 -8
    endloop
  endfacet
  facet normal 0 1 -0
    outer loop
      vertex 23.9563 27 -8.41582
      vertex 20.011 27 -8.20906
      vertex 23.989 27 -8.20906
    endloop
  endfacet
  facet normal 0 1 0
    outer loop
      vertex 23.9563 27 -8.41582
      vertex 20.0437 27 -8.41582
      vertex 20.011 27 -8.20906
    endloop
  endfacet
  facet normal 0 1 -0
    outer loop
      vertex 23.9021 27 -8.61803
      vertex 20.0437 27 -8.41582
      vertex 23.9563 27 -8.41582
    endloop
  endfacet
  facet normal 0 1 0
    outer loop
      vertex 23.9021 27 -8.61803
      vertex 20.0979 27 -8.61803
      vertex 20.0437 27 -8.41582
    endloop
  endfacet
  facet normal 0 1 -0
    outer loop
      vertex 23.8271 27 -8.81347
      vertex 20.0979 27 -8.61803
      vertex 23.9021 27 -8.61803
    endloop
  endfacet
  facet normal 0 1 0
    outer loop
      vertex 23.8271 27 -8.81347
      vertex 20.1729 27 -8.81347
      vertex 20.0979 27 -8.61803
    endloop
  endfacet
  facet normal 0 1 -0
    outer loop
      vertex 23.732 27 -9
      vertex 20.1729 27 -8.81347
      vertex 23.8271 27 -8.81347
    endloop
  endfacet
  facet normal 0 1 0
    outer loop
      vertex 23.732 27 -9
      vertex 20.268 27 -9
      vertex 20.1729 27 -8.81347
    endloop
  endfacet
  facet normal 0 1 -0
    outer loop
      vertex 23.618 27 -9.17557
      vertex 20.268 27 -9
      vertex 23.732 27 -9
    endloop
  endfacet
  facet normal 0 1 0
    outer loop
      vertex 23.618 27 -9.17557
      vertex 20.382 27 -9.17557
      vertex 20.268 27 -9
    endloop
  endfacet
  facet normal 0 1 -0
    outer loop
      vertex 23.4863 27 -9.33826
      vertex 20.382 27 -9.17557
      vertex 23.618 27 -9.17557
    endloop
  endfacet
  facet normal 0 1 0
    outer loop
      vertex 23.4863 27 -9.33826
      vertex 20.5137 27 -9.33826
      vertex 20.382 27 -9.17557
    endloop
  endfacet
  facet normal 0 1 -0
    outer loop
      vertex 23.3383 27 -9.48629
      vertex 20.5137 27 -9.33826
      vertex 23.4863 27 -9.33826
    endloop
  endfacet
  facet normal 0 1 0
    outer loop
      vertex 23.3383 27 -9.48629
      vertex 20.6617 27 -9.48629
      vertex 20.5137 27 -9.33826
    endloop
  endfacet
  facet normal 0 1 -0
    outer loop
      vertex 23.1756 27 -9.61803
      vertex 20.6617 27 -9.48629
      vertex 23.3383 27 -9.48629
    endloop
  endfacet
  facet normal 0 1 0
    outer loop
      vertex 23.1756 27 -9.61803
      vertex 20.8244 27 -9.61803
      vertex 20.6617 27 -9.48629
    endloop
  endfacet
  facet normal 0 1 -0
    outer loop
      vertex 23 27 -9.73205
      vertex 20.8244 27 -9.61803
      vertex 23.1756 27 -9.61803
    endloop
  endfacet
  facet normal 0 1 0
    outer loop
      vertex 23 27 -9.73205
      vertex 21 27 -9.73205
      vertex 20.8244 27 -9.61803
    endloop
  endfacet
  facet normal 0 1 -0
    outer loop
      vertex 22.8135 27 -9.82709
      vertex 21 27 -9.73205
      vertex 23 27 -9.73205
    endloop
  endfacet
  facet normal 0 1 0
    outer loop
      vertex 22.8135 27 -9.82709
      vertex 21.1865 27 -9.82709
      vertex 21 27 -9.73205
    endloop
  endfacet
  facet normal 0 1 -0
    outer loop
      vertex 22.618 27 -9.90211
      vertex 21.1865 27 -9.82709
      vertex 22.8135 27 -9.82709
    endloop
  endfacet
  facet normal 0 1 0
    outer loop
      vertex 22.618 27 -9.90211
      vertex 21.382 27 -9.90211
      vertex 21.1865 27 -9.82709
    endloop
  endfacet
  facet normal 0 1 -0
    outer loop
      vertex 22.4158 27 -9.9563
      vertex 21.382 27 -9.90211
      vertex 22.618 27 -9.90211
    endloop
  endfacet
  facet normal 0 1 0
    outer loop
      vertex 22.4158 27 -9.9563
      vertex 21.5842 27 -9.9563
      vertex 21.382 27 -9.90211
    endloop
  endfacet
  facet normal 0 1 -0
    outer loop
      vertex 22.2091 27 -9.98904
      vertex 21.5842 27 -9.9563
      vertex 22.4158 27 -9.9563
    endloop
  endfacet
  facet normal 0 1 0
    outer loop
      vertex 22.2091 27 -9.98904
      vertex 21.7909 27 -9.98904
      vertex 21.5842 27 -9.9563
    endloop
  endfacet
  facet normal -0 1 0
    outer loop
      vertex 21.7909 27 -9.98904
      vertex 22.2091 27 -9.98904
      vertex 22 27 -10
    endloop
  endfacet
  facet normal -0.0523433 0 -0.998629
    outer loop
      vertex 21.7909 15 -9.98904
      vertex 22 27 -10
      vertex 22 15 -10
    endloop
  endfacet
  facet normal -0.0523433 0 -0.998629
    outer loop
      vertex 22 27 -10
      vertex 21.7909 15 -9.98904
      vertex 21.7909 27 -9.98904
    endloop
  endfacet
  facet normal -0.998619 0 0.0525438
    outer loop
      vertex 20 15 -8
      vertex 20.011 27 -7.79094
      vertex 20 27 -8
    endloop
  endfacet
  facet normal -0.998619 0 0.0525438
    outer loop
      vertex 20.011 27 -7.79094
      vertex 20 15 -8
      vertex 20.011 15 -7.79094
    endloop
  endfacet
  facet normal -0.358262 0 -0.933621
    outer loop
      vertex 21.1865 15 -9.82709
      vertex 21.382 27 -9.90211
      vertex 21.382 15 -9.90211
    endloop
  endfacet
  facet normal -0.358262 0 -0.933621
    outer loop
      vertex 21.382 27 -9.90211
      vertex 21.1865 15 -9.82709
      vertex 21.1865 27 -9.82709
    endloop
  endfacet
  facet normal -0.544585 0 -0.838705
    outer loop
      vertex 20.8244 15 -9.61803
      vertex 21 27 -9.73205
      vertex 21 15 -9.73205
    endloop
  endfacet
  facet normal -0.544585 0 -0.838705
    outer loop
      vertex 21 27 -9.73205
      vertex 20.8244 15 -9.61803
      vertex 20.8244 27 -9.61803
    endloop
  endfacet
  facet normal 0.707178 0 -0.707035
    outer loop
      vertex 23.3383 15 -9.48629
      vertex 23.4863 27 -9.33826
      vertex 23.4863 15 -9.33826
    endloop
  endfacet
  facet normal 0.707178 0 -0.707035
    outer loop
      vertex 23.4863 27 -9.33826
      vertex 23.3383 15 -9.48629
      vertex 23.3383 27 -9.48629
    endloop
  endfacet
endsolid OpenSCAD_Model
